date,vix,us10y_yield,ticker,name,price,pct_change,p1,p2,p3,p4,p5,p6,total,zero_flag,rsi,vol_ratio,ma20,ma60,ma120,ma200,bb_position,fcf_yield,ret_60d,signal
2026-05-29,15.319999694824219,4.453000068664551,GOOGL,Alphabet Inc.,380.3399963378906,-2.51,30.0,18.5,8.0,12.5,14.5,5.0,88.5,False,52.89940775468978,1.62,391.1490005493164,340.4969721476237,329.42326736450195,299.6961567687988,0.0906,0.0061,26.5,STRONG_BUY
2026-05-29,15.319999694824219,4.453000068664551,AVGO,Broadcom Inc.,446.7699890136719,4.73,30.0,20.5,9.0,12.5,11.0,5.0,88.0,False,65.92368601988764,2.13,422.90549926757814,376.5020741780599,358.2336924235026,351.387781829834,1.1712,0.0121,34.54,STRONG_BUY
2026-05-29,15.319999694824219,4.453000068664551,MU,"Micron Technology, Inc.",971.0,5.14,29.0,20.5,9.0,12.5,12.0,5.0,88.0,False,78.01497166865343,1.08,751.4640014648437,534.1699523925781,442.0389101664225,338.5958794021606,0.9791,0.0026,144.66,STRONG_BUY
2026-05-29,15.319999694824219,4.453000068664551,NVDA,NVIDIA Corporation,211.13999938964844,-1.45,30.0,20.5,7.0,12.5,12.5,5.0,87.5,False,49.40979767208095,1.73,215.45800094604493,196.51584294637044,190.71600062052408,187.64101913452149,0.3907,0.0091,15.17,STRONG_BUY
2026-05-29,15.319999694824219,4.453000068664551,ADI,"Analog Devices, Inc.",413.8500061035156,-1.23,29.5,19.0,8.0,12.5,12.5,5.0,86.5,False,56.190439568463084,1.21,412.05499877929685,363.8451665242513,335.03600311279297,297.59099853515625,0.5373,0.0192,25.52,STRONG_BUY
2026-05-29,15.319999694824219,4.453000068664551,GOOG,Alphabet Inc.,376.42999267578125,-2.51,30.0,18.5,5.0,12.5,14.5,5.0,85.5,False,52.458789198965555,2.47,387.63599853515626,338.29413452148435,328.60714670817055,299.43854080200197,0.0789,0.0061,25.19,STRONG_BUY
2026-05-29,15.319999694824219,4.453000068664551,AMAT,"Applied Materials, Inc.",450.05999755859375,0.08,28.5,14.5,9.0,12.5,15.5,5.0,85.0,False,61.974198090844446,1.11,427.84960174560547,387.84850158691404,348.8506960550944,291.8601128387451,0.791,0.0085,30.04,STRONG_BUY
2026-05-29,15.319999694824219,4.453000068664551,WDC,Western Digital Corporation,531.2100219726562,0.01,30.0,17.5,7.5,12.5,12.0,5.0,84.5,False,71.7631145274604,1.1,484.9254974365234,377.4793317159017,303.5037371317546,230.40806930541993,0.89,0.0113,105.08,STRONG_BUY
2026-05-29,15.319999694824219,4.453000068664551,META,"Meta Platforms, Inc.",632.510009765625,-0.44,30.0,20.5,8.0,12.5,8.0,5.0,84.0,False,55.36341933378148,1.32,613.3255004882812,621.7028137207031,638.9018346150716,665.8260894775391,0.9624,0.0159,-4.17,STRONG_BUY
2026-05-29,15.319999694824219,4.453000068664551,LRCX,Lam Research Corporation,318.17999267578125,0.06,30.0,14.5,8.0,12.5,14.0,5.0,84.0,False,66.06798380291414,1.18,293.11199645996095,255.61466496785482,231.96634801228842,192.6186096572876,0.8348,0.0109,48.21,STRONG_BUY
2026-05-29,15.319999694824219,4.453000068664551,STX,Seagate Technology Holdings PLC,879.7999877929688,-0.1,27.5,17.5,9.0,12.5,12.0,5.0,83.5,False,74.44181296705125,1.11,797.8879943847656,577.734846496582,463.31466751098634,366.9560472106934,0.9273,0.0081,139.92,STRONG_BUY
2026-05-29,15.319999694824219,4.453000068664551,NXPI,NXP Semiconductors N.V.,321.3500061035156,-2.7,26.0,17.5,8.0,12.5,14.0,5.0,83.0,False,65.53748045829968,0.98,303.83350067138673,240.80196380615234,235.25404167175293,227.19120124816894,0.8034,0.0336,53.39,STRONG_BUY
2026-05-29,15.319999694824219,4.453000068664551,CSCO,"Cisco Systems, Inc.",120.41999816894531,1.5,26.5,14.5,10.0,12.5,13.5,5.0,82.0,False,75.73662529649025,1.49,107.85249977111816,90.5278771718343,84.02175534566244,78.27055515289307,0.7648,0.0196,51.32,BUY
2026-05-29,15.319999694824219,4.453000068664551,AMZN,"Amazon.com, Inc.",270.6400146484375,-1.23,26.5,14.5,9.5,12.5,12.5,5.0,80.5,False,59.69544985801347,1.38,268.7385009765625,241.00183385213217,233.4894167582194,231.5205500793457,0.6187,0.0034,23.61,BUY
2026-05-29,15.319999694824219,4.453000068664551,ASML,ASML Holding N.V. - New York Re,1612.760009765625,0.44,24.0,14.5,8.5,12.5,15.5,5.0,80.0,False,59.4836210187689,0.66,1540.9725036621094,1438.0137064615885,1361.366633605957,1191.7654586791991,0.7483,0.0133,18.12,BUY
2026-05-29,15.319999694824219,4.453000068664551,AMD,"Advanced Micro Devices, Inc.",516.0999755859375,-0.38,24.5,17.0,9.0,12.5,12.0,5.0,80.0,False,75.97582401895392,0.77,440.1050033569336,306.5570004781087,262.00383338928225,237.58250007629394,0.8838,0.0085,158.76,BUY
2026-05-29,15.319999694824219,4.453000068664551,TXN,Texas Instruments Incorporated,305.67999267578125,-3.25,26.0,17.0,6.5,12.5,12.5,5.0,79.5,False,61.04727087633152,2.22,299.6039703369141,241.55805486043295,218.98795280456542,201.27535789489747,0.6181,0.0038,55.18,BUY
2026-05-29,15.319999694824219,4.453000068664551,AAPL,Apple Inc.,312.05999755859375,-0.14,25.5,14.5,9.5,12.5,12.0,5.0,79.0,False,79.00388886514696,1.43,297.462825012207,271.92076670328777,269.1064594268799,262.7916431427002,0.8433,0.0221,20.0,BUY
2026-05-29,15.319999694824219,4.453000068664551,LITE,Lumentum Holdings Inc.,854.9600219726562,-0.66,20.5,17.5,6.0,12.5,17.5,5.0,79.0,False,45.31352612795382,1.02,939.6455017089844,828.0410003662109,639.1913335164388,457.9545251464844,0.134,0.0014,31.37,BUY
2026-05-29,15.319999694824219,4.453000068664551,ROST,"Ross Stores, Inc.",231.72999572753906,1.99,30.0,10.0,5.5,12.5,15.5,5.0,78.5,False,59.47105536037559,3.2,222.60549850463866,219.61395696004232,204.51238530476888,184.75311111450196,0.7737,0.0273,8.1,BUY
2026-05-29,15.319999694824219,4.453000068664551,APP,Applovin Corporation,613.0900268554688,2.2,30.0,14.5,6.5,12.5,10.0,5.0,78.5,False,73.8371301463545,1.15,498.61700134277345,460.42933553059896,510.133292388916,536.3709756469726,1.1523,0.0154,20.55,BUY
2026-05-29,15.319999694824219,4.453000068664551,MPWR,"Monolithic Power Systems, Inc.",1566.2099609375,-4.1,29.0,13.0,6.0,12.5,12.5,5.0,78.0,False,52.006601899235385,1.71,1589.5154968261718,1359.69255472819,1207.1193501790365,1092.082685546875,0.3886,0.0064,45.52,BUY
2026-05-29,15.319999694824219,4.453000068664551,VRTX,Vertex Pharmaceuticals Incorpor,447.5400085449219,-0.1,28.0,11.5,9.5,12.5,11.0,5.0,77.5,False,58.11148332032096,1.43,436.1265014648437,443.8513341267904,454.06016642252604,436.0668992614746,0.8191,0.0245,-2.88,BUY
2026-05-29,15.319999694824219,4.453000068664551,DXCM,"DexCom, Inc.",73.73999786376953,1.94,28.5,14.0,7.0,12.5,10.0,5.0,77.0,False,69.49925228796593,1.25,64.85349979400635,64.46883303324381,67.14874998728435,67.82920003890992,0.8867,0.0371,4.31,BUY
2026-05-29,15.319999694824219,4.453000068664551,GILD,"Gilead Sciences, Inc.",134.42999267578125,-1.31,30.0,11.5,6.0,12.5,11.5,5.0,76.5,False,52.21782030550692,2.62,132.8224998474121,136.69210306803384,135.05173886617024,127.71662792205811,0.6995,0.0475,-6.85,BUY
2026-05-29,15.319999694824219,4.453000068664551,BKR,Baker Hughes Company,63.880001068115234,-1.28,25.5,10.0,6.5,12.5,17.0,5.0,76.5,False,46.670403960636406,1.8,65.61848182678223,62.765249760945636,58.068040402730304,53.48749488830566,0.2353,0.0497,6.49,BUY
2026-05-29,15.319999694824219,4.453000068664551,EA,Electronic Arts Inc.,201.72000122070312,0.28,26.5,15.5,5.5,12.5,11.0,5.0,76.0,False,54.46483499238323,2.59,200.91006088256836,201.49115498860678,202.00046081542968,196.7720039367676,0.8325,0.0439,0.57,BUY
2026-05-29,15.319999694824219,4.453000068664551,KLAC,KLA Corporation,1921.7099609375,-0.31,20.5,14.5,8.0,12.5,15.5,5.0,76.0,False,58.06407559986532,1.13,1833.7214477539062,1680.914219156901,1536.8161153157553,1345.8588262939454,0.7653,0.0115,34.62,BUY
2026-05-29,15.319999694824219,4.453000068664551,QCOM,QUALCOMM Incorporated,251.02000427246094,3.18,21.5,17.0,7.5,12.5,12.0,5.0,75.5,False,69.98913018033915,0.99,211.92950057983398,160.26616694132488,159.3789555867513,161.33411170959474,0.9132,0.0362,83.23,BUY
2026-05-29,15.319999694824219,4.453000068664551,ABNB,"Airbnb, Inc.",133.30999755859375,-0.88,24.0,14.0,8.0,12.5,12.0,5.0,75.5,False,46.19098568452303,1.02,135.7150016784668,133.89983367919922,132.2882916132609,128.58772499084472,0.3242,0.0403,-1.87,BUY
2026-05-29,15.319999694824219,4.453000068664551,BKNG,Booking Holdings Inc. Common St,167.42999267578125,-1.41,30.0,16.0,7.5,12.5,4.5,5.0,75.5,False,52.38037938250631,1.12,162.32949981689453,171.26678009033202,183.73090108235678,194.14644050598145,0.7105,0.0545,-9.06,BUY
2026-05-29,15.319999694824219,4.453000068664551,MSFT,Microsoft Corporation,450.239990234375,5.45,26.0,18.5,6.5,12.5,6.0,5.0,74.5,False,70.0909995431366,2.28,416.9668533325195,402.0465321858724,423.91405080159507,456.41742736816406,1.3656,0.0111,9.87,BUY
2026-05-29,15.319999694824219,4.453000068664551,MCHP,Microchip Technology Incorporat,94.6500015258789,-1.45,19.5,17.5,7.5,12.5,12.5,5.0,74.5,False,56.27142333534277,1.0,95.85759773254395,79.28513507843017,75.56076641082764,69.77571859359742,0.4028,0.0222,40.28,BUY
2026-05-29,15.319999694824219,4.453000068664551,MDLZ,"Mondelez International, Inc.",61.16999816894531,-1.96,23.0,12.5,8.0,12.5,13.0,5.0,74.0,False,52.95118930769275,1.26,61.49799995422363,58.6944190343221,57.595447127024336,58.19211771011353,0.3078,0.0363,6.05,BUY
2026-05-29,15.319999694824219,4.453000068664551,NFLX,"Netflix, Inc.",86.0199966430664,-0.39,30.0,14.5,6.0,12.5,5.5,5.0,73.5,False,37.11864932256206,1.19,88.09949913024903,93.56933301289877,90.78833325703938,101.20061996459961,0.1743,0.0718,-13.26,BUY
2026-05-29,15.319999694824219,4.453000068664551,ARM,Arm Holdings plc,353.2900085449219,5.37,25.5,10.0,8.5,12.5,12.0,5.0,73.5,False,77.4917431870329,0.85,248.94150009155274,185.38958447774252,152.02770875295002,150.84182537078857,1.021,0.002,192.9,BUY
2026-05-29,15.319999694824219,4.453000068664551,ADSK,"Autodesk, Inc.",231.30999755859375,-4.0,30.0,17.5,4.0,12.5,4.5,5.0,73.5,False,42.16521287884948,3.33,240.61699981689452,241.3729995727539,254.08366661071778,274.9617501068115,0.0901,0.0627,-12.42,BUY
2026-05-29,15.319999694824219,4.453000068664551,SBUX,Starbucks Corporation,99.16000366210938,-1.58,19.5,11.5,7.5,12.5,16.5,5.0,72.5,False,39.15649942186881,1.12,104.34629859924317,98.78894081115723,94.6934362411499,90.22381526947021,-0.1139,-0.0115,1.07,BUY
2026-05-29,15.319999694824219,4.453000068664551,MRVL,"Marvell Technology, Inc.",205.0,0.08,17.5,15.5,8.0,12.5,14.0,5.0,72.5,False,69.50066543802242,1.22,180.4109992980957,136.99805323282877,109.84665819803874,98.37401861190796,0.9006,0.0127,171.01,BUY
2026-05-29,15.319999694824219,4.453000068664551,PLTR,Palantir Technologies Inc.,156.5399932861328,9.21,30.0,14.5,5.0,12.5,5.0,5.0,72.0,False,67.4241451269962,2.04,137.8072494506836,143.72808278401692,153.41904157002767,161.7840998840332,1.3015,0.0047,2.53,BUY
2026-05-29,15.319999694824219,4.453000068664551,MNST,Monster Beverage Corporation,88.08000183105469,0.1,25.5,8.5,6.5,12.5,13.5,5.0,71.5,False,65.84193519141893,1.62,84.31549987792968,78.24799995422363,78.69583346048991,74.2292501449585,0.6931,0.0196,14.84,HOLD
2026-05-29,15.319999694824219,4.453000068664551,ROP,"Roper Technologies, Inc.",325.5299987792969,1.81,30.0,15.5,6.0,12.5,2.0,5.0,71.0,False,42.53379548780191,1.23,332.0065002441406,347.14069213867185,371.6237309773763,417.88192169189455,0.3897,0.0661,-10.84,HOLD
2026-05-29,15.319999694824219,4.453000068664551,SNDK,Sandisk Corporation,1694.97998046875,3.25,19.0,13.0,9.5,12.5,12.0,5.0,71.0,False,72.22433963746697,0.6,1452.2249938964844,1005.7363311767579,721.1122493743896,488.2446249389648,0.9695,0.009,199.68,HOLD
2026-05-29,15.319999694824219,4.453000068664551,DDOG,"Datadog, Inc.",247.35000610351562,9.82,24.0,13.0,8.5,12.5,8.0,5.0,71.0,False,87.50543107502268,1.32,198.92800064086913,148.6755002339681,138.81862525939943,143.87620052337647,0.8944,0.0106,102.15,HOLD
2026-05-29,15.319999694824219,4.453000068664551,ADBE,Adobe Inc.,259.2099914550781,7.36,25.5,17.5,4.0,12.5,6.0,5.0,70.5,False,58.746976643664915,2.3,247.99550094604493,248.17300033569336,277.1629170735677,303.9291499328613,0.8857,0.089,-8.0,HOLD
2026-05-29,15.319999694824219,4.453000068664551,CSX,CSX Corporation,45.2599983215332,-0.9,19.0,11.5,8.0,12.5,14.0,5.0,70.0,False,52.32634735984813,2.08,45.33994884490967,42.75125942230225,40.38890339533488,37.973179025650026,0.4732,0.0134,10.33,HOLD
2026-05-29,15.319999694824219,4.453000068664551,COST,Costco Wholesale Corporation,956.3200073242188,-3.91,28.5,7.0,5.0,12.5,11.5,5.0,69.5,False,34.19204801085051,3.0,1024.1884857177733,1004.6472615559895,970.5807942708333,955.0701196289062,-0.0191,0.0183,-2.53,HOLD
2026-05-29,15.319999694824219,4.453000068664551,CDNS,"Cadence Design Systems, Inc.",374.92999267578125,0.29,21.5,8.5,10.0,12.5,12.0,5.0,69.5,False,66.10462738550405,1.49,358.35399932861327,317.2443339029948,313.0865834554036,323.0868502807617,0.8415,0.0145,25.04,HOLD
2026-05-29,15.319999694824219,4.453000068664551,FTNT,"Fortinet, Inc.",137.97000122070312,6.38,25.0,8.5,8.0,12.5,10.0,5.0,69.0,False,80.2279469574334,1.44,117.30850028991699,94.09816652933756,87.31608333587647,85.22740005493164,0.8135,0.0179,63.43,HOLD
2026-05-29,15.319999694824219,4.453000068664551,WDAY,"Workday, Inc.",146.19000244140625,12.45,28.5,17.5,2.0,12.5,3.0,5.0,68.5,False,66.34877366723256,2.06,126.24550018310546,127.82266667683919,156.02458318074545,185.89379981994628,1.2985,0.0864,-0.67,HOLD
2026-05-29,15.319999694824219,4.453000068664551,ISRG,"Intuitive Surgical, Inc.",424.6400146484375,0.24,30.0,11.5,9.0,12.5,0.5,5.0,68.5,False,40.08767712583785,1.49,438.1029998779297,459.19549967447915,496.02441736857094,495.04060119628906,0.2336,0.015,-14.51,HOLD
2026-05-29,15.319999694824219,4.453000068664551,AXON,"Axon Enterprise, Inc.",448.7200012207031,2.14,30.0,11.5,6.0,12.5,3.0,5.0,68.0,False,64.88418629922018,1.14,398.4255004882813,427.0824996948242,484.96425069173176,565.7515005493165,1.1699,0.0017,-21.34,HOLD
2026-05-29,15.319999694824219,4.453000068664551,LIN,Linde plc,497.69000244140625,-0.85,17.5,13.0,8.0,12.5,11.5,5.0,67.5,False,44.38426994428909,2.13,505.40449981689454,498.697959391276,473.28844731648763,463.45714462280273,0.2348,0.0204,1.9,HOLD
2026-05-29,15.319999694824219,4.453000068664551,CCEP,Coca-Cola Europacific Partners ,90.69000244140625,-1.73,27.0,8.5,3.5,12.5,10.5,5.0,67.0,False,42.37822434898169,1.56,92.41108055114746,94.32679913838705,93.86750062306722,91.42053146362305,0.2108,0.0435,-9.86,HOLD
2026-05-29,15.319999694824219,4.453000068664551,AMGN,Amgen Inc.,336.7900085449219,0.09,17.5,11.5,8.0,12.5,11.5,5.0,66.0,False,51.23387066268981,1.1,331.1947082519531,344.0453582763672,342.942307027181,323.71600952148435,0.7796,0.0409,-7.69,HOLD
2026-05-29,15.319999694824219,4.453000068664551,PANW,"Palo Alto Networks, Inc.",281.69000244140625,9.28,22.5,10.0,7.5,12.5,8.0,5.0,65.5,False,80.4659940547069,1.77,228.41599960327147,187.25833384195963,181.65108375549318,189.40910018920897,0.9371,0.0125,72.65,HOLD
2026-05-29,15.319999694824219,4.453000068664551,INTU,Intuit Inc.,331.5299987792969,5.92,25.0,17.5,4.5,12.5,0.5,5.0,65.0,False,40.1075474504564,1.64,369.5220001220703,401.6810012817383,471.7420018513997,548.3192892456054,0.2544,0.0577,-28.76,HOLD
2026-05-29,15.319999694824219,4.453000068664551,MAR,Marriott International,375.6000061035156,-2.63,16.5,11.5,5.5,12.5,14.0,5.0,65.0,False,60.81594844135626,1.64,360.96205444335936,347.59473978678386,334.8346138000488,309.41722549438475,0.8023,0.0181,13.0,HOLD
2026-05-29,15.319999694824219,4.453000068664551,ALNY,"Alnylam Pharmaceuticals, Inc.",301.9800109863281,-1.01,22.5,16.0,4.0,12.5,4.5,5.0,64.5,False,51.01684103420662,2.27,295.65350036621095,310.6470006306966,338.63024978637696,385.64125,0.7887,0.0051,-5.78,HOLD
2026-05-29,15.319999694824219,4.453000068664551,AEP,American Electric Power Company,126.66999816894531,-0.85,16.0,10.0,7.5,12.5,13.0,5.0,64.0,False,40.4386053374895,1.13,130.2074062347412,131.15831413269044,125.00028870900472,120.17076541900634,0.1845,-0.1009,-3.37,HOLD
2026-05-29,15.319999694824219,4.453000068664551,PCAR,PACCAR Inc.,110.37000274658203,-1.65,17.0,14.0,6.5,12.5,8.5,5.0,63.5,False,40.352773835803774,1.4,112.24237594604492,117.1899969736735,117.97260284423828,109.62004039764405,0.2558,0.0256,-10.24,HOLD
2026-05-29,15.319999694824219,4.453000068664551,PEP,"Pepsico, Inc.",144.19000244140625,-1.44,24.0,10.0,6.0,12.5,6.0,5.0,63.5,False,34.980142815316555,1.84,150.7134994506836,154.13928298950196,152.9602113087972,149.05949745178222,0.0665,0.0444,-9.47,HOLD
2026-05-29,15.319999694824219,4.453000068664551,CEG,Constellation Energy Corporatio,287.75,0.5,28.0,5.5,7.0,12.5,4.5,5.0,62.5,False,48.563102154541426,0.73,292.05245208740234,295.45666656494143,307.37680600484214,322.29019477844236,0.4427,-0.0431,-13.1,HOLD
2026-05-29,15.319999694824219,4.453000068664551,CHTR,"Charter Communications, Inc.",144.0500030517578,-2.18,20.5,17.5,3.5,12.5,3.5,5.0,62.5,False,34.24380959163071,1.22,149.94449920654296,194.38483352661132,203.81058349609376,220.83130027770997,0.3268,0.1182,-37.35,HOLD
2026-05-29,15.319999694824219,4.453000068664551,TMUS,"T-Mobile US, Inc.",187.52999877929688,-0.24,18.5,19.0,4.0,12.5,3.5,5.0,62.5,False,43.105097963960134,1.69,190.4515182495117,198.48418401082355,198.86625595092772,209.67824172973633,0.2187,0.0549,-14.51,HOLD
2026-05-29,15.319999694824219,4.453000068664551,SHOP,Shopify Inc.,118.70999908447266,3.2,18.5,13.0,7.5,12.5,6.0,5.0,62.5,False,58.82315544651068,0.81,107.37150001525879,117.59200019836426,130.86175003051758,139.62374992370604,0.8175,0.0082,-11.93,HOLD
2026-05-29,15.319999694824219,4.453000068664551,REGN,"Regeneron Pharmaceuticals, Inc.",614.780029296875,-1.08,20.0,14.0,6.0,12.5,4.5,5.0,62.0,False,27.433120625949698,1.95,675.0720397949219,725.2372304280599,744.446457417806,692.9158987426758,0.1326,0.0508,-19.51,HOLD
2026-05-29,15.319999694824219,4.453000068664551,WMT,Walmart Inc.,115.75,-2.65,19.5,7.0,6.0,12.5,11.5,5.0,61.5,False,28.955711194729503,1.97,127.36330871582031,125.8817584991455,122.64754422505696,114.60417415618896,0.01,0.0074,-5.76,HOLD
2026-05-29,15.319999694824219,4.453000068664551,SNPS,"Synopsys, Inc.",475.6199951171875,-1.04,17.0,8.5,6.0,12.5,12.5,5.0,61.5,False,43.657842516740885,1.81,505.14649963378906,455.66600189208987,461.4957524617513,469.03435134887695,-0.0053,0.0389,7.53,HOLD
2026-05-29,15.319999694824219,4.453000068664551,FAST,Fastenal Company,44.20000076293945,-1.25,19.5,7.0,8.0,12.5,9.5,5.0,61.5,False,48.73348980793366,1.22,44.09699974060059,44.989600563049315,44.14117422103882,44.23244758605957,0.5468,0.0178,-6.06,HOLD
2026-05-29,15.319999694824219,4.453000068664551,ADP,"Automatic Data Processing, Inc.",221.83999633789062,0.9,20.0,13.0,6.0,12.5,4.5,5.0,61.0,False,59.457351097252186,1.22,215.72700042724608,208.53660837809244,225.54207089742025,245.8840089416504,0.7889,0.0536,0.44,HOLD
2026-05-29,15.319999694824219,4.453000068664551,ORLY,"O'Reilly Automotive, Inc.",86.87999725341797,-2.63,21.5,11.5,6.0,12.5,4.0,5.0,60.5,False,34.962149799276744,1.82,91.69949913024902,92.08666623433432,93.25958302815755,96.56124980926514,0.0191,0.0185,-7.93,HOLD
2026-05-29,15.319999694824219,4.453000068664551,KHC,The Kraft Heinz Company,24.010000228881836,-1.88,12.5,14.5,6.0,12.5,9.5,5.0,60.0,False,59.77518083563824,1.39,23.41800012588501,22.808500003814697,23.245570119222005,23.93956880569458,0.7592,0.1128,0.76,HOLD
2026-05-29,15.319999694824219,4.453000068664551,MELI,"MercadoLibre, Inc.",1695.6500244140625,0.01,18.0,14.0,6.0,12.5,4.5,5.0,60.0,False,49.98228796623802,1.0,1679.3250244140625,1726.7578389485677,1876.5695882161458,2026.41810546875,0.5387,-0.0477,-4.76,HOLD
2026-05-29,15.319999694824219,4.453000068664551,IDXX,"IDEXX Laboratories, Inc.",563.530029296875,-0.79,24.5,7.0,6.0,12.5,4.5,5.0,59.5,False,52.554371660619175,2.12,552.9699981689453,569.3871643066407,622.8551645914714,638.2537979125976,0.6735,0.0177,-8.95,WEAK
2026-05-29,15.319999694824219,4.453000068664551,CTSH,Cognizant Technology Solutions ,55.7599983215332,3.55,18.5,17.5,3.0,12.5,3.0,5.0,59.5,False,59.717258578536175,1.67,50.83191318511963,56.83634427388509,67.12238152821858,68.12805908203126,0.9637,0.0724,-14.63,WEAK
2026-05-29,15.319999694824219,4.453000068664551,TRI,Thomson Reuters Corp,86.51000213623047,2.39,21.5,14.0,3.5,12.5,3.0,5.0,59.5,False,49.155261461451246,0.72,87.24282684326172,89.86968307495117,100.56978549957276,120.90544258117676,0.4606,0.0444,-19.12,WEAK
2026-05-29,15.319999694824219,4.453000068664551,VRSK,"Verisk Analytics, Inc.",174.99000549316406,1.26,19.0,11.5,5.5,12.5,4.5,5.0,58.0,False,52.26484195380285,1.42,170.9995018005371,182.24464899698893,195.37301419576008,213.51378501892088,0.6672,0.0412,-16.94,WEAK
2026-05-29,15.319999694824219,4.453000068664551,PYPL,"PayPal Holdings, Inc.",44.75,0.65,15.0,16.0,5.5,12.5,4.0,5.0,58.0,False,42.62861596406877,1.2,45.430999755859375,46.40266653696696,49.55912618637085,56.580908641815185,0.4092,0.1034,-6.07,WEAK
2026-05-29,15.319999694824219,4.453000068664551,HON,Honeywell International Inc.,237.86000061035156,2.09,9.0,11.5,9.5,12.5,10.0,5.0,57.5,False,71.6935527705595,1.29,219.481787109375,223.9664655049642,219.9341692606608,210.1124006652832,1.0359,0.0195,0.33,WEAK
2026-05-29,15.319999694824219,4.453000068664551,INTC,Intel Corporation,114.68000030517578,-5.14,3.5,17.0,7.0,12.5,12.5,5.0,57.5,False,59.188292437909205,1.35,115.16349983215332,76.30116653442383,60.007833321889244,49.16695000648499,0.4857,-0.0144,149.58,WEAK
2026-05-29,15.319999694824219,4.453000068664551,PDD,PDD Holdings Inc.,84.44000244140625,1.7,20.5,16.0,0.5,12.5,2.5,5.0,57.0,False,32.25694465686472,3.14,95.79450035095215,99.11916681925456,103.88225021362305,113.2323500442505,-0.0431,0.5961,-16.18,WEAK
2026-05-29,15.319999694824219,4.453000068664551,CTAS,Cintas Corporation,171.25999450683594,-1.04,20.0,10.0,5.0,12.5,4.5,5.0,57.0,False,49.43940869601269,2.04,169.20584259033203,176.22364934285483,183.95652809143067,188.40220413208007,0.6589,0.022,-16.04,WEAK
2026-05-29,15.319999694824219,4.453000068664551,TSLA,"Tesla, Inc.",435.7900085449219,-1.43,13.5,7.0,7.0,12.5,11.5,5.0,56.5,False,60.04228081620633,0.86,421.3945007324219,392.8598337809245,414.60500055948893,412.12795028686526,0.6899,0.0032,7.46,WEAK
2026-05-29,15.319999694824219,4.453000068664551,PAYX,"Paychex, Inc.",96.9800033569336,1.54,18.5,13.0,4.0,12.5,3.0,5.0,56.0,False,61.301078585431696,1.81,93.15964736938477,91.76927947998047,97.44888807932536,107.02931842803955,0.9256,,-0.16,WEAK
2026-05-29,15.319999694824219,4.453000068664551,INSM,Insmed Incorporated,106.91000366210938,-1.35,15.0,14.0,5.5,12.5,3.5,5.0,55.5,False,36.40788220185854,1.04,114.37900009155274,135.76499989827474,151.07741686503093,155.87649990081786,0.3511,-0.0262,-25.53,WEAK
2026-05-29,15.319999694824219,4.453000068664551,DASH,"DoorDash, Inc.",159.2899932861328,1.65,19.0,7.0,6.0,12.5,4.5,5.0,54.0,False,47.52525179239416,1.04,160.87149963378906,164.10641606648764,184.55720812479655,208.54464973449706,0.4432,0.0331,-13.18,WEAK
2026-05-29,15.319999694824219,4.453000068664551,XEL,Xcel Energy Inc.,79.5,0.3,12.5,10.0,4.0,12.5,10.0,5.0,54.0,False,47.318232212547414,2.54,80.17200012207032,80.0816598256429,78.07060356140137,77.3540461730957,0.3453,-0.1505,-2.78,WEAK
2026-05-29,15.319999694824219,4.453000068664551,ZS,"Zscaler, Inc.",139.72999572753906,7.45,19.5,13.0,1.0,12.5,2.5,5.0,53.5,False,44.451136888833396,1.78,154.3944984436035,145.81916618347168,174.29079151153564,221.5388251876831,0.2891,0.0491,-13.73,WEAK
2026-05-29,15.319999694824219,4.453000068664551,FER,Ferrovial N.V.,68.01000213623047,-0.42,8.5,4.0,8.5,12.5,14.5,5.0,53.0,False,49.754671315155385,0.88,68.18362121582031,66.95191923777263,67.43763440450033,64.09241268157959,0.4683,0.0066,2.12,WEAK
2026-05-29,15.319999694824219,4.453000068664551,KDP,Keurig Dr Pepper Inc.,30.030000686645508,-0.03,7.0,12.5,6.0,12.5,10.0,5.0,53.0,False,65.35531713431713,1.82,29.13000020980835,27.629567527770995,27.894358539581297,27.71394362449646,0.968,-0.4001,8.0,WEAK
2026-05-29,15.319999694824219,4.453000068664551,GEHC,GE HealthCare Technologies Inc.,62.34000015258789,-0.83,14.0,11.5,6.0,12.5,3.5,5.0,52.5,False,41.266060984295684,0.99,62.404750442504884,68.31986408233642,75.38123642603556,75.30777738571167,0.487,0.0523,-19.12,WEAK
2026-05-29,15.319999694824219,4.453000068664551,CPRT,"Copart, Inc.",32.77000045776367,-1.53,18.5,7.0,4.5,12.5,4.0,5.0,51.5,False,44.95445401669456,1.78,33.27250003814697,33.576666895548506,36.322583484649655,39.597600078582765,0.2387,0.033,-13.81,WEAK
2026-05-29,15.319999694824219,4.453000068664551,FANG,"Diamondback Energy, Inc.",191.47999572753906,-1.37,11.0,4.0,5.0,12.5,13.5,5.0,51.0,False,43.3518134007771,1.94,199.20648422241212,192.5886344909668,174.7443327585856,161.45439895629883,0.2115,0.0259,7.54,WEAK
2026-05-29,15.319999694824219,4.453000068664551,MSTR,Strategy Inc,159.08999633789062,4.91,14.0,11.5,3.5,12.5,4.5,5.0,51.0,False,45.799013375270654,1.27,173.5784996032715,153.2245002746582,152.73591709136963,207.6980002975464,0.2227,-0.1557,13.79,WEAK
2026-05-29,15.319999694824219,4.453000068664551,ODFL,"Old Dominion Freight Line, Inc.",225.14999389648438,1.94,6.0,7.0,6.0,12.5,14.0,5.0,50.5,False,67.376900839489,1.97,204.35399856567383,202.032666015625,189.43095537821452,170.27429821014405,1.0076,0.0184,6.87,WEAK
2026-05-29,15.319999694824219,4.453000068664551,CMCSA,Comcast Corporation,24.8700008392334,-1.15,17.0,5.5,6.0,12.5,3.5,5.0,49.5,False,35.088662676261464,1.6,25.44499988555908,27.715405718485513,28.163640356063844,27.964549322128295,0.314,0.0452,-20.38,SELL
2026-05-29,15.319999694824219,4.453000068664551,CRWD,"CrowdStrike Holdings, Inc.",731.0,8.94,10.5,5.5,8.0,12.5,8.0,5.0,49.5,False,83.80335169799693,1.49,582.2215026855469,474.4909993489583,460.43341674804685,470.24105041503907,0.958,0.0086,71.53,PARTIAL_SELL
2026-05-29,15.319999694824219,4.453000068664551,EXC,Exelon Corporation,45.63999938964844,0.13,7.0,8.5,6.5,12.5,9.5,5.0,49.0,False,49.47258932399208,1.97,45.11649990081787,47.154666646321616,45.87971518834432,45.39461862564087,0.6354,-0.0601,-6.42,SELL
2026-05-29,15.319999694824219,4.453000068664551,WBD,"Warner Bros. Discovery, Inc. - ",27.010000228881836,-0.11,8.5,5.5,5.5,12.5,12.0,5.0,49.0,False,45.41361721874007,1.53,27.11500015258789,27.285166645050047,27.81783332824707,24.113100051879883,0.2732,0.2727,-3.54,SELL
2026-05-29,15.319999694824219,4.453000068664551,TTWO,"Take-Two Interactive Software, ",224.16000366210938,2.89,10.5,8.5,6.0,12.5,3.5,5.0,46.0,False,50.64569463537866,2.42,227.66400070190429,212.9548334757487,222.15633366902668,231.79604988098146,0.4011,0.0348,5.47,PARTIAL_SELL
2026-06-01,16.049999237060547,4.474999904632568,AVGO,Broadcom Inc.,459.9700012207031,2.95,30.0,20.5,10.0,12.5,14.0,5.0,92.0,False,69.75281985139075,1.43,424.8399993896484,378.63368428548176,358.8277806599935,352.1509948730469,1.2238,0.0117,39.47,STRONG_BUY
2026-06-01,16.049999237060547,4.474999904632568,GOOGL,Alphabet Inc.,376.3699951171875,-1.04,30.0,18.5,9.5,12.5,14.5,5.0,90.0,False,49.77514270141174,0.94,390.6830001831055,341.75866648356117,329.8860664367676,300.57047752380373,0.0097,0.0061,26.17,STRONG_BUY
2026-06-01,16.049999237060547,4.474999904632568,NVDA,NVIDIA Corporation,224.36000061035156,6.26,30.0,20.5,8.5,12.5,12.5,5.0,89.0,False,60.39116835194176,1.16,216.75350112915038,197.19967498779297,191.06566619873047,187.85502014160156,0.7065,0.0085,26.18,STRONG_BUY
2026-06-01,16.049999237060547,4.474999904632568,GOOG,Alphabet Inc.,372.5799865722656,-1.02,30.0,18.5,7.5,12.5,14.5,5.0,88.0,False,49.33864687196421,0.87,387.1039978027344,339.49216512044273,329.0315350850423,300.28857231140137,0.0098,0.0062,24.99,STRONG_BUY
2026-06-01,16.049999237060547,4.474999904632568,MU,"Micron Technology, Inc.",1035.5,6.64,29.0,20.5,10.0,12.5,10.0,5.0,87.0,False,80.72552245114991,0.81,776.1285003662109,544.8135645548502,448.6928714752197,343.15292934417727,1.0399,0.0025,179.76,STRONG_BUY
2026-06-01,16.049999237060547,4.474999904632568,STX,Seagate Technology Holdings PLC,921.260009765625,4.71,27.5,19.0,10.0,12.5,12.0,5.0,86.0,False,77.825932762381,0.83,807.6044952392579,586.9775080362956,468.6786984761556,370.78361770629886,1.0435,0.0077,161.58,STRONG_BUY
2026-06-01,16.049999237060547,4.474999904632568,LRCX,Lam Research Corporation,317.1199951171875,-0.33,30.0,14.5,9.0,12.5,14.0,5.0,85.0,False,65.3377296008865,0.87,296.13199615478516,257.32199834187827,233.28809725443523,193.67307327270507,0.8023,0.011,59.09,STRONG_BUY
2026-06-01,16.049999237060547,4.474999904632568,ADI,"Analog Devices, Inc.",402.69000244140625,-2.7,29.5,17.5,8.0,12.5,12.5,5.0,85.0,False,50.79226687834031,0.93,412.30499877929685,365.06133321126305,336.063210550944,298.42882583618166,0.2954,0.0197,27.51,STRONG_BUY
2026-06-01,16.049999237060547,4.474999904632568,ROST,"Ross Stores, Inc.",224.07000732421875,-3.31,30.0,10.0,9.0,12.5,18.5,5.0,85.0,False,50.91930298757551,0.8,222.36699905395508,219.7755500793457,204.90389048258464,185.12735816955566,0.5518,0.0282,6.04,STRONG_BUY
2026-06-01,16.049999237060547,4.474999904632568,NXPI,NXP Semiconductors N.V.,311.3800048828125,-3.1,28.0,17.5,9.0,12.5,12.5,5.0,84.5,False,59.64715912273135,0.74,304.64050140380857,242.500084177653,235.9675017038981,227.61178787231447,0.6172,0.0347,55.15,STRONG_BUY
2026-06-01,16.049999237060547,4.474999904632568,WDC,Western Digital Corporation,546.2000122070312,2.82,29.0,17.5,8.5,12.5,12.0,5.0,84.5,False,74.21657058332472,0.83,490.6594985961914,382.2654986063639,306.64866053263347,232.75964847564697,0.9646,0.011,122.71,STRONG_BUY
2026-06-01,16.049999237060547,4.474999904632568,AMAT,"Applied Materials, Inc.",458.1700134277344,1.8,28.5,14.5,10.0,12.5,14.0,5.0,84.5,False,64.3880541472457,0.78,431.32825775146483,389.71633961995445,350.44099820454915,293.20773170471193,0.8759,0.0084,41.26,STRONG_BUY
2026-06-01,16.049999237060547,4.474999904632568,TXN,Texas Instruments Incorporated,293.20001220703125,-4.08,28.0,17.0,8.0,12.5,12.5,5.0,83.0,False,52.847715441476865,1.22,300.2840042114258,243.16173604329427,219.92762451171876,201.79448112487793,0.3535,0.004,52.51,STRONG_BUY
2026-06-01,16.049999237060547,4.474999904632568,AAPL,Apple Inc.,306.30999755859375,-1.84,25.5,14.5,9.5,12.5,15.5,5.0,82.5,False,67.17304351692718,0.93,298.78421783447266,272.69175974527997,269.3401844024658,263.15983436584474,0.6891,0.0225,19.08,BUY
2026-06-01,16.049999237060547,4.474999904632568,BKR,Baker Hughes Company,62.970001220703125,-1.42,25.5,10.0,9.0,12.5,20.0,5.0,82.0,False,43.98679591502645,0.72,65.32250022888184,62.81492652893066,58.185692596435544,53.59061756134033,0.1211,0.0504,5.64,BUY
2026-06-01,16.049999237060547,4.474999904632568,CSCO,"Cisco Systems, Inc.",121.33000183105469,0.76,26.5,14.5,10.0,12.5,13.5,5.0,82.0,False,76.49533507136822,0.83,109.32649993896484,91.22373072306316,84.390030225118,78.53105598449707,0.7586,0.0194,55.12,BUY
2026-06-01,16.049999237060547,4.474999904632568,AMZN,"Amazon.com, Inc.",261.260009765625,-3.47,26.5,14.5,8.5,12.5,14.5,5.0,81.5,False,48.9476393449609,1.31,268.3885009765625,241.7071673075358,233.7538335164388,231.70405014038087,0.0895,0.0035,22.54,BUY
2026-06-01,16.049999237060547,4.474999904632568,MPWR,"Monolithic Power Systems, Inc.",1542.3900146484375,-1.52,30.0,13.0,8.5,12.5,12.5,5.0,81.5,False,49.94376342724278,0.88,1587.4609985351562,1367.4609202067056,1211.9748087565104,1095.5090469360352,0.2887,0.0065,51.05,BUY
2026-06-01,16.049999237060547,4.474999904632568,EA,Electronic Arts Inc.,202.0,0.14,26.5,15.5,10.0,12.5,11.0,5.0,80.5,False,56.9566268205021,0.7,200.91510620117188,201.51498260498047,201.98767077128093,196.89350219726563,0.939,0.0438,2.12,BUY
2026-06-01,16.049999237060547,4.474999904632568,ASML,ASML Holding N.V. - New York Re,1628.5699462890625,0.98,24.0,14.5,8.5,12.5,15.5,5.0,80.0,False,60.852906839627835,0.65,1551.05,1442.400244140625,1365.8078119913737,1196.1503244018554,0.7787,0.0131,26.25,BUY
2026-06-01,16.049999237060547,4.474999904632568,META,"Meta Platforms, Inc.",600.469970703125,-5.07,30.0,20.5,6.5,12.5,5.5,5.0,80.0,False,41.61836704340467,1.8,612.9114990234375,620.7105641682942,638.3032877604167,664.9371768188477,0.2099,0.0168,-6.8,BUY
2026-06-01,16.049999237060547,4.474999904632568,APP,Applovin Corporation,613.7000122070312,0.1,30.0,14.5,7.5,12.5,10.0,5.0,79.5,False,73.90270719389143,0.78,506.302001953125,462.1816691080729,509.48129247029624,537.2074757385254,1.039,0.0154,22.22,BUY
2026-06-01,16.049999237060547,4.474999904632568,AMD,"Advanced Micro Devices, Inc.",510.1300048828125,-1.16,24.5,17.0,8.0,12.5,12.0,5.0,79.0,False,73.70216670608255,0.83,447.5845031738281,311.73500061035156,264.4385000864665,239.2110501098633,0.8249,0.0086,165.1,BUY
2026-06-01,16.049999237060547,4.474999904632568,GILD,"Gilead Sciences, Inc.",131.10000610351562,-2.48,30.0,11.5,9.0,12.5,10.5,5.0,78.5,False,44.45570971649716,0.9,132.79500045776368,136.47176335652668,135.14636739095053,127.7828316116333,0.2918,0.0487,-8.4,BUY
2026-06-01,16.049999237060547,4.474999904632568,QCOM,QUALCOMM Incorporated,228.99000549316406,-8.78,21.5,17.0,8.5,12.5,13.5,5.0,78.0,False,59.41214305450702,0.72,214.52850112915038,161.79933369954426,159.83974901835123,161.7094413757324,0.6611,0.0397,68.76,BUY
2026-06-01,16.049999237060547,4.474999904632568,DXCM,"DexCom, Inc.",74.87000274658203,1.53,28.5,14.0,8.0,12.5,10.0,5.0,78.0,False,71.15446152524386,0.85,65.5295000076294,64.53849970499674,67.22691669464112,67.80375005722046,0.8831,0.0366,9.94,BUY
2026-06-01,16.049999237060547,4.474999904632568,ADSK,"Autodesk, Inc.",248.16000366210938,7.28,30.0,17.5,6.0,12.5,6.0,5.0,77.0,False,56.48540376224197,1.51,240.80749969482423,241.10699971516928,253.5955000559489,274.76750007629397,0.8132,0.0584,-4.92,BUY
2026-06-01,16.049999237060547,4.474999904632568,KLAC,KLA Corporation,1940.0400390625,0.95,20.5,14.5,9.0,12.5,15.5,5.0,77.0,False,59.30584016052919,0.73,1844.5204711914062,1689.4559204101563,1542.888633219401,1350.8420245361328,0.7914,0.0114,44.47,BUY
2026-06-01,16.049999237060547,4.474999904632568,MCHP,Microchip Technology Incorporat,91.5199966430664,-3.31,19.5,17.5,7.5,12.5,14.5,5.0,76.5,False,50.11921762174066,0.97,95.75955696105957,79.68594570159912,75.78094933827718,69.91325046539306,0.1701,0.023,42.01,BUY
2026-06-01,16.049999237060547,4.474999904632568,PLTR,Palantir Technologies Inc.,160.64999389648438,2.63,30.0,14.5,6.5,12.5,8.0,5.0,76.5,False,69.9646875939551,1.22,138.63624877929686,143.86108271280924,153.24312489827474,161.66549987792968,1.2176,0.0046,2.22,BUY
2026-06-01,16.049999237060547,4.474999904632568,BKNG,Booking Holdings Inc. Common St,169.25,1.09,30.0,16.0,8.5,12.5,4.5,5.0,76.5,False,54.64787785340213,0.83,162.3104995727539,171.01909332275392,183.41291389465331,193.90952728271483,0.7875,0.0539,-7.01,BUY
2026-06-01,16.049999237060547,4.474999904632568,VRTX,Vertex Pharmaceuticals Incorpor,438.3999938964844,-2.04,28.0,11.5,10.0,12.5,9.5,5.0,76.5,False,50.06798159506968,0.83,436.8505004882812,443.4776672363281,453.91783294677737,436.27929916381834,0.5457,0.025,-4.0,BUY
2026-06-01,16.049999237060547,4.474999904632568,MSFT,Microsoft Corporation,460.5199890136719,2.28,26.0,18.5,8.0,12.5,6.0,5.0,76.0,False,73.32367189170695,1.45,419.3156372070313,402.8919916788737,423.7432352701823,456.1377537536621,1.2558,0.0108,12.85,BUY
2026-06-01,16.049999237060547,4.474999904632568,ABNB,"Airbnb, Inc.",137.8699951171875,3.42,21.0,14.0,8.0,12.5,15.0,5.0,75.5,False,55.307250630766,1.02,135.5255012512207,133.93350016276042,132.4012082417806,128.65432495117187,0.685,0.039,3.48,BUY
2026-06-01,16.049999237060547,4.474999904632568,LITE,Lumentum Holdings Inc.,905.0,5.85,20.5,17.5,6.0,12.5,12.5,5.0,74.0,False,50.28552239303574,1.21,937.3990020751953,832.277333577474,643.9712501525879,461.8783751296997,0.361,0.0013,62.06,BUY
2026-06-01,16.049999237060547,4.474999904632568,MDLZ,"Mondelez International, Inc.",61.04999923706055,-0.2,23.0,12.5,8.0,12.5,13.0,5.0,74.0,False,52.09599403288057,1.15,61.48199996948242,58.750575637817384,57.654679934183754,58.19433773040772,0.2531,0.0363,5.44,BUY
2026-06-01,16.049999237060547,4.474999904632568,NFLX,"Netflix, Inc.",85.8499984741211,-0.2,30.0,14.5,6.0,12.5,5.5,5.0,73.5,False,36.6658246917526,0.97,87.78899917602538,93.34733301798502,90.66841659545898,101.02764995574951,0.1471,0.0719,-13.3,BUY
2026-06-01,16.049999237060547,4.474999904632568,ROP,"Roper Technologies, Inc.",344.25,5.75,30.0,15.5,6.0,12.5,4.5,5.0,73.5,False,56.559966695393264,1.07,331.3080001831055,346.7933705647786,370.7799031575521,417.00680450439455,0.7367,0.0625,-6.09,BUY
2026-06-01,16.049999237060547,4.474999904632568,MNST,Monster Beverage Corporation,89.0999984741211,1.16,25.5,8.5,8.0,12.5,13.5,5.0,73.0,False,68.13289280676804,0.94,84.91449966430665,78.45466664632161,78.82383346557617,74.35400012969971,0.7239,0.0193,17.84,BUY
2026-06-01,16.049999237060547,4.474999904632568,CSX,CSX Corporation,45.86000061035156,1.33,19.0,11.5,10.0,12.5,14.0,5.0,72.0,False,56.12314391909961,1.12,45.38533878326416,42.831855392456056,40.47048438390096,38.02459160804749,0.6583,0.0133,15.15,BUY
2026-06-01,16.049999237060547,4.474999904632568,COST,Costco Wholesale Corporation,946.1099853515625,-1.07,28.5,7.0,8.5,12.5,9.5,5.0,71.0,False,32.46264128735368,1.17,1020.908984375,1004.0633219401042,971.0303405761719,954.9270739746094,-0.0053,0.0185,-5.07,HOLD
2026-06-01,16.049999237060547,4.474999904632568,MRVL,"Marvell Technology, Inc.",219.42999267578125,7.04,17.0,15.5,9.0,12.5,12.0,5.0,71.0,False,74.22539829814657,1.14,183.13499908447267,139.39451751708984,110.85199616750081,99.07531429290772,1.0281,0.0118,145.1,HOLD
2026-06-01,16.049999237060547,4.474999904632568,SNDK,Sandisk Corporation,1761.4300537109375,3.92,19.0,13.0,9.5,12.5,12.0,5.0,71.0,False,74.42999986193283,0.69,1480.9464965820312,1025.6669982910157,733.886916478475,496.81672521591184,1.0352,0.0087,234.03,HOLD
2026-06-01,16.049999237060547,4.474999904632568,DDOG,"Datadog, Inc.",277.489990234375,12.19,24.0,13.0,7.0,12.5,8.0,5.0,69.5,False,91.05266797359319,1.5,205.77600021362304,151.26100006103516,139.8692918141683,144.620100440979,1.0565,0.0095,120.67,HOLD
2026-06-01,16.049999237060547,4.474999904632568,SBUX,Starbucks Corporation,96.51000213623047,-2.67,19.5,11.5,7.5,12.5,13.5,5.0,69.5,False,33.13546764660394,1.1,103.9076530456543,98.76219202677409,94.7970048904419,90.24757255554199,-0.1778,-0.0119,-1.93,HOLD
2026-06-01,16.049999237060547,4.474999904632568,ISRG,"Intuitive Surgical, Inc.",412.260009765625,-2.92,30.0,11.5,7.5,12.5,2.5,5.0,69.0,False,35.242706372487774,1.26,435.8270004272461,457.7881663004557,494.6654172261556,494.6901512145996,0.0467,0.0154,-15.89,HOLD
2026-06-01,16.049999237060547,4.474999904632568,CCEP,Coca-Cola Europacific Partners ,89.69000244140625,-1.1,27.0,8.5,5.0,12.5,11.0,5.0,69.0,False,39.86048246635706,1.05,92.2363510131836,94.14487711588542,93.86748479207357,91.42113956451416,0.1005,0.044,-9.55,HOLD
2026-06-01,16.049999237060547,4.474999904632568,LIN,Linde plc,497.4100036621094,-0.06,17.5,13.0,9.5,12.5,11.5,5.0,69.0,False,44.18850880393524,1.17,504.8789993286133,498.8478022257487,474.1149276733398,463.59021102905274,0.2497,0.0204,2.96,HOLD
2026-06-01,16.049999237060547,4.474999904632568,FTNT,"Fortinet, Inc.",147.13999938964844,6.65,25.0,8.5,8.0,12.5,10.0,5.0,69.0,False,83.93759237896717,1.07,120.35100021362305,95.14349988301595,87.81791667938232,85.56645004272461,0.917,0.0168,75.86,HOLD
2026-06-01,16.049999237060547,4.474999904632568,MAR,Marriott International,376.9599914550781,0.36,16.5,11.5,8.0,12.5,15.5,5.0,69.0,False,61.68213747986771,0.97,362.0965179443359,348.3376744588216,335.5471941630046,309.9653509521484,0.7972,0.0181,16.65,HOLD
2026-06-01,16.049999237060547,4.474999904632568,ARM,Arm Holdings plc,408.8500061035156,15.73,25.5,10.0,5.0,12.5,10.0,5.0,68.0,False,82.49353713881186,1.57,258.82500076293945,190.19341786702475,154.25720882415771,152.17807537078858,1.1187,0.0017,257.45,HOLD
2026-06-01,16.049999237060547,4.474999904632568,ADBE,Adobe Inc.,274.0299987792969,5.72,25.5,17.5,4.0,12.5,3.0,5.0,67.5,False,65.94890933060513,1.74,249.1615005493164,248.04450047810872,276.5610003153483,303.54394989013673,1.1678,0.0842,-3.38,HOLD
2026-06-01,16.049999237060547,4.474999904632568,TMUS,"T-Mobile US, Inc.",186.74000549316406,-0.42,18.5,19.0,6.5,12.5,5.5,5.0,67.0,False,41.90201460613268,0.76,190.0384208679199,197.9406867980957,198.6932477315267,209.38093795776368,0.1687,0.0552,-15.26,HOLD
2026-06-01,16.049999237060547,4.474999904632568,PCAR,PACCAR Inc.,109.47000122070312,-0.82,18.5,14.0,6.5,12.5,10.5,5.0,67.0,False,38.537659550488705,1.25,111.92984809875489,116.96519584655762,117.98214206695556,109.67651390075683,0.1635,0.0258,-8.82,HOLD
2026-06-01,16.049999237060547,4.474999904632568,INTU,Intuit Inc.,353.760009765625,6.71,25.0,17.5,6.0,12.5,0.0,5.0,66.0,False,46.75158092082486,1.13,367.2580001831055,399.82113596598305,469.1040008544922,546.5534844970703,0.4116,0.0541,-26.25,HOLD
2026-06-01,16.049999237060547,4.474999904632568,ALNY,"Alnylam Pharmaceuticals, Inc.",295.6300048828125,-2.1,22.5,16.0,5.5,12.5,4.5,5.0,66.0,False,45.999178685890264,1.01,295.62950134277344,310.23233388264975,337.27616653442385,384.9568000793457,0.5,0.0052,-7.81,HOLD
2026-06-01,16.049999237060547,4.474999904632568,AMGN,Amgen Inc.,329.1300048828125,-2.27,18.0,11.5,8.5,12.5,10.5,5.0,66.0,False,42.95330469188813,0.77,331.28380584716797,343.45011037190756,342.97535349527993,323.95722442626953,0.3912,0.0419,-10.26,HOLD
2026-06-01,16.049999237060547,4.474999904632568,AXON,"Axon Enterprise, Inc.",476.8800048828125,6.28,30.0,11.5,6.0,12.5,1.0,5.0,66.0,False,70.48216764906724,1.05,402.1540008544922,425.52233327229817,484.34700063069664,564.3083004760742,1.2267,0.0016,-16.92,HOLD
2026-06-01,16.049999237060547,4.474999904632568,PANW,"Palo Alto Networks, Inc.",300.4800109863281,6.67,22.5,10.0,7.5,12.5,8.0,5.0,65.5,False,83.70870651955141,1.51,234.38600006103516,189.5470006306966,182.4980838775635,190.02720024108888,1.0108,0.0117,82.05,HOLD
2026-06-01,16.049999237060547,4.474999904632568,WDAY,"Workday, Inc.",157.22999572753906,7.55,27.0,17.5,2.0,12.5,1.0,5.0,65.0,False,71.64074117568569,1.66,127.75900001525879,127.99016672770182,155.5018330891927,185.56459976196288,1.2895,0.0803,4.1,HOLD
2026-06-01,16.049999237060547,4.474999904632568,CDNS,"Cadence Design Systems, Inc.",414.1600036621094,10.46,19.5,8.5,9.0,12.5,10.0,5.0,64.5,False,77.34683042320943,1.97,362.01499938964844,319.14966735839846,313.7251668294271,323.4120503234863,1.2775,0.0131,39.48,HOLD
2026-06-01,16.049999237060547,4.474999904632568,KHC,The Kraft Heinz Company,23.6299991607666,-1.58,12.5,14.5,7.0,12.5,12.5,5.0,64.0,False,53.83461824627043,0.85,23.47500009536743,22.805166657765707,23.243001906077065,23.9240474319458,0.5733,0.1146,-3.71,HOLD
2026-06-01,16.049999237060547,4.474999904632568,REGN,"Regeneron Pharmaceuticals, Inc.",600.6599731445312,-2.3,20.0,14.0,7.5,12.5,4.5,5.0,63.5,False,24.972018013102996,0.95,670.0863433837891,722.5184102376302,743.4817342122395,693.1267510986328,0.1033,0.052,-20.83,HOLD
2026-06-01,16.049999237060547,4.474999904632568,PEP,"Pepsico, Inc.",141.52000427246094,-1.85,24.0,10.0,7.5,12.5,4.5,5.0,63.5,False,31.24148908999298,1.13,149.91899948120118,153.84333292643228,152.9417458852132,149.0412296295166,-0.032,0.0452,-11.23,HOLD
2026-06-01,16.049999237060547,4.474999904632568,ADP,"Automatic Data Processing, Inc.",233.74000549316406,5.36,20.0,13.0,7.5,12.5,5.0,5.0,63.0,False,68.68797316640561,1.21,216.70350036621093,208.75102462768555,225.3414087931315,245.5579303741455,1.1426,0.0508,4.17,HOLD
2026-06-01,16.049999237060547,4.474999904632568,CHTR,"Charter Communications, Inc.",142.60000610351562,-1.01,20.5,17.5,3.5,12.5,3.5,5.0,62.5,False,33.38416632350565,1.0,148.48749923706055,192.9291669209798,203.2897501627604,220.19930030822755,0.2876,0.1194,-38.6,HOLD
2026-06-01,16.049999237060547,4.474999904632568,AEP,American Electric Power Company,123.79000091552734,-2.27,17.5,10.0,8.5,12.5,9.0,5.0,62.5,False,35.001108618938275,0.64,129.60076293945312,131.03668111165365,125.0670628229777,120.23700645446777,-0.0163,-0.1032,-5.45,HOLD
2026-06-01,16.049999237060547,4.474999904632568,TRI,Thomson Reuters Corp,93.95999908447266,8.61,21.5,14.0,3.5,12.5,6.0,5.0,62.5,False,59.66587940903156,0.86,87.32698554992676,89.65289586385092,100.27426579793294,120.55841136932374,0.8486,0.0409,-13.75,HOLD
2026-06-01,16.049999237060547,4.474999904632568,WMT,Walmart Inc.,114.5999984741211,-0.99,19.5,7.0,7.0,12.5,11.5,5.0,62.5,False,27.618037722595403,1.13,126.52584190368653,125.74470761617025,122.6490259806315,114.67641036987305,0.0405,0.0075,-7.06,HOLD
2026-06-01,16.049999237060547,4.474999904632568,MELI,"MercadoLibre, Inc.",1730.97998046875,2.08,16.0,14.0,7.0,12.5,7.5,5.0,62.0,False,53.796058138411894,0.78,1673.3715209960938,1725.9348388671874,1873.7742553710937,2023.436505126953,0.6464,-0.0468,-3.18,HOLD
2026-06-01,16.049999237060547,4.474999904632568,CTSH,Cognizant Technology Solutions ,57.15999984741211,2.51,16.5,17.5,4.5,12.5,6.0,5.0,62.0,False,63.314942262273995,1.06,51.08676872253418,56.70035406748454,66.93413998285929,68.06904390335083,1.0056,0.0706,-13.13,HOLD
2026-06-01,16.049999237060547,4.474999904632568,ORLY,"O'Reilly Automotive, Inc.",86.63999938964844,-0.28,21.5,11.5,8.5,12.5,2.5,5.0,61.5,False,34.413905040748176,0.88,91.19799919128418,91.95799954732259,93.15749969482422,96.48124980926514,0.0371,0.0185,-8.41,HOLD
2026-06-01,16.049999237060547,4.474999904632568,FAST,Fastenal Company,43.9900016784668,-0.48,19.5,7.0,8.0,12.5,9.5,5.0,61.5,False,47.042264519736754,0.99,44.05099983215332,44.938612365722655,44.16564998626709,44.210257110595705,0.4704,0.0179,-4.81,HOLD
2026-06-01,16.049999237060547,4.474999904632568,XEL,Xcel Energy Inc.,76.41000366210938,-3.89,14.0,10.0,8.5,12.5,11.0,5.0,61.0,False,36.01317822469524,0.88,79.86350021362304,79.99223403930664,78.07379652659098,77.3797346496582,-0.2005,-0.1566,-6.72,HOLD
2026-06-01,16.049999237060547,4.474999904632568,IDXX,"IDEXX Laboratories, Inc.",566.7899780273438,0.58,24.5,7.0,7.5,12.5,4.5,5.0,61.0,False,54.02717533167736,0.9,552.9364959716797,568.5183308919271,621.627581278483,637.7681478881836,0.7281,0.0176,-6.84,HOLD
2026-06-01,16.049999237060547,4.474999904632568,PDD,PDD Holdings Inc.,87.23999786376953,3.32,20.5,16.0,4.0,12.5,2.5,5.0,60.5,False,37.834721365426056,1.2,95.17050018310547,98.89416681925455,103.62908350626627,113.08540004730224,0.1377,0.5769,-14.45,HOLD
2026-06-01,16.049999237060547,4.474999904632568,SHOP,Shopify Inc.,124.12000274658203,4.56,18.5,13.0,7.5,12.5,3.0,5.0,59.5,False,63.21663532721648,0.7,107.19400024414062,117.41416702270507,130.55375003814697,139.4938999557495,0.9961,0.0078,-4.67,WEAK
2026-06-01,16.049999237060547,4.474999904632568,HON,Honeywell International Inc.,236.5399932861328,-0.55,9.0,11.5,9.5,12.5,12.0,5.0,59.5,False,69.09008971836519,1.13,220.74186019897462,223.95751393636067,220.32746747334798,210.28169242858885,0.9318,0.0196,1.08,WEAK
2026-06-01,16.049999237060547,4.474999904632568,PYPL,"PayPal Holdings, Inc.",45.189998626708984,0.98,15.0,16.0,5.5,12.5,4.5,5.0,58.5,False,46.23072576492743,1.0,45.16849975585937,46.36183319091797,49.418276151021324,56.455586700439454,0.5037,0.1024,-3.79,WEAK
2026-06-01,16.049999237060547,4.474999904632568,CTAS,Cintas Corporation,172.89999389648438,0.96,20.0,10.0,6.5,12.5,4.5,5.0,58.5,False,52.50015357337594,0.9,169.39333877563476,175.70572611490886,183.84889221191406,188.15178421020508,0.7629,0.0218,-14.85,WEAK
2026-06-01,16.049999237060547,4.474999904632568,VRSK,"Verisk Analytics, Inc.",183.97000122070312,5.13,17.5,11.5,5.5,12.5,6.0,5.0,58.0,False,61.95120906744946,1.02,171.1425018310547,181.79937032063802,195.0708969116211,213.12100639343262,1.0133,0.0392,-14.15,WEAK
2026-06-01,16.049999237060547,4.474999904632568,DASH,"DoorDash, Inc.",164.77999877929688,3.45,19.0,7.0,7.0,12.5,7.5,5.0,58.0,False,52.61848886309484,0.78,160.31849975585936,163.79474945068358,184.05537478129068,208.09754974365234,0.6832,0.032,-8.03,WEAK
2026-06-01,16.049999237060547,4.474999904632568,SNPS,"Synopsys, Inc.",492.2900085449219,3.5,15.5,8.5,7.5,12.5,8.5,5.0,57.5,False,50.08164008351461,1.31,505.31000061035155,456.4991689046224,461.7085024515788,468.4029513549805,0.2745,0.0375,12.55,WEAK
2026-06-01,16.049999237060547,4.474999904632568,PAYX,"Paychex, Inc.",102.44000244140625,5.63,18.5,13.0,5.5,12.5,3.0,5.0,57.5,False,70.71960601682801,1.27,93.68970947265625,91.85776799519857,97.3900686899821,106.87079402923584,1.2219,,2.88,WEAK
2026-06-01,16.049999237060547,4.474999904632568,INTC,Intel Corporation,109.33000183105469,-4.67,3.5,17.0,6.5,12.5,12.5,5.0,57.0,False,53.51047620807873,0.94,115.64899978637695,77.35749988555908,60.5738333384196,49.60250001907349,0.2968,-0.0151,151.8,WEAK
2026-06-01,16.049999237060547,4.474999904632568,INSM,Insmed Incorporated,106.02999877929688,-0.82,15.0,14.0,6.5,12.5,3.5,5.0,56.5,False,35.70379504854495,0.75,113.01750030517579,135.13933308919272,150.26100018819173,155.79229988098143,0.3525,-0.0264,-24.33,WEAK
2026-06-01,16.049999237060547,4.474999904632568,CEG,Constellation Energy Corporatio,265.70001220703125,-7.66,30.0,5.5,2.5,12.5,0.0,5.0,55.5,True,39.3115866026416,2.95,289.9708282470703,294.3664805094401,306.60113118489585,321.9891123962402,0.1853,-0.0467,-16.48,STRONG_SELL
2026-06-01,16.049999237060547,4.474999904632568,FANG,"Diamondback Energy, Inc.",199.02999877929688,3.94,11.0,4.0,7.5,12.5,15.5,5.0,55.5,False,52.42725040759131,0.79,198.83227615356446,192.93812357584636,175.09628918965657,161.76725662231445,0.5076,0.025,10.85,WEAK
2026-06-01,16.049999237060547,4.474999904632568,CPRT,"Copart, Inc.",32.31999969482422,-1.37,18.5,7.0,6.0,12.5,6.0,5.0,55.0,False,41.5990684823769,0.95,33.225,33.48166688283285,36.26925013860067,39.52095006942749,0.0698,0.0334,-14.36,WEAK
2026-06-01,16.049999237060547,4.474999904632568,KDP,Keurig Dr Pepper Inc.,30.200000762939453,0.57,7.0,12.5,7.5,12.5,10.0,5.0,54.5,False,66.81191726995019,1.0,29.18550024032593,27.66949396133423,27.910981114705404,27.69531376838684,0.9725,-0.3978,7.85,WEAK
2026-06-01,16.049999237060547,4.474999904632568,ODFL,"Old Dominion Freight Line, Inc.",228.52999877929688,1.5,6.0,7.0,8.5,12.5,14.0,5.0,53.0,False,69.50260996805204,1.06,205.489998626709,202.33016611735027,190.0442584991455,170.65366298675536,0.9972,0.0181,17.82,WEAK
2026-06-01,16.049999237060547,4.474999904632568,TSLA,"Tesla, Inc.",415.8800048828125,-4.57,15.5,7.0,6.5,12.5,6.5,5.0,53.0,False,50.427978956170755,0.83,422.6475006103516,393.03200073242186,414.279000600179,412.51045028686525,0.4039,0.0034,4.83,WEAK
2026-06-01,16.049999237060547,4.474999904632568,CMCSA,Comcast Corporation,25.049999237060547,0.72,17.0,5.5,8.5,12.5,3.5,5.0,52.0,False,38.0466673782464,0.75,25.33799982070923,27.612292671203612,28.16399221420288,27.94056746482849,0.3906,0.0448,-20.59,WEAK
2026-06-01,16.049999237060547,4.474999904632568,WBD,"Warner Bros. Discovery, Inc. - ",27.25,0.89,8.5,5.5,7.0,12.5,13.5,5.0,52.0,False,52.96261370060311,1.17,27.129000186920166,27.272666645050048,27.827583328882852,24.189100050926207,0.7649,0.2703,-2.5,WEAK
2026-06-01,16.049999237060547,4.474999904632568,TTWO,"Take-Two Interactive Software, ",226.97999572753906,1.26,10.5,8.5,8.0,12.5,6.5,5.0,51.0,False,53.418023596335665,0.92,228.2115005493164,213.1956667582194,221.98216692606607,231.7502498626709,0.4635,0.0344,7.32,WEAK
2026-06-01,16.049999237060547,4.474999904632568,MSTR,Strategy Inc,149.77999877929688,-5.85,14.0,11.5,3.5,12.5,4.5,5.0,51.0,False,40.423686245755746,1.18,172.20899963378906,153.39066696166992,152.49250036875407,206.49740032196044,0.1013,-0.165,12.17,WEAK
2026-06-01,16.049999237060547,4.474999904632568,GEHC,GE HealthCare Technologies Inc.,62.689998626708984,0.56,14.0,11.5,4.5,12.5,3.5,5.0,51.0,False,42.887026769815456,1.55,62.48775043487549,68.08015569051106,75.19211533864339,75.24508052825928,0.542,0.052,-15.55,WEAK
2026-06-01,16.049999237060547,4.474999904632568,ZS,"Zscaler, Inc.",155.7100067138672,11.44,17.5,13.0,1.0,12.5,1.5,5.0,50.5,False,51.737089948202325,1.55,155.1894989013672,145.71499951680502,173.56604162851968,220.92852527618408,0.5076,0.044,-5.09,WEAK
2026-06-01,16.049999237060547,4.474999904632568,FER,Ferrovial N.V.,66.58999633789062,-2.09,10.0,4.0,7.5,12.5,11.0,5.0,50.0,False,44.982494731709956,1.1,68.09758491516114,66.95179411570231,67.44763984680176,64.15915117263793,0.2332,0.0067,1.64,WEAK
2026-06-01,16.049999237060547,4.474999904632568,CRWD,"CrowdStrike Holdings, Inc.",782.1699829101562,7.0,10.5,5.5,8.0,12.5,8.0,5.0,49.5,False,86.69467391253218,1.34,598.5480010986328,480.4244990030924,462.68458302815753,471.9913003540039,1.0274,0.0081,82.33,PARTIAL_SELL
2026-06-01,16.049999237060547,4.474999904632568,EXC,Exelon Corporation,44.709999084472656,-2.04,7.0,8.5,8.0,12.5,8.5,5.0,49.5,False,42.94519507313365,0.97,45.0269998550415,47.08699995676677,45.890314706166585,45.39587959289551,0.4132,-0.0614,-9.42,SELL
2026-06-02,15.770000457763672,4.454999923706055,GOOGL,Alphabet Inc.,361.8500061035156,-3.86,30.0,18.5,8.0,12.5,15.5,5.0,89.5,False,40.38139859332806,1.67,389.6130004882813,342.8176666259766,330.2889887491862,301.3673098754883,-0.2201,0.0064,18.11,STRONG_BUY
2026-06-02,15.770000457763672,4.454999923706055,NVDA,NVIDIA Corporation,222.82000732421875,-0.69,30.0,20.5,8.5,12.5,12.5,5.0,89.0,False,58.79025593456765,0.96,217.9705017089844,197.94983545939127,191.37633323669434,188.05917160034178,0.6475,0.0086,22.0,STRONG_BUY
2026-06-02,15.770000457763672,4.454999923706055,ADI,"Analog Devices, Inc.",423.20001220703125,5.09,29.5,19.0,9.0,12.5,12.5,5.0,87.5,False,58.65378343422632,0.99,413.61399993896487,366.851166788737,337.2710545857747,299.376227645874,0.71,0.0188,32.37,STRONG_BUY
2026-06-02,15.770000457763672,4.454999923706055,MU,"Micron Technology, Inc.",1064.0999755859375,2.76,29.0,20.5,10.0,12.5,10.0,5.0,87.0,False,81.79718883238058,0.82,800.5109985351562,556.3794891357422,455.50439936319987,347.84788734436034,1.0199,0.0024,173.44,STRONG_BUY
2026-06-02,15.770000457763672,4.454999923706055,AVGO,Broadcom Inc.,481.57000732421875,4.7,30.0,18.5,9.0,12.5,12.0,5.0,87.0,False,74.7523875932614,1.62,428.0934997558594,381.1633809407552,359.5117307027181,353.0115689086914,1.2695,0.0112,39.57,STRONG_BUY
2026-06-02,15.770000457763672,4.454999923706055,GOOG,Alphabet Inc.,358.3900146484375,-3.81,30.0,18.5,5.0,12.5,15.5,5.0,86.5,False,39.915385280999146,1.71,386.0414978027344,340.4971654256185,329.3995465596517,301.063712310791,-0.2125,0.0064,17.12,STRONG_BUY
2026-06-02,15.770000457763672,4.454999923706055,STX,Seagate Technology Holdings PLC,926.6099853515625,0.58,27.5,19.0,10.0,12.5,12.0,5.0,86.0,False,78.22656834804584,0.66,817.0079956054688,596.5512471516927,474.0323862711588,374.64384391784665,0.9894,0.0077,147.97,STRONG_BUY
2026-06-02,15.770000457763672,4.454999923706055,WDC,Western Digital Corporation,563.0999755859375,3.09,29.0,17.5,9.5,12.5,12.0,5.0,85.5,False,76.67702092830488,0.72,496.69649810791014,387.56299819946287,309.92700386047363,235.1948794937134,1.0228,0.0107,114.87,STRONG_BUY
2026-06-02,15.770000457763672,4.454999923706055,ROST,"Ross Stores, Inc.",223.82000732421875,-0.11,30.0,10.0,9.0,12.5,18.5,5.0,85.0,False,50.66324418401691,0.7,222.25699920654296,219.98420104980468,205.29065742492676,185.51475212097168,0.5478,0.0282,5.73,STRONG_BUY
2026-06-02,15.770000457763672,4.454999923706055,LRCX,Lam Research Corporation,334.4100036621094,5.45,29.0,14.5,10.0,12.5,12.0,5.0,83.0,False,70.9734935219422,0.87,299.9239959716797,259.5733317057292,234.72030347188314,194.81080249786376,1.0071,0.0104,58.38,STRONG_BUY
2026-06-02,15.770000457763672,4.454999923706055,AMZN,"Amazon.com, Inc.",256.5199890136719,-1.81,26.5,14.5,8.5,12.5,15.5,5.0,82.5,False,44.579689633059424,1.05,267.6120010375977,242.4290003458659,234.000750096639,231.8317501068115,-0.0554,0.0036,20.16,BUY
2026-06-02,15.770000457763672,4.454999923706055,META,"Meta Platforms, Inc.",597.6300048828125,-0.47,30.0,20.5,8.0,12.5,6.0,5.0,82.0,False,40.654892246747984,1.15,612.2725006103516,619.9325917561849,637.7361490885417,664.023842163086,0.1746,0.0168,-7.61,BUY
2026-06-02,15.770000457763672,4.454999923706055,NXPI,NXP Semiconductors N.V.,323.6199951171875,3.93,26.0,17.5,8.0,12.5,12.5,5.0,81.5,False,63.93294532113568,0.94,306.2835006713867,244.54877700805665,236.77421328226725,228.08854789733886,0.7972,0.0334,58.49,BUY
2026-06-02,15.770000457763672,4.454999923706055,APP,Applovin Corporation,605.6300048828125,-1.31,30.0,14.5,9.0,12.5,10.0,5.0,81.0,False,71.35453454827903,0.49,512.8335021972656,463.90650227864586,508.7802090962728,538.06892578125,0.9305,0.0156,17.09,BUY
2026-06-02,15.770000457763672,4.454999923706055,AMAT,"Applied Materials, Inc.",490.04998779296875,6.96,28.0,14.5,9.0,12.5,12.0,5.0,81.0,False,71.93099780182456,1.16,436.28605499267576,392.47822621663414,352.2956361134847,294.7236353302002,1.1822,0.0078,44.76,BUY
2026-06-02,15.770000457763672,4.454999923706055,AMD,"Advanced Micro Devices, Inc.",521.5399780273438,2.24,24.5,17.0,10.0,12.5,12.0,5.0,81.0,False,75.2280022134235,0.59,456.5845016479492,317.2201670328776,266.9420832316081,240.91400001525878,0.8699,0.0084,157.32,BUY
2026-06-02,15.770000457763672,4.454999923706055,ABNB,"Airbnb, Inc.",134.35000610351562,-2.55,24.0,14.0,9.0,12.5,16.5,5.0,81.0,False,48.47944795913086,0.82,135.3000015258789,133.95216700236003,132.50404160817465,128.70287498474121,0.4228,0.04,0.24,BUY
2026-06-02,15.770000457763672,4.454999923706055,DXCM,"DexCom, Inc.",73.44999694824219,-1.9,28.5,14.0,9.5,12.5,11.5,5.0,81.0,False,66.28634520160387,0.53,66.19999980926514,64.62766634623209,67.29216664632162,67.7712000465393,0.7925,0.0373,6.85,BUY
2026-06-02,15.770000457763672,4.454999923706055,TXN,Texas Instruments Incorporated,308.1199951171875,5.09,26.0,17.0,8.0,12.5,12.5,5.0,81.0,False,59.79947692084427,1.33,301.71650390625,245.0928502400716,221.00480918884278,202.38614654541016,0.6436,0.0038,57.84,BUY
2026-06-02,15.770000457763672,4.454999923706055,EA,Electronic Arts Inc.,202.00999450683594,0.0,26.5,15.5,10.0,12.5,11.0,5.0,80.5,False,57.04698323562094,0.67,200.93413848876952,201.58493321736654,201.97820816040038,197.01201293945311,0.9162,0.0438,1.47,BUY
2026-06-02,15.770000457763672,4.454999923706055,AAPL,Apple Inc.,315.20001220703125,2.9,25.5,16.0,9.5,12.5,12.0,5.0,80.5,False,73.72449680976302,0.94,300.7154602050781,273.6580434163412,269.6553944905599,263.5752164459229,0.8968,0.0218,21.4,BUY
2026-06-02,15.770000457763672,4.454999923706055,BKR,Baker Hughes Company,64.54000091552734,2.49,25.5,10.0,10.0,12.5,17.0,5.0,80.0,False,49.39343407915682,0.43,65.11050033569336,62.89708213806152,58.33140468597412,53.69961349487305,0.3926,0.0492,7.75,BUY
2026-06-02,15.770000457763672,4.454999923706055,QCOM,QUALCOMM Incorporated,240.83999633789062,5.17,21.5,19.0,8.5,12.5,13.5,5.0,80.0,False,62.67929570618715,0.63,218.1515007019043,163.551833597819,160.39515228271483,162.13664840698243,0.7787,0.0378,74.38,BUY
2026-06-02,15.770000457763672,4.454999923706055,MPWR,"Monolithic Power Systems, Inc.",1624.989990234375,5.36,29.0,13.0,7.5,12.5,12.5,5.0,79.5,False,56.40178244379836,1.02,1590.0454956054687,1377.5254465738933,1217.35006052653,1099.413009033203,0.6622,0.0062,53.32,BUY
2026-06-02,15.770000457763672,4.454999923706055,GILD,"Gilead Sciences, Inc.",127.56999969482422,-2.69,30.0,11.5,9.0,12.5,10.5,5.0,78.5,False,38.00611659350333,1.17,132.53900032043458,136.21264305114747,135.2118263244629,127.83687896728516,-0.0292,0.0501,-12.5,BUY
2026-06-02,15.770000457763672,4.454999923706055,CSCO,"Cisco Systems, Inc.",128.0,5.5,26.5,14.5,10.0,12.5,10.0,5.0,78.5,False,81.14840734429151,0.9,111.09500007629394,92.05346120198568,84.80655091603597,78.83031505584717,0.8637,0.0184,68.87,BUY
2026-06-02,15.770000457763672,4.454999923706055,VRTX,Vertex Pharmaceuticals Incorpor,425.0899963378906,-3.04,28.0,11.5,10.0,12.5,11.0,5.0,78.0,False,41.13814234756224,0.86,436.6125,442.9510004679362,453.7765828450521,436.453249206543,0.1706,0.0258,-7.76,BUY
2026-06-02,15.770000457763672,4.454999923706055,ASML,ASML Holding N.V. - New York Re,1705.3699951171875,4.72,24.0,14.5,7.5,12.5,14.0,5.0,77.5,False,66.73425417682172,0.91,1567.0080017089845,1449.3233703613282,1370.7210789998373,1200.9209826660156,1.022,0.0125,25.91,BUY
2026-06-02,15.770000457763672,4.454999923706055,BKNG,Booking Holdings Inc. Common St,167.2100067138672,-1.21,30.0,16.0,8.5,12.5,4.5,5.0,76.5,False,51.67755747787521,0.69,162.39199981689453,170.77230682373047,183.08446197509767,193.65508758544922,0.6977,0.0546,-5.86,BUY
2026-06-02,15.770000457763672,4.454999923706055,ADSK,"Autodesk, Inc.",236.66000366210938,-4.63,30.0,17.5,7.5,12.5,3.0,5.0,75.5,False,47.78848520452466,0.98,240.26350021362305,240.70149993896484,253.0560832977295,274.5320500946045,0.3424,0.0613,-9.24,BUY
2026-06-02,15.770000457763672,4.454999923706055,MSFT,Microsoft Corporation,441.30999755859375,-4.17,26.0,18.5,8.0,12.5,5.0,5.0,75.0,False,60.224303034457485,1.01,420.7448333740234,403.4458892822266,423.3471262613932,455.75260498046873,0.8575,0.0113,8.03,BUY
2026-06-02,15.770000457763672,4.454999923706055,MCHP,Microchip Technology Incorporat,96.95999908447266,5.94,19.5,17.5,7.5,12.5,12.5,5.0,74.5,False,58.59264635494153,1.13,95.86635322570801,80.22783679962158,76.033770942688,70.07681409835816,0.585,0.0217,49.92,BUY
2026-06-02,15.770000457763672,4.454999923706055,ROP,"Roper Technologies, Inc.",336.5,-2.25,30.0,15.5,7.0,12.5,4.5,5.0,74.5,False,51.00916923310519,0.88,330.3714996337891,346.2922780354818,369.87854283650717,416.08086227416993,0.6222,0.0639,-7.08,BUY
2026-06-02,15.770000457763672,4.454999923706055,MDLZ,"Mondelez International, Inc.",61.06999969482422,0.03,23.0,12.5,8.0,12.5,13.0,5.0,74.0,False,52.23446267685318,0.95,61.46649990081787,58.80343036651611,57.71530742645264,58.20021476745605,0.2781,0.0363,5.89,BUY
2026-06-02,15.770000457763672,4.454999923706055,COST,Costco Wholesale Corporation,954.27001953125,0.86,28.5,7.0,9.5,12.5,11.5,5.0,74.0,False,35.28011308917917,0.89,1017.9829864501953,1003.3569254557292,971.6073822021484,954.8420556640625,0.1007,0.0184,-4.94,BUY
2026-06-02,15.770000457763672,4.454999923706055,PLTR,Palantir Technologies Inc.,152.1699981689453,-5.28,30.0,14.5,6.5,12.5,5.0,5.0,73.5,False,59.63128703654238,0.95,138.9432487487793,143.77791595458984,152.99879150390626,161.52124984741212,0.9086,0.0048,-2.72,BUY
2026-06-02,15.770000457763672,4.454999923706055,KLAC,KLA Corporation,2045.199951171875,5.42,18.5,14.5,9.0,12.5,14.0,5.0,73.5,False,65.59931730178371,1.03,1861.2236694335938,1701.161983235677,1549.7532867431642,1356.3215713500977,1.0274,0.0108,43.29,BUY
2026-06-02,15.770000457763672,4.454999923706055,SBUX,Starbucks Corporation,95.51000213623047,-1.04,19.5,14.0,7.5,12.5,13.5,5.0,72.0,False,31.186636705446972,1.25,103.46523628234863,98.71380577087402,94.90631612141927,90.2717858505249,-0.1013,-0.012,-3.71,BUY
2026-06-02,15.770000457763672,4.454999923706055,NFLX,"Netflix, Inc.",83.33000183105469,-2.94,30.0,14.5,6.0,12.5,4.0,5.0,72.0,False,30.689118453797093,1.2,87.40449943542481,93.0858331044515,90.55624993642171,100.82901996612549,-0.1825,0.0741,-15.25,BUY
2026-06-02,15.770000457763672,4.454999923706055,CSX,CSX Corporation,46.13999938964844,0.61,19.0,11.5,10.0,12.5,14.0,5.0,72.0,False,57.811711729968614,0.76,45.463172149658206,42.937056922912596,40.55398486455282,38.076073255538944,0.7278,0.0132,13.99,BUY
2026-06-02,15.770000457763672,4.454999923706055,LITE,Lumentum Holdings Inc.,1029.1500244140625,13.72,19.0,17.5,6.5,12.5,11.0,5.0,71.5,False,60.00190421957246,1.2,940.0475036621094,840.1225006103516,649.6928337097168,466.4510252380371,0.8635,0.0012,60.63,HOLD
2026-06-02,15.770000457763672,4.454999923706055,MNST,Monster Beverage Corporation,88.23999786376953,-0.97,25.5,8.5,8.0,12.5,12.0,5.0,71.5,False,64.22186038490666,1.04,85.56649971008301,78.66516660054525,78.94300009409586,74.47420013427734,0.662,0.0195,16.52,HOLD
2026-06-02,15.770000457763672,4.454999923706055,SNDK,Sandisk Corporation,1716.3599853515625,-2.56,19.0,13.0,10.0,12.5,12.0,5.0,71.5,False,70.34950621260862,0.5,1503.9714965820312,1045.484164428711,746.3109996795654,505.1651251411438,0.9089,0.0089,191.54,HOLD
2026-06-02,15.770000457763672,4.454999923706055,LIN,Linde plc,495.9100036621094,-0.3,17.5,13.0,9.5,12.5,13.5,5.0,71.0,False,43.091989548069265,1.41,504.9970001220703,499.0610153198242,475.0135403951009,463.70587905883787,0.1883,0.0205,2.89,HOLD
2026-06-02,15.770000457763672,4.454999923706055,DDOG,"Datadog, Inc.",269.1300048828125,-3.01,24.0,13.0,7.5,12.5,8.0,5.0,70.0,False,83.93467573523642,1.08,211.89800033569335,153.65066680908203,140.82637519836425,145.34315048217775,0.9467,0.0098,109.34,HOLD
2026-06-02,15.770000457763672,4.454999923706055,ARM,Arm Holdings plc,402.7099914550781,-1.5,25.5,10.0,6.5,12.5,10.0,5.0,69.5,False,80.36804638156207,1.11,268.79750061035156,194.99891777038573,156.4482920964559,153.48887531280516,0.9992,0.0018,242.35,HOLD
2026-06-02,15.770000457763672,4.454999923706055,ADBE,Adobe Inc.,262.1099853515625,-4.35,25.5,17.5,5.5,12.5,3.0,5.0,69.0,False,57.286156876759144,1.14,249.56899948120116,247.6860003153483,275.9192502339681,303.1115998840332,0.8232,0.088,-7.2,HOLD
2026-06-02,15.770000457763672,4.454999923706055,MAR,Marriott International,373.760009765625,-0.85,16.5,11.5,8.0,12.5,15.5,5.0,69.0,False,58.410308370271615,0.82,363.456721496582,349.1809727986654,336.2727007548014,310.5130883789063,0.7111,0.0182,13.88,HOLD
2026-06-02,15.770000457763672,4.454999923706055,FTNT,"Fortinet, Inc.",148.86000061035156,1.17,25.0,8.5,8.0,12.5,10.0,5.0,69.0,False,84.5241089107526,0.99,123.33200035095214,96.22999992370606,88.36233336130778,85.92450004577637,0.9116,0.0166,77.62,HOLD
2026-06-02,15.770000457763672,4.454999923706055,ISRG,"Intuitive Surgical, Inc.",402.29998779296875,-2.42,30.0,11.5,7.5,12.5,2.5,5.0,69.0,False,31.902111790729805,1.36,433.3244995117187,456.3238327026367,493.2938336690267,494.3162512207031,-0.0389,0.0158,-18.49,HOLD
2026-06-02,15.770000457763672,4.454999923706055,WDAY,"Workday, Inc.",148.8800048828125,-5.31,27.0,17.5,3.5,12.5,3.0,5.0,68.5,False,63.50617976459753,0.94,128.808500289917,127.95416692097982,154.9008331298828,185.19939979553223,0.9797,0.0848,0.5,HOLD
2026-06-02,15.770000457763672,4.454999923706055,CCEP,Coca-Cola Europacific Partners ,91.0,1.46,27.0,8.5,6.0,12.5,9.0,5.0,68.0,False,44.51128883561199,0.77,92.22062263488769,94.00886459350586,93.88489939371745,91.43467727661132,0.3098,0.0434,-9.48,HOLD
2026-06-02,15.770000457763672,4.454999923706055,ALNY,"Alnylam Pharmaceuticals, Inc.",286.1199951171875,-3.22,22.5,16.0,5.5,12.5,5.5,5.0,67.0,False,39.70142827781088,1.06,295.03900146484375,309.6566670735677,336.0769999186198,384.17375,0.1183,0.0054,-11.58,HOLD
2026-06-02,15.770000457763672,4.454999923706055,INTU,Intuit Inc.,322.1400146484375,-8.94,25.0,17.5,6.0,12.5,0.5,5.0,66.5,False,39.961053993804136,1.24,363.01550140380857,397.1953425089518,466.3467046101888,544.6348931884766,0.2328,0.0594,-31.78,HOLD
2026-06-02,15.770000457763672,4.454999923706055,AMGN,Amgen Inc.,328.260009765625,-0.26,18.0,11.5,8.5,12.5,10.5,5.0,66.0,False,42.12063916977551,0.62,331.625666809082,342.808437093099,343.07228291829426,324.1894285583496,0.3105,0.042,-12.26,HOLD
2026-06-02,15.770000457763672,4.454999923706055,AXON,"Axon Enterprise, Inc.",490.1199951171875,2.78,30.0,11.5,6.0,12.5,1.0,5.0,66.0,False,72.68682282995576,0.93,406.9725006103516,424.1241663614909,483.8220006306966,563.0097503662109,1.1446,0.0016,-12.33,HOLD
2026-06-02,15.770000457763672,4.454999923706055,PCAR,PACCAR Inc.,112.88999938964844,3.12,17.0,14.0,8.0,12.5,9.5,5.0,66.0,False,48.09258925112946,0.75,111.87355537414551,116.84574445088704,118.02517236073813,109.75321842193604,0.643,0.025,-6.16,HOLD
2026-06-02,15.770000457763672,4.454999923706055,CDNS,"Cadence Design Systems, Inc.",416.3900146484375,0.54,19.5,8.5,10.0,12.5,10.0,5.0,65.5,False,77.79763011961488,1.14,365.35899963378904,321.1405008951823,314.3843335469564,323.74940032958983,1.125,0.0131,39.7,HOLD
2026-06-02,15.770000457763672,4.454999923706055,MRVL,"Marvell Technology, Inc.",290.7900085449219,32.52,15.0,17.0,5.5,12.5,10.0,5.0,65.0,False,85.87702554367154,3.08,189.4914993286133,142.74893124898276,112.50951410929362,100.13480707168578,1.3724,0.0089,214.02,PARTIAL_SELL
2026-06-02,15.770000457763672,4.454999923706055,TMUS,"T-Mobile US, Inc.",188.8300018310547,1.12,18.5,19.0,5.5,12.5,4.5,5.0,65.0,False,46.181626561280424,1.01,189.81138076782227,197.41494852701823,198.58046696980793,209.09668556213379,0.3966,0.0545,-12.71,HOLD
2026-06-02,15.770000457763672,4.454999923706055,REGN,"Regeneron Pharmaceuticals, Inc.",602.9199829101562,0.38,20.0,14.0,8.5,12.5,4.5,5.0,64.5,False,26.114559355249227,0.87,664.8247253417969,719.921630859375,742.6613377888997,693.326923828125,0.1579,0.0518,-22.75,HOLD
2026-06-02,15.770000457763672,4.454999923706055,CHTR,"Charter Communications, Inc.",140.27000427246094,-1.63,20.5,17.5,4.5,12.5,3.5,5.0,63.5,False,31.994270888736267,0.75,147.23399963378907,191.39633356730144,202.75325024922688,219.5846502685547,0.2055,0.1214,-37.05,HOLD
2026-06-02,15.770000457763672,4.454999923706055,PEP,"Pepsico, Inc.",142.0,0.34,24.0,10.0,7.5,12.5,4.5,5.0,63.5,False,32.63540443574411,1.07,149.28949966430665,153.5528330485026,152.92224210103353,149.02890991210938,0.062,0.0451,-12.09,HOLD
2026-06-02,15.770000457763672,4.454999923706055,AEP,American Electric Power Company,127.11000061035156,2.68,16.0,10.0,8.5,12.5,11.0,5.0,63.0,False,44.29922028895501,0.7,129.2718078613281,130.97319437662762,125.17636070251464,120.32106842041016,0.2993,-0.1005,-2.9,HOLD
2026-06-02,15.770000457763672,4.454999923706055,ADP,"Automatic Data Processing, Inc.",231.17999267578125,-1.1,20.0,13.0,7.5,12.5,5.0,5.0,63.0,False,65.24641552791988,1.06,217.69649963378907,208.8642573038737,225.14355659484863,245.2350804901123,0.9657,0.0514,4.51,HOLD
2026-06-02,15.770000457763672,4.454999923706055,WMT,Walmart Inc.,113.05999755859375,-1.34,19.5,7.0,7.0,12.5,11.5,5.0,62.5,False,25.89297451764945,1.18,125.67475395202636,125.57385559082032,122.65051396687825,114.74164180755615,0.055,0.0076,-8.71,HOLD
2026-06-02,15.770000457763672,4.454999923706055,PANW,"Palo Alto Networks, Inc.",297.17999267578125,-1.1,22.5,7.0,7.5,12.5,8.0,5.0,62.5,False,81.16049242284276,1.57,240.01699981689453,191.74916712443033,183.34666709899903,190.64535018920898,0.9329,0.0119,80.0,HOLD
2026-06-02,15.770000457763672,4.454999923706055,KHC,The Kraft Heinz Company,23.329999923706055,-1.27,12.5,14.5,7.0,12.5,11.0,5.0,62.5,False,49.640301926345344,0.84,23.520500087738036,22.784999974568684,23.236540428797404,23.90879117012024,0.3985,0.1161,-4.54,HOLD
2026-06-02,15.770000457763672,4.454999923706055,ORLY,"O'Reilly Automotive, Inc.",86.2300033569336,-0.47,21.5,11.5,8.5,12.5,2.5,5.0,61.5,False,33.4489310955865,0.69,90.81049919128418,91.8184996287028,93.05849971771241,96.4048998260498,0.0607,0.0186,-8.86,HOLD
2026-06-02,15.770000457763672,4.454999923706055,IDXX,"IDEXX Laboratories, Inc.",550.8200073242188,-2.82,24.5,7.0,7.5,12.5,4.5,5.0,61.0,False,46.42438921407037,0.97,552.3214965820313,567.5584981282552,620.3289978027344,637.2524978637696,0.475,0.0181,-9.77,HOLD
2026-06-02,15.770000457763672,4.454999923706055,MELI,"MercadoLibre, Inc.",1672.8299560546875,-3.36,18.0,14.0,7.0,12.5,4.5,5.0,61.0,False,47.39106432488018,0.63,1666.3365173339844,1724.0176717122397,1870.3115041097005,2020.201654663086,0.5175,-0.0484,-5.46,HOLD
2026-06-02,15.770000457763672,4.454999923706055,TRI,Thomson Reuters Corp,86.33000183105469,-8.12,21.5,14.0,3.5,12.5,4.5,5.0,61.0,False,48.58784251166602,0.77,86.89188499450684,89.27603556315104,99.94531339009603,120.18246982574463,0.4681,0.0445,-20.8,HOLD
2026-06-02,15.770000457763672,4.454999923706055,CTSH,Cognizant Technology Solutions ,55.13999938964844,-3.53,18.5,17.5,4.5,12.5,3.0,5.0,61.0,False,55.59916247565769,0.98,51.268924713134766,56.52275320688884,66.72914737065634,68.00506986618042,0.8085,0.0732,-14.11,HOLD
2026-06-02,15.770000457763672,4.454999923706055,PYPL,"PayPal Holdings, Inc.",44.529998779296875,-1.46,15.0,16.0,6.5,12.5,5.5,5.0,60.5,False,41.97361365487225,0.69,44.8754997253418,46.3211664835612,49.28156359990438,56.333181591033934,0.3905,0.104,-3.53,HOLD
2026-06-02,15.770000457763672,4.454999923706055,PAYX,"Paychex, Inc.",100.79000091552734,-1.61,18.5,13.0,6.5,12.5,5.0,5.0,60.5,False,65.52926510687976,0.77,94.16392860412597,91.8781125386556,97.31432348887125,106.70943927764893,0.9928,,3.85,HOLD
2026-06-02,15.770000457763672,4.454999923706055,FAST,Fastenal Company,44.72999954223633,1.68,19.0,7.0,9.0,12.5,8.0,5.0,60.5,False,53.20497195015066,0.63,44.04349975585937,44.91388327280681,44.202062892913816,44.19432535171509,0.8406,0.0176,-3.91,HOLD
2026-06-02,15.770000457763672,4.454999923706055,HON,Honeywell International Inc.,235.22999572753906,-0.55,9.5,11.5,9.5,12.5,12.0,5.0,60.0,False,66.50884246008906,1.05,222.08113861083984,223.9779479980469,220.70440622965495,210.451537399292,0.8568,0.0197,-0.45,HOLD
2026-06-02,15.770000457763672,4.454999923706055,XEL,Xcel Energy Inc.,77.87000274658203,1.91,14.0,10.0,7.5,12.5,11.0,5.0,60.0,False,42.9488398881711,1.05,79.69850044250488,79.92482528686523,78.10105845133464,77.41531303405762,0.1397,-0.1537,-4.45,HOLD
2026-06-02,15.770000457763672,4.454999923706055,INTC,Intel Corporation,107.93000030517578,-1.28,3.5,17.0,7.5,12.5,14.5,5.0,60.0,False,52.101968553553334,0.75,116.25649986267089,78.43266658782959,61.13741668065389,50.022850017547604,0.1803,-0.0153,136.79,HOLD
2026-06-02,15.770000457763672,4.454999923706055,SHOP,Shopify Inc.,117.01000213623047,-5.73,18.5,13.0,7.5,12.5,3.0,5.0,59.5,False,54.92264047828092,0.61,106.66700019836426,117.19433377583822,130.20875002543133,139.35759994506836,0.8464,0.0083,-12.35,WEAK
2026-06-02,15.770000457763672,4.454999923706055,PDD,PDD Holdings Inc.,88.18000030517578,1.08,20.5,16.0,5.0,12.5,0.5,5.0,59.5,False,39.63177493745057,0.74,94.69000015258788,98.66433347066244,103.3837501525879,112.95260005950928,0.2119,0.5708,-14.09,WEAK
2026-06-02,15.770000457763672,4.454999923706055,CTAS,Cintas Corporation,173.30999755859375,0.24,20.0,10.0,6.5,12.5,4.5,5.0,58.5,False,53.26190720275807,1.26,169.73696594238282,175.2099281311035,183.77593332926432,187.92193908691405,0.7652,0.0217,-13.44,WEAK
2026-06-02,15.770000457763672,4.454999923706055,CEG,Constellation Energy Corporatio,272.6499938964844,2.62,30.0,5.5,4.5,12.5,0.5,5.0,58.0,False,42.997620565244134,1.73,287.5757308959961,293.60833536783855,305.90123710632326,321.7298415374756,0.2953,-0.0455,-15.45,WEAK
2026-06-02,15.770000457763672,4.454999923706055,INSM,Insmed Incorporated,103.7300033569336,-2.17,15.0,14.0,8.0,12.5,3.5,5.0,58.0,False,33.8606768463071,0.54,111.20350074768066,134.53266639709472,149.48750019073486,155.67219989776612,0.3159,-0.027,-27.53,WEAK
2026-06-02,15.770000457763672,4.454999923706055,SNPS,"Synopsys, Inc.",508.3500061035156,3.26,15.5,8.5,7.5,12.5,8.5,5.0,57.5,False,55.36193274597861,1.16,505.85250091552734,457.68150227864584,462.0635025024414,467.8629014587402,0.5436,0.0364,16.27,WEAK
2026-06-02,15.770000457763672,4.454999923706055,DASH,"DoorDash, Inc.",156.9499969482422,-4.75,19.0,7.0,8.5,12.5,4.5,5.0,56.5,False,45.79186993908434,0.55,159.53749923706056,163.4244160970052,183.48470815022787,207.64509971618654,0.3802,0.0336,-11.12,WEAK
2026-06-02,15.770000457763672,4.454999923706055,VRSK,"Verisk Analytics, Inc.",179.10000610351562,-2.65,19.0,11.5,5.5,12.5,3.0,5.0,56.5,False,55.38720186504394,1.2,171.16350250244142,181.212744140625,194.7471088409424,212.6864392852783,0.8162,0.0402,-14.61,WEAK
2026-06-02,15.770000457763672,4.454999923706055,FANG,"Diamondback Energy, Inc.",202.39999389648438,1.69,11.0,4.0,7.5,12.5,15.5,5.0,55.5,False,55.8288771190927,0.8,198.3262191772461,193.31891581217448,175.4852264404297,162.08817665100096,0.6789,0.0245,11.29,WEAK
2026-06-02,15.770000457763672,4.454999923706055,CPRT,"Copart, Inc.",30.860000610351562,-4.52,20.5,7.0,6.0,12.5,4.0,5.0,55.0,False,32.99440057944837,1.1,33.10349998474121,33.36700019836426,36.20633347829183,39.44095006942749,-0.2528,0.035,-17.86,WEAK
2026-06-02,15.770000457763672,4.454999923706055,KDP,Keurig Dr Pepper Inc.,30.360000610351562,0.53,7.0,12.5,7.5,12.5,10.0,5.0,54.5,False,68.16841014776529,0.98,29.260000228881836,27.708782895406088,27.92639733950297,27.67840956687927,0.9651,-0.3957,8.65,WEAK
2026-06-02,15.770000457763672,4.454999923706055,ZS,"Zscaler, Inc.",144.14999389648438,-7.42,19.5,13.0,2.5,12.5,1.5,5.0,54.0,False,46.94057724446296,1.23,155.2869987487793,145.38316612243653,172.7266248703003,220.29432529449463,0.3359,0.0476,-11.36,WEAK
2026-06-02,15.770000457763672,4.454999923706055,GEHC,GE HealthCare Technologies Inc.,61.9900016784668,-1.12,14.0,11.5,7.0,12.5,3.5,5.0,53.5,False,40.48073802860333,0.61,62.53725051879883,67.87609106699625,75.01689354578654,75.1872223854065,0.382,0.0526,-18.0,WEAK
2026-06-02,15.770000457763672,4.454999923706055,ODFL,"Old Dominion Freight Line, Inc.",229.0800018310547,0.24,6.0,7.0,8.5,12.5,14.0,5.0,53.0,False,69.8469140722645,0.95,207.33499908447266,202.91533279418945,190.6910213470459,171.04746646881102,0.943,0.0181,16.15,WEAK
2026-06-02,15.770000457763672,4.454999923706055,TSLA,"Tesla, Inc.",423.739990234375,1.89,15.5,7.0,6.5,12.5,6.5,5.0,53.0,False,53.58756311722899,0.71,424.20899963378906,393.48216705322267,414.1470006306966,412.9512503051758,0.4927,0.0033,6.29,WEAK
2026-06-02,15.770000457763672,4.454999923706055,CMCSA,Comcast Corporation,24.850000381469727,-0.8,17.0,5.5,8.5,12.5,3.5,5.0,52.0,False,36.079323331180284,0.7,25.226999855041505,27.50073906580607,28.167713944117228,27.915766963958742,0.3202,0.0452,-19.01,WEAK
2026-06-02,15.770000457763672,4.454999923706055,WBD,"Warner Bros. Discovery, Inc. - ",27.18000030517578,-0.26,8.5,5.5,7.0,12.5,13.5,5.0,52.0,False,50.75777134799924,1.03,27.14000024795532,27.25983330408732,27.827166668574016,24.26610005378723,0.5931,0.271,-2.05,WEAK
2026-06-02,15.770000457763672,4.454999923706055,EXC,Exelon Corporation,45.0,0.65,7.0,8.5,9.0,12.5,9.5,5.0,51.5,False,45.36588947781999,0.77,44.946499824523926,47.01433327992757,45.90729694366455,45.40144105911255,0.516,-0.061,-8.42,WEAK
2026-06-02,15.770000457763672,4.454999923706055,FER,Ferrovial N.V.,66.33999633789062,-0.38,10.0,4.0,8.5,12.5,11.0,5.0,51.0,False,44.17909140622505,0.62,68.05500068664551,66.96549256642659,67.45019785563152,64.22297323226928,0.205,0.0068,1.61,WEAK
2026-06-02,15.770000457763672,4.454999923706055,TTWO,"Take-Two Interactive Software, ",222.3800048828125,-2.03,10.5,8.5,7.5,12.5,6.5,5.0,50.5,False,48.620341127678486,0.96,228.07150115966797,213.37700017293295,221.7746669769287,231.6963498687744,0.3327,0.0351,3.61,WEAK
2026-06-02,15.770000457763672,4.454999923706055,CRWD,"CrowdStrike Holdings, Inc.",768.9500122070312,-1.69,10.5,5.5,8.0,12.5,8.0,5.0,49.5,False,82.5925187903718,1.12,613.5335021972656,486.09049936930336,464.7992497762044,473.71175048828127,0.9347,0.0082,77.12,PARTIAL_SELL
2026-06-02,15.770000457763672,4.454999923706055,MSTR,Strategy Inc,136.0800018310547,-9.15,14.0,11.5,2.0,12.5,2.5,5.0,47.5,False,34.08415517137739,1.95,169.8229995727539,153.43316701253255,152.0957503636678,205.31310031890868,-0.0299,-0.1817,-2.07,SELL
2026-06-03,16.059999465942383,4.491000175476074,GOOGL,Alphabet Inc.,358.989990234375,-0.79,30.0,18.5,8.0,12.5,18.5,5.0,92.5,False,38.82705313217147,1.76,388.14100036621096,343.69483337402346,330.64009755452474,302.1450526428223,-0.1161,0.0064,16.92,STRONG_BUY
2026-06-03,16.059999465942383,4.491000175476074,NVDA,NVIDIA Corporation,214.75,-3.62,30.0,20.5,9.5,12.5,12.5,5.0,90.0,False,51.139714525759494,0.85,218.88300170898438,198.4850003560384,191.62458330790201,188.23082138061523,0.3424,0.0089,16.23,STRONG_BUY
2026-06-03,16.059999465942383,4.491000175476074,GOOG,Alphabet Inc.,355.67999267578125,-0.76,30.0,18.5,5.0,12.5,18.5,5.0,89.5,False,38.40670545084366,1.95,384.6119979858398,341.3249984741211,329.717493947347,301.819864730835,-0.1105,0.0065,15.88,STRONG_BUY
2026-06-03,16.059999465942383,4.491000175476074,MU,"Micron Technology, Inc.",1079.5699462890625,1.45,29.0,20.5,10.0,12.5,10.0,5.0,87.0,False,82.36824784640777,0.71,822.4794952392579,567.8863794962565,462.39904772440593,352.6422626113892,0.9751,0.0024,167.92,STRONG_BUY
2026-06-03,16.059999465942383,4.491000175476074,ADI,"Analog Devices, Inc.",437.6700134277344,3.42,29.0,19.0,9.0,12.5,12.5,5.0,87.0,False,63.43454921939647,1.15,414.2422470092773,367.84889068603513,337.7180946350098,299.60976524353026,0.9678,0.0181,37.66,STRONG_BUY
2026-06-03,16.059999465942383,4.491000175476074,AVGO,Broadcom Inc.,479.2300109863281,-0.49,30.0,18.5,8.0,12.5,12.0,5.0,86.0,False,73.33814617959351,1.61,430.68700103759767,383.40011037190754,360.1331034342448,353.8847540283203,1.0837,0.0112,40.18,STRONG_BUY
2026-06-03,16.059999465942383,4.491000175476074,STX,Seagate Technology Holdings PLC,940.6900024414062,1.52,27.5,19.0,10.0,12.5,12.0,5.0,86.0,False,79.2872335371286,0.79,825.4919952392578,606.0014444986979,479.52456487019856,378.58092086791993,0.9701,0.0076,145.21,STRONG_BUY
2026-06-03,16.059999465942383,4.491000175476074,META,"Meta Platforms, Inc.",622.97998046875,4.24,30.0,20.5,8.0,12.5,9.5,5.0,85.5,False,51.457470748351945,1.3,613.1734985351562,619.5349884033203,637.4621231079102,663.2217910766601,0.7159,0.0162,-4.67,STRONG_BUY
2026-06-03,16.059999465942383,4.491000175476074,WDC,Western Digital Corporation,594.1099853515625,5.51,29.0,19.0,8.5,12.5,10.0,5.0,84.0,False,80.37729306934298,1.06,503.13899688720704,393.09716466267906,313.46576296488445,237.7910461807251,1.1052,0.0101,123.17,STRONG_BUY
2026-06-03,16.059999465942383,4.491000175476074,AMZN,"Amazon.com, Inc.",250.02000427246094,-2.53,26.5,14.5,8.5,12.5,16.5,5.0,83.5,False,39.38886705372331,1.28,266.4355018615723,243.03783365885417,234.1849168141683,231.92670013427735,-0.1666,0.0036,16.65,STRONG_BUY
2026-06-03,16.059999465942383,4.491000175476074,ROST,"Ross Stores, Inc.",232.6199951171875,3.93,30.0,10.0,10.0,12.5,15.5,5.0,83.0,False,58.56235822837497,0.73,222.5169990539551,220.33286616007487,205.75711898803712,185.94833106994628,0.7997,0.0272,9.48,STRONG_BUY
2026-06-03,16.059999465942383,4.491000175476074,NXPI,NXP Semiconductors N.V.,321.8800048828125,-0.54,26.0,17.5,9.0,12.5,12.5,5.0,82.5,False,62.91005944662108,0.73,307.76000061035154,246.51027196248373,237.5743480682373,228.57021209716797,0.7419,0.0336,59.36,BUY
2026-06-03,16.059999465942383,4.491000175476074,LRCX,Lam Research Corporation,343.7099914550781,2.78,29.0,14.5,9.0,12.5,12.0,5.0,82.0,False,73.47195617408197,0.93,303.31949615478516,261.7826649983724,236.20445696512857,196.034192237854,1.0419,0.0101,59.69,BUY
2026-06-03,16.059999465942383,4.491000175476074,TXN,Texas Instruments Incorporated,308.5899963378906,0.15,26.0,17.0,9.0,12.5,12.5,5.0,82.0,False,59.99954237822447,0.83,303.0960037231445,246.98254801432293,222.09760754903158,202.97594940185547,0.6358,0.0038,57.07,BUY
2026-06-03,16.059999465942383,4.491000175476074,AMAT,"Applied Materials, Inc.",500.7699890136719,2.19,28.0,14.5,9.0,12.5,12.0,5.0,81.0,False,73.93057497781183,1.01,440.8090576171875,395.1824066162109,354.248085530599,296.4245767974854,1.1392,0.0076,44.96,BUY
2026-06-03,16.059999465942383,4.491000175476074,DXCM,"DexCom, Inc.",72.7699966430664,-0.93,28.5,14.0,9.5,12.5,11.5,5.0,81.0,False,64.02728701101668,0.57,66.86449966430663,64.69483299255371,67.34583326975505,67.73030004501342,0.74,0.0376,7.35,BUY
2026-06-03,16.059999465942383,4.491000175476074,AAPL,Apple Inc.,310.260009765625,-1.57,25.5,14.5,9.5,12.5,14.0,5.0,81.0,False,65.8589125150908,1.06,302.0325393676758,274.50169728597007,269.93534495035806,263.9718334197998,0.7434,0.0222,19.06,BUY
2026-06-03,16.059999465942383,4.491000175476074,EA,Electronic Arts Inc.,202.6300048828125,0.31,26.5,15.5,10.0,12.5,11.0,5.0,80.5,False,62.32976790313748,0.77,200.99665908813478,201.64407068888346,201.97150026957195,197.15523834228514,1.0484,0.0437,1.38,BUY
2026-06-03,16.059999465942383,4.491000175476074,CSCO,"Cisco Systems, Inc.",126.5,-1.17,26.5,14.5,10.0,12.5,12.0,5.0,80.5,False,77.43581033851224,0.97,112.70499992370605,92.89847335815429,85.20521278381348,79.13731674194337,0.8026,0.0186,63.69,BUY
2026-06-03,16.059999465942383,4.491000175476074,AMD,"Advanced Micro Devices, Inc.",542.52001953125,4.02,24.5,17.0,9.0,12.5,12.0,5.0,80.0,False,77.78083233944645,0.77,465.94750213623047,322.88416748046876,269.61625010172526,242.73905014038087,0.9666,0.0081,166.95,BUY
2026-06-03,16.059999465942383,4.491000175476074,MPWR,"Monolithic Power Systems, Inc.",1689.8900146484375,3.99,29.0,13.0,9.5,12.5,11.0,5.0,80.0,False,60.69282268815269,0.64,1595.1339965820312,1388.0255971272786,1223.4374262491863,1103.7525604248046,0.9064,0.0059,60.37,BUY
2026-06-03,16.059999465942383,4.491000175476074,APP,Applovin Corporation,570.8300170898438,-5.75,30.0,13.0,7.5,12.5,11.5,5.0,79.5,False,61.50591582166749,0.62,517.4695037841797,464.7998362223307,507.4986259460449,538.7296759033203,0.7438,0.0166,19.57,BUY
2026-06-03,16.059999465942383,4.491000175476074,BKR,Baker Hughes Company,64.2699966430664,-0.42,25.5,10.0,9.0,12.5,17.0,5.0,79.0,False,48.52593985034196,0.77,64.93500022888183,62.969920539855956,58.47238432566325,53.80948312759399,0.3592,0.0494,8.67,BUY
2026-06-03,16.059999465942383,4.491000175476074,QCOM,QUALCOMM Incorporated,250.00999450683594,3.81,21.5,19.0,8.5,12.5,12.0,5.0,78.5,False,65.0254742564804,0.68,221.3245002746582,165.41683349609374,161.02125879923503,162.61088554382323,0.8566,0.0364,84.92,BUY
2026-06-03,16.059999465942383,4.491000175476074,MSFT,Microsoft Corporation,427.3399963378906,-3.17,28.0,18.5,8.0,12.5,6.5,5.0,78.5,False,52.83233742013781,0.97,421.5872863769531,403.7594696044922,422.82630462646483,455.3090647888184,0.601,0.0117,5.55,BUY
2026-06-03,16.059999465942383,4.491000175476074,GILD,"Gilead Sciences, Inc.",128.99000549316406,1.11,30.0,11.5,9.0,12.5,9.0,5.0,77.0,False,41.6720203617896,0.91,132.31450080871582,135.93244336446125,135.30418281555177,127.90121467590332,0.1627,0.0495,-12.68,BUY
2026-06-03,16.059999465942383,4.491000175476074,ABNB,"Airbnb, Inc.",133.58999633789062,-0.57,24.0,14.0,9.0,12.5,12.0,5.0,76.5,False,47.126665807027436,0.84,134.99300155639648,133.9448336283366,132.57237491607665,128.74532497406005,0.3796,0.0402,0.87,BUY
2026-06-03,16.059999465942383,4.491000175476074,BKNG,Booking Holdings Inc. Common St,164.77999877929688,-1.45,30.0,16.0,8.5,12.5,4.5,5.0,76.5,False,48.30916008833417,0.87,162.24949951171874,170.5581802368164,182.7296506245931,193.39455772399901,0.6055,0.0554,-5.77,BUY
2026-06-03,16.059999465942383,4.491000175476074,ASML,ASML Holding N.V. - New York Re,1726.3599853515625,1.23,24.0,13.0,7.5,12.5,14.0,5.0,76.0,False,68.14295344887248,1.11,1581.179998779297,1455.5216756184896,1375.877766418457,1205.86149017334,1.0291,0.0124,25.06,BUY
2026-06-03,16.059999465942383,4.491000175476074,ADSK,"Autodesk, Inc.",229.60000610351562,-2.98,30.0,17.5,6.0,12.5,4.5,5.0,75.5,False,43.373354707481255,0.98,239.27200088500976,240.18233337402344,252.46316668192546,274.2464000701904,0.0802,0.0631,-9.55,BUY
2026-06-03,16.059999465942383,4.491000175476074,MCHP,Microchip Technology Incorporat,96.55000305175781,-0.42,19.5,17.5,8.5,12.5,12.5,5.0,75.5,False,57.7957764655001,0.87,95.7944435119629,80.75908031463624,76.28729769388835,70.23969089508057,0.5594,0.0218,48.53,BUY
2026-06-03,16.059999465942383,4.491000175476074,MDLZ,"Mondelez International, Inc.",61.310001373291016,0.39,23.0,12.5,9.0,12.5,13.0,5.0,75.0,False,53.95445350314252,0.89,61.46399993896485,58.86408564249675,57.78325611750285,58.204270877838134,0.414,0.0362,9.3,BUY
2026-06-03,16.059999465942383,4.491000175476074,LITE,Lumentum Holdings Inc.,938.0,-8.86,20.5,17.5,6.5,12.5,12.5,5.0,74.5,False,51.97079204292642,0.9,937.2195037841797,845.0776672363281,654.5067504882812,470.5617252349854,0.5033,0.0013,39.58,BUY
2026-06-03,16.059999465942383,4.491000175476074,ROP,"Roper Technologies, Inc.",331.70001220703125,-1.43,30.0,15.5,7.0,12.5,4.5,5.0,74.5,False,47.87530023443971,0.67,329.1285003662109,345.7849975585938,368.98753407796227,415.1076663208008,0.5588,0.0648,-6.03,BUY
2026-06-03,16.059999465942383,4.491000175476074,NFLX,"Netflix, Inc.",81.5199966430664,-2.17,30.0,14.5,6.0,12.5,6.0,5.0,74.0,False,27.252920225283532,1.07,87.0859992980957,92.80583305358887,90.42966658274332,100.6171449661255,-0.2018,0.0757,-15.91,BUY
2026-06-03,16.059999465942383,4.491000175476074,COST,Costco Wholesale Corporation,961.8300170898438,0.79,28.5,7.0,9.5,12.5,11.5,5.0,74.0,False,37.86628295819207,0.79,1015.2534881591797,1002.6567026774088,972.2397761027019,954.8115130615234,0.1806,0.0165,-3.42,BUY
2026-06-03,16.059999465942383,4.491000175476074,DDOG,"Datadog, Inc.",250.3300018310547,-6.99,24.0,13.0,7.5,12.5,11.5,5.0,73.5,False,70.57352845671808,1.08,217.12800064086915,155.6801668802897,141.64104181925455,145.958550491333,0.7856,0.0105,103.39,BUY
2026-06-03,16.059999465942383,4.491000175476074,ADBE,Adobe Inc.,256.239990234375,-2.24,25.5,17.5,5.5,12.5,7.5,5.0,73.5,False,53.555397851929754,0.98,249.59999923706056,247.24933344523112,275.18525009155275,302.6185498046875,0.6707,0.09,-6.87,BUY
2026-06-03,16.059999465942383,4.491000175476074,VRTX,Vertex Pharmaceuticals Incorpor,428.3399963378906,0.76,28.0,11.5,9.0,12.5,7.5,5.0,73.5,False,43.775094992381916,1.02,436.8115005493164,442.40883382161456,453.7043327331543,436.6309991455078,0.2507,0.0256,-14.19,BUY
2026-06-03,16.059999465942383,4.491000175476074,MNST,Monster Beverage Corporation,89.04000091552734,0.91,25.5,8.5,9.0,12.5,12.0,5.0,72.5,False,66.16743169906391,0.72,86.22849960327149,78.88699989318847,79.07191677093506,74.59620014190673,0.7015,0.0193,16.09,BUY
2026-06-03,16.059999465942383,4.491000175476074,CSX,CSX Corporation,46.439998626708984,0.65,19.0,11.5,10.0,12.5,14.0,5.0,72.0,False,59.605432088276515,0.86,45.54055290222168,43.03645820617676,40.63981952667236,38.12920255661011,0.7956,0.0131,13.87,BUY
2026-06-03,16.059999465942383,4.491000175476074,SBUX,Starbucks Corporation,95.88999938964844,0.4,19.5,14.0,7.5,12.5,13.5,5.0,72.0,False,32.80393369217532,1.1,103.04331092834472,98.65882860819498,95.02809638977051,90.30697101593017,0.0174,-0.0119,-4.28,BUY
2026-06-03,16.059999465942383,4.491000175476074,LIN,Linde plc,507.57000732421875,2.35,17.5,13.0,10.0,12.5,13.5,5.0,71.5,False,52.88018061947288,1.05,505.36100006103516,499.4871658325195,476.0010144551595,463.86772232055665,0.5765,0.02,6.56,HOLD
2026-06-03,16.059999465942383,4.491000175476074,PLTR,Palantir Technologies Inc.,142.1999969482422,-6.55,30.0,14.5,5.0,12.5,4.5,5.0,71.5,False,50.23684487686752,0.96,139.25774841308595,143.54074935913087,152.66845817565917,161.3463998413086,0.5909,0.0051,-5.92,HOLD
2026-06-03,16.059999465942383,4.491000175476074,PANW,"Palo Alto Networks, Inc.",280.42999267578125,-5.64,22.5,10.0,8.0,12.5,13.5,5.0,71.5,False,69.58215434145525,1.43,244.83949966430663,193.67133356730145,184.05858370463054,191.16205017089842,0.7834,0.0126,69.36,HOLD
2026-06-03,16.059999465942383,4.491000175476074,KLAC,KLA Corporation,2125.110107421875,3.91,18.5,14.5,6.5,12.5,14.0,5.0,71.0,False,69.46394731762337,0.99,1880.9446228027343,1712.7925130208334,1557.2753774007163,1362.6004373168946,1.1115,0.0104,46.45,HOLD
2026-06-03,16.059999465942383,4.491000175476074,WDAY,"Workday, Inc.",146.89999389648438,-1.33,28.5,17.5,4.5,12.5,3.0,5.0,71.0,False,61.7166351887147,0.77,129.7094997406006,127.93350016276041,154.2729164123535,184.8034497833252,0.8832,0.086,3.09,HOLD
2026-06-03,16.059999465942383,4.491000175476074,SNDK,Sandisk Corporation,1831.5,6.71,19.0,13.0,9.5,12.5,12.0,5.0,71.0,False,74.23555481695722,0.89,1525.2304992675781,1066.1969980875651,759.7446662902832,514.0999251365662,1.0218,0.0083,195.93,HOLD
2026-06-03,16.059999465942383,4.491000175476074,ARM,Arm Holdings plc,411.8299865722656,2.26,25.5,10.0,7.5,12.5,10.0,5.0,70.5,False,81.14513847763135,0.84,278.94700012207034,199.90225092569986,158.69745871225993,154.85347522735594,0.9573,0.0017,241.63,HOLD
2026-06-03,16.059999465942383,4.491000175476074,MAR,Marriott International,376.75,0.8,16.5,11.5,9.0,12.5,15.5,5.0,70.0,False,60.517678257078586,0.7,364.60314178466797,349.9899373372396,337.05616404215493,311.08246658325197,0.7464,0.0181,15.8,HOLD
2026-06-03,16.059999465942383,4.491000175476074,FTNT,"Fortinet, Inc.",146.47999572753906,-1.6,25.0,8.5,8.0,12.5,10.0,5.0,69.0,False,80.1622322960357,1.07,126.16000022888184,97.27449989318848,88.88716665903728,86.2613500213623,0.8579,0.0169,73.97,HOLD
2026-06-03,16.059999465942383,4.491000175476074,ISRG,"Intuitive Surgical, Inc.",407.2900085449219,1.24,30.0,11.5,7.5,12.5,2.5,5.0,69.0,False,35.21535521775483,1.06,431.11999969482423,454.88599955240886,492.0368336995443,493.9514012145996,0.0988,0.0156,-16.17,HOLD
2026-06-03,16.059999465942383,4.491000175476074,INTU,Intuit Inc.,311.44000244140625,-3.32,25.0,17.5,6.0,12.5,2.5,5.0,68.5,False,37.95218708864001,0.93,358.67150115966797,394.515830485026,463.5043050130208,542.6325067138672,0.1968,0.0614,-31.18,HOLD
2026-06-03,16.059999465942383,4.491000175476074,AXON,"Axon Enterprise, Inc.",481.4800109863281,-1.76,30.0,11.5,6.0,12.5,3.0,5.0,68.0,False,69.06185334471913,0.93,412.01650085449216,422.83116658528644,483.2789171854655,561.6459504699707,0.9875,0.0016,-9.15,HOLD
2026-06-03,16.059999465942383,4.491000175476074,CHTR,"Charter Communications, Inc.",129.00999450683594,-8.03,20.5,17.5,3.5,12.5,7.5,5.0,66.5,False,26.296481129853433,1.38,145.77299957275392,189.83300018310547,202.1189168294271,218.89070030212403,-0.133,0.132,-41.18,HOLD
2026-06-03,16.059999465942383,4.491000175476074,PCAR,PACCAR Inc.,114.37999725341797,1.32,17.0,14.0,7.0,12.5,10.0,5.0,65.5,False,51.62130803193156,1.13,111.93911552429199,116.74713872273763,118.08724657694499,109.84456520080566,0.8306,0.0247,-3.6,HOLD
2026-06-03,16.059999465942383,4.491000175476074,CDNS,"Cadence Design Systems, Inc.",408.0,-2.01,19.5,8.5,10.0,12.5,10.0,5.0,65.5,False,71.99286703483361,1.23,368.07749938964844,322.97300109863284,314.9920834859212,324.0400003051758,0.9475,0.0133,39.11,HOLD
2026-06-03,16.059999465942383,4.491000175476074,AMGN,Amgen Inc.,338.2200012207031,3.03,17.5,11.5,8.0,12.5,10.0,5.0,64.5,False,53.285479142792056,0.93,332.18067932128906,342.2096928914388,343.3128313700358,324.44143508911134,0.8326,0.0407,-9.23,HOLD
2026-06-03,16.059999465942383,4.491000175476074,FAST,Fastenal Company,46.459999084472656,3.87,19.0,7.0,8.0,12.5,13.0,5.0,64.5,False,63.80847384911517,1.18,44.14999961853027,44.91235084533692,44.25668449401856,44.186108627319335,1.2823,0.0169,0.88,HOLD
2026-06-03,16.059999465942383,4.491000175476074,SHOP,Shopify Inc.,112.94000244140625,-3.48,20.5,13.0,9.0,12.5,4.5,5.0,64.5,False,50.81288818147258,0.56,106.93250045776367,116.85166714986165,129.81750005086263,139.2149499511719,0.6978,0.0086,-12.69,HOLD
2026-06-03,16.059999465942383,4.491000175476074,PEP,"Pepsico, Inc.",142.5399932861328,0.38,24.0,10.0,8.5,12.5,4.5,5.0,64.5,False,34.25028193845179,0.79,148.66449966430665,153.23633295694987,152.91541531880696,149.0106388092041,0.1346,0.0449,-11.34,HOLD
2026-06-03,16.059999465942383,4.491000175476074,CCEP,Coca-Cola Europacific Partners ,92.41000366210938,1.55,25.5,8.5,5.0,12.5,8.0,5.0,64.5,False,49.07611549973026,1.25,92.21355514526367,93.87359517415365,93.91332194010417,91.45502159118652,0.5306,0.0427,-8.18,HOLD
2026-06-03,16.059999465942383,4.491000175476074,ORLY,"O'Reilly Automotive, Inc.",87.37999725341797,1.33,21.5,11.5,7.5,12.5,6.0,5.0,64.0,False,38.645631073428,1.12,90.42949905395508,91.6979995727539,93.00124969482422,96.33409980773926,0.1971,0.0184,-7.74,HOLD
2026-06-03,16.059999465942383,4.491000175476074,ALNY,"Alnylam Pharmaceuticals, Inc.",292.5799865722656,2.26,22.5,16.0,5.5,12.5,2.5,5.0,64.0,False,45.19082168098073,1.0,294.6125015258789,309.13983357747395,335.055083211263,383.3920999145508,0.4106,0.0052,-9.24,HOLD
2026-06-03,16.059999465942383,4.491000175476074,AEP,American Electric Power Company,126.30999755859375,-0.63,16.0,10.0,7.5,12.5,11.0,5.0,62.0,False,42.71362105308035,0.96,128.78471145629882,130.89653956095378,125.27620112101236,120.40538188934326,0.2245,-0.1012,-3.84,HOLD
2026-06-03,16.059999465942383,4.491000175476074,MELI,"MercadoLibre, Inc.",1638.5400390625,-2.05,18.0,14.0,7.0,12.5,5.5,5.0,62.0,False,44.05977996774043,0.67,1657.398016357422,1721.8346720377604,1866.6786712646485,2016.4328546142578,0.445,-0.0494,-5.94,HOLD
2026-06-03,16.059999465942383,4.491000175476074,CTSH,Cognizant Technology Solutions ,53.5099983215332,-2.96,18.5,17.5,5.5,12.5,2.5,5.0,61.5,False,50.27505020480134,0.76,51.369084167480466,56.344631067911784,66.50859546661377,67.92986122131347,0.6685,0.0754,-14.44,HOLD
2026-06-03,16.059999465942383,4.491000175476074,TMUS,"T-Mobile US, Inc.",181.4499969482422,-3.91,18.5,17.5,4.0,12.5,4.0,5.0,61.5,False,36.07610426551593,1.44,189.2208106994629,196.83367767333985,198.43167406717936,208.7543330383301,-0.1735,0.0568,-16.61,HOLD
2026-06-03,16.059999465942383,4.491000175476074,PDD,PDD Holdings Inc.,85.4000015258789,-3.15,20.5,16.0,5.0,12.5,2.5,5.0,61.5,False,36.290540365504405,0.88,94.12250022888183,98.37700017293294,103.1192501703898,112.78485008239745,0.136,0.5894,-18.56,HOLD
2026-06-03,16.059999465942383,4.491000175476074,KHC,The Kraft Heinz Company,22.760000228881836,-2.44,12.5,14.5,6.0,12.5,11.0,5.0,61.5,False,42.814827320825685,1.17,23.53150005340576,22.756999969482422,23.22762376467387,23.89058948516846,0.0684,0.119,-3.8,HOLD
2026-06-03,16.059999465942383,4.491000175476074,MRVL,"Marvell Technology, Inc.",301.6499938964844,3.73,15.0,14.5,4.5,12.5,10.0,5.0,61.5,False,86.85120611132977,2.86,196.1364990234375,146.23303705851237,114.28333377838135,101.26282314300538,1.1962,0.0086,223.47,PARTIAL_SELL
2026-06-03,16.059999465942383,4.491000175476074,IDXX,"IDEXX Laboratories, Inc.",560.72998046875,1.8,24.5,7.0,7.5,12.5,4.5,5.0,61.0,False,51.02957717963244,1.31,552.2094970703125,566.7298309326172,619.1762476603191,636.8019476318359,0.6427,0.0178,-6.37,HOLD
2026-06-03,16.059999465942383,4.491000175476074,HON,Honeywell International Inc.,223.25999450683594,-5.09,11.0,11.5,9.5,12.5,11.5,5.0,61.0,False,48.63038795388078,1.33,222.84827194213867,223.76075795491536,220.99660428365073,210.5629219818115,0.512,0.0208,-6.7,HOLD
2026-06-03,16.059999465942383,4.491000175476074,TRI,Thomson Reuters Corp,83.43000030517578,-3.36,21.5,14.0,5.0,12.5,2.5,5.0,60.5,False,45.15612164347855,0.52,86.32617568969727,88.84986559549968,99.60060393015543,119.77513801574707,0.3212,0.0461,-17.69,HOLD
2026-06-03,16.059999465942383,4.491000175476074,REGN,"Regeneron Pharmaceuticals, Inc.",618.9500122070312,2.66,20.0,14.0,8.5,12.5,0.5,5.0,60.5,False,33.813433112946385,0.81,660.7110931396485,717.2302256266277,742.0632858276367,693.5354406738281,0.2705,0.0504,-19.71,HOLD
2026-06-03,16.059999465942383,4.491000175476074,ADP,"Automatic Data Processing, Inc.",227.75,-1.48,20.0,13.0,7.0,12.5,3.0,5.0,60.5,False,60.84743217415083,0.89,218.5539993286133,208.97322006225585,224.92089831034343,244.89454345703126,0.812,0.0522,5.64,HOLD
2026-06-03,16.059999465942383,4.491000175476074,CTAS,Cintas Corporation,174.72000122070312,0.81,20.0,10.0,7.5,12.5,5.0,5.0,60.0,False,55.882220926201306,0.89,170.03341369628907,174.78483505249022,183.71331570943195,187.72078300476073,0.8312,0.0216,-10.74,HOLD
2026-06-03,16.059999465942383,4.491000175476074,PAYX,"Paychex, Inc.",98.44999694824219,-2.32,18.5,13.0,6.5,12.5,4.5,5.0,60.0,False,58.92434227528608,0.68,94.50288238525391,91.90141728719075,97.21671657562256,106.5327066040039,0.787,,4.83,HOLD
2026-06-03,16.059999465942383,4.491000175476074,XEL,Xcel Energy Inc.,77.38999938964844,-0.62,14.0,10.0,7.5,12.5,11.0,5.0,60.0,False,41.36150003512533,1.26,79.4955005645752,79.85636507670084,78.12440204620361,77.45073902130127,0.0946,-0.1547,-4.79,HOLD
2026-06-03,16.059999465942383,4.491000175476074,CEG,Constellation Energy Corporatio,267.239990234375,-1.98,30.0,5.5,6.0,12.5,0.5,5.0,59.5,False,40.91443156071878,1.01,284.94158325195315,292.68751932779946,305.1439628601074,321.4633169555664,0.2408,-0.0467,-15.59,WEAK
2026-06-03,16.059999465942383,4.491000175476074,VRSK,"Verisk Analytics, Inc.",178.3300018310547,-0.43,19.0,11.5,6.5,12.5,4.5,5.0,59.0,False,54.40565087552393,0.86,171.05750274658203,180.68909250895183,194.44120864868165,212.24722839355468,0.7968,0.0404,-11.78,WEAK
2026-06-03,16.059999465942383,4.491000175476074,SNPS,"Synopsys, Inc.",498.0199890136719,-2.03,15.5,8.5,8.5,12.5,8.5,5.0,58.5,False,51.58238918707051,0.76,505.6279998779297,458.69483540852866,462.3315856933594,467.2634515380859,0.3681,0.0371,15.11,WEAK
2026-06-03,16.059999465942383,4.491000175476074,INSM,Insmed Incorporated,103.86000061035156,0.13,15.0,14.0,8.0,12.5,3.5,5.0,58.0,False,34.067847127631254,0.57,109.42450065612793,133.87816632588704,148.73491687774657,155.5524998855591,0.3211,-0.0269,-27.8,WEAK
2026-06-03,16.059999465942383,4.491000175476074,INTC,Intel Corporation,112.70999908447266,4.43,3.5,17.0,7.5,12.5,12.5,5.0,58.0,False,56.32866270726502,0.86,116.48449974060058,79.55149987538655,61.73916667302449,50.46360001564026,0.3499,-0.0147,140.94,WEAK
2026-06-03,16.059999465942383,4.491000175476074,PYPL,"PayPal Holdings, Inc.",42.61000061035156,-4.31,15.0,16.0,5.5,12.5,4.0,5.0,58.0,False,32.575892412874424,1.28,44.68149967193604,46.26199982961019,49.13167584737142,56.20192237854004,-0.1122,0.1086,-5.35,WEAK
2026-06-03,16.059999465942383,4.491000175476074,WMT,Walmart Inc.,116.88999938964844,3.39,19.5,7.0,7.5,12.5,5.5,5.0,57.0,False,36.513713945813016,1.24,124.99221076965333,125.45787251790365,122.6714931488037,114.82907955169678,0.2206,0.0074,-6.21,WEAK
2026-06-03,16.059999465942383,4.491000175476074,KDP,Keurig Dr Pepper Inc.,30.549999237060547,0.63,7.0,12.5,8.0,12.5,12.0,5.0,57.0,False,69.74959176530494,1.16,29.341500186920165,27.752229690551758,27.942905314763387,27.66172468185425,0.9639,-0.3933,9.91,WEAK
2026-06-03,16.059999465942383,4.491000175476074,CPRT,"Copart, Inc.",30.350000381469727,-1.65,20.5,7.0,6.0,12.5,4.0,5.0,55.0,False,30.612357157853523,0.93,32.96349992752075,33.24666687647502,36.13891682624817,39.35730006217957,-0.1763,0.0356,-16.41,WEAK
2026-06-03,16.059999465942383,4.491000175476074,TTWO,"Take-Two Interactive Software, ",215.8000030517578,-2.96,10.5,8.5,8.5,12.5,9.5,5.0,54.5,False,42.71102338873986,0.76,227.70600128173828,213.39650014241536,221.5002503712972,231.6144499206543,0.1648,0.0361,3.21,WEAK
2026-06-03,16.059999465942383,4.491000175476074,DASH,"DoorDash, Inc.",154.5800018310547,-1.51,19.0,7.0,7.0,12.5,3.5,5.0,54.0,False,43.93390425762808,0.72,158.95949935913086,163.0575828552246,182.8562914530436,207.1779997253418,0.2923,0.0341,-9.03,WEAK
2026-06-03,16.059999465942383,4.491000175476074,GEHC,GE HealthCare Technologies Inc.,62.029998779296875,0.06,14.0,11.5,7.0,12.5,3.5,5.0,53.5,False,40.68552392183682,0.83,62.5867504119873,67.65003732045491,74.8425045967102,75.13086263656616,0.3748,0.0526,-14.67,WEAK
2026-06-03,16.059999465942383,4.491000175476074,CMCSA,Comcast Corporation,23.520000457763672,-5.35,17.0,5.5,6.0,12.5,7.5,5.0,53.5,False,26.329202554968134,1.35,25.079999923706055,27.381352106730144,28.159283860524496,27.881824598312377,-0.1837,0.0478,-23.42,WEAK
2026-06-03,16.059999465942383,4.491000175476074,WBD,"Warner Bros. Discovery, Inc. - ",27.0,-0.66,8.5,5.5,8.0,12.5,13.5,5.0,53.0,False,45.51106414774518,0.88,27.1290002822876,27.24733330408732,27.816666666666666,24.341850051879884,0.207,0.2728,-2.74,WEAK
2026-06-03,16.059999465942383,4.491000175476074,ZS,"Zscaler, Inc.",134.3699951171875,-6.78,19.5,13.0,2.5,12.5,0.5,5.0,53.0,False,43.28445500638349,1.06,154.9374984741211,144.9123327891032,171.82129154205322,219.59132526397704,0.2034,0.051,-14.2,WEAK
2026-06-03,16.059999465942383,4.491000175476074,TSLA,"Tesla, Inc.",423.70001220703125,-0.01,15.5,7.0,6.5,12.5,6.5,5.0,53.0,False,53.56885896019092,0.86,425.9255004882813,393.89916737874347,413.96808395385744,413.416950378418,0.4599,0.0033,6.13,WEAK
2026-06-03,16.059999465942383,4.491000175476074,FANG,"Diamondback Energy, Inc.",210.58999633789062,4.05,9.5,4.0,7.5,12.5,14.0,5.0,52.5,False,62.79200346220972,1.4,198.60310897827148,193.7977528889974,175.93705838521322,162.45274627685546,0.9869,0.0236,18.71,WEAK
2026-06-03,16.059999465942383,4.491000175476074,ODFL,"Old Dominion Freight Line, Inc.",236.05999755859375,3.05,6.0,7.0,8.5,12.5,12.0,5.0,51.0,False,73.87751118435081,1.24,209.3339988708496,203.56266606648762,191.41916834513347,171.4760209274292,0.9937,0.0176,21.04,WEAK
2026-06-03,16.059999465942383,4.491000175476074,CRWD,"CrowdStrike Holdings, Inc.",747.6099853515625,-2.78,10.5,5.5,7.0,12.5,10.0,5.0,50.5,False,76.31512682174386,1.35,627.0875015258789,491.3151657104492,466.7128331502279,475.31030044555666,0.8422,0.0084,71.34,WEAK
2026-06-03,16.059999465942383,4.491000175476074,EXC,Exelon Corporation,45.08000183105469,0.18,7.0,8.5,8.0,12.5,9.5,5.0,50.5,False,46.045965460594175,1.35,44.89149990081787,46.946666653951006,45.92139298121135,45.40774654388428,0.5602,-0.0609,-8.02,WEAK
2026-06-03,16.059999465942383,4.491000175476074,FER,Ferrovial N.V.,66.38999938964844,0.08,10.0,4.0,7.5,12.5,11.0,5.0,50.0,False,44.393016001730786,1.17,67.92826538085937,66.98382066090902,67.45507062276205,64.28606489181519,0.2408,0.0068,1.51,WEAK
2026-06-03,16.059999465942383,4.491000175476074,MSTR,Strategy Inc,126.54499816894531,-7.01,14.0,11.5,3.5,12.5,2.5,5.0,49.0,False,30.49911956291629,1.27,166.80524978637695,153.2264170328776,151.57537530263264,204.11422527313232,-0.0565,-0.1954,-8.61,SELL
2026-06-04,15.399999618530273,4.4770002365112305,MU,"Micron Technology, Inc.",996.0,-7.74,29.0,20.5,8.0,12.5,15.5,5.0,90.5,False,69.65540554769487,0.98,838.9499938964843,577.7707010904948,468.5032744089762,357.0054076766968,0.7901,0.0026,137.98,STRONG_BUY
2026-06-04,15.399999618530273,4.4770002365112305,ADI,"Analog Devices, Inc.",428.760009765625,-2.04,29.5,19.0,10.0,12.5,14.0,5.0,90.0,False,59.20825784383352,0.68,414.9555145263672,369.69590555826824,338.9583920796712,300.61115196228025,0.7668,0.0185,34.68,STRONG_BUY
2026-06-04,15.399999618530273,4.4770002365112305,GOOGL,Alphabet Inc.,372.19000244140625,3.68,30.0,18.5,9.5,12.5,14.5,5.0,90.0,False,48.651051749292364,1.4,386.84850006103517,344.7806666056315,331.07514139811195,302.9907915496826,0.1971,0.0062,20.57,STRONG_BUY
2026-06-04,15.399999618530273,4.4770002365112305,NVDA,NVIDIA Corporation,218.66000366210938,1.82,30.0,20.5,8.5,12.5,12.5,5.0,89.0,False,54.246418501183626,0.96,219.42450180053712,199.05000025431315,191.91533292134602,188.4142226409912,0.4683,0.0087,17.54,STRONG_BUY
2026-06-04,15.399999618530273,4.4770002365112305,AVGO,Broadcom Inc.,418.9100036621094,-12.59,30.0,18.5,5.5,12.5,15.5,5.0,87.0,False,48.084105856693924,3.09,430.3605010986328,384.6842295328776,360.19636586507164,354.45922256469726,0.3632,0.0129,22.9,STRONG_BUY
2026-06-04,15.399999618530273,4.4770002365112305,META,"Meta Platforms, Inc.",627.5700073242188,0.74,30.0,20.5,8.0,12.5,9.5,5.0,85.5,False,53.12141812975767,1.32,613.9079986572266,619.1026468912761,637.2831685384115,662.5317779541016,0.7895,0.016,-4.09,STRONG_BUY
2026-06-04,15.399999618530273,4.4770002365112305,STX,Seagate Technology Holdings PLC,925.989990234375,-1.56,27.5,19.0,9.0,12.5,12.0,5.0,85.0,False,75.17009259344664,0.66,832.4704956054687,615.0409306844075,484.7609926859538,382.42330780029295,0.8628,0.0077,140.33,STRONG_BUY
2026-06-04,15.399999618530273,4.4770002365112305,LRCX,Lam Research Corporation,336.4100036621094,-2.12,29.0,14.5,9.0,12.5,14.0,5.0,84.0,False,68.48861184059092,0.93,305.28149566650393,263.8023317972819,237.6073849995931,197.22421726226807,0.8897,0.0103,53.7,STRONG_BUY
2026-06-04,15.399999618530273,4.4770002365112305,WDC,Western Digital Corporation,575.5,-3.13,29.0,17.5,7.5,12.5,12.0,5.0,83.5,False,72.90216119532613,0.96,507.7564971923828,398.25183130900064,316.74607162475587,240.28802833557128,0.9177,0.0105,114.09,STRONG_BUY
2026-06-04,15.399999618530273,4.4770002365112305,GOOG,Alphabet Inc.,369.2699890136719,3.82,30.0,18.5,5.0,12.5,12.5,5.0,83.5,False,48.84792456215217,1.72,383.31849670410156,342.36399841308594,330.1216270446777,302.6470603179932,0.2085,0.0062,19.73,STRONG_BUY
2026-06-04,15.399999618530273,4.4770002365112305,AMZN,"Amazon.com, Inc.",253.7899932861328,1.51,26.5,14.5,8.5,12.5,16.5,5.0,83.5,False,43.49822286512628,0.9,265.37550201416013,243.69550018310548,234.3683334350586,232.0382000732422,0.0492,0.0036,19.35,STRONG_BUY
2026-06-04,15.399999618530273,4.4770002365112305,TXN,Texas Instruments Incorporated,305.3699951171875,-1.04,28.0,17.0,8.0,12.5,12.5,5.0,83.0,False,57.87449012605339,0.97,303.8925033569336,248.79768498738608,223.14586245218914,203.55082740783692,0.5385,0.0038,54.49,STRONG_BUY
2026-06-04,15.399999618530273,4.4770002365112305,ROST,"Ross Stores, Inc.",233.05999755859375,0.19,30.0,10.0,10.0,12.5,15.5,5.0,83.0,False,58.91654528200305,0.77,222.7244987487793,220.67589213053387,206.18733202616374,186.3884792327881,0.799,0.0274,9.72,STRONG_BUY
2026-06-04,15.399999618530273,4.4770002365112305,NXPI,NXP Semiconductors N.V.,322.2200012207031,0.11,26.0,17.5,9.0,12.5,12.5,5.0,82.5,False,63.03451425296427,0.86,308.6935012817383,248.51424255371094,238.34627736409504,229.0376531982422,0.7269,0.0335,62.05,BUY
2026-06-04,15.399999618530273,4.4770002365112305,AMAT,"Applied Materials, Inc.",501.70001220703125,0.19,28.0,14.5,10.0,12.5,12.0,5.0,82.0,False,74.10293848818336,0.82,444.48966827392576,397.78656412760415,356.14170201619464,298.12138084411623,1.0321,0.0076,43.08,BUY
2026-06-04,15.399999618530273,4.4770002365112305,EA,Electronic Arts Inc.,203.39999389648438,0.38,26.5,15.5,9.0,12.5,13.0,5.0,81.5,False,67.65087978398701,1.32,201.13664321899415,201.70272038777668,201.9737871805827,197.3297555541992,1.1213,0.0435,1.84,BUY
2026-06-04,15.399999618530273,4.4770002365112305,AAPL,Apple Inc.,311.2300109863281,0.31,25.5,14.5,10.0,12.5,14.0,5.0,81.5,False,66.61216002881244,0.8,303.2317718505859,275.3456990559896,270.2100709279378,264.3767910003662,0.7523,0.0221,19.44,BUY
2026-06-04,15.399999618530273,4.4770002365112305,CSCO,"Cisco Systems, Inc.",130.0,2.77,26.5,14.5,10.0,12.5,12.0,5.0,80.5,False,79.76239284505137,0.78,114.62299995422363,93.77711944580078,85.6269406000773,79.4581308746338,0.8532,0.0181,67.36,BUY
2026-06-04,15.399999618530273,4.4770002365112305,MPWR,"Monolithic Power Systems, Inc.",1652.5999755859375,-2.21,29.0,13.0,7.5,12.5,12.5,5.0,79.5,False,57.208736673927376,1.04,1595.1464965820312,1398.0070424397786,1229.0806198120117,1107.7871109008788,0.7464,0.0061,54.6,BUY
2026-06-04,15.399999618530273,4.4770002365112305,MSFT,Microsoft Corporation,428.04998779296875,0.17,28.0,18.5,9.0,12.5,6.5,5.0,79.5,False,53.1470876205744,0.71,422.3365188598633,404.14558461507164,422.42306900024414,454.8843034362793,0.6009,0.0116,5.95,BUY
2026-06-04,15.399999618530273,4.4770002365112305,DXCM,"DexCom, Inc.",72.58999633789062,-0.25,28.5,14.0,8.0,12.5,11.5,5.0,79.5,False,63.41123366126176,0.88,67.47599945068359,64.77483291625977,67.38774992624919,67.68915002822877,0.7104,0.0377,9.47,BUY
2026-06-04,15.399999618530273,4.4770002365112305,BKR,Baker Hughes Company,66.11000061035156,2.86,25.5,10.0,9.0,12.5,17.0,5.0,79.0,False,54.40307621342364,0.75,64.90700035095215,63.08605009714763,58.62580156326294,53.92820672988891,0.763,0.048,12.48,BUY
2026-06-04,15.399999618530273,4.4770002365112305,AMD,"Advanced Micro Devices, Inc.",523.2000122070312,-3.56,24.5,17.0,8.0,12.5,12.0,5.0,79.0,False,70.56877596449567,0.83,471.03800201416016,328.2170010884603,272.13108355204264,244.47435020446778,0.8141,0.0084,155.43,BUY
2026-06-04,15.399999618530273,4.4770002365112305,VRTX,Vertex Pharmaceuticals Incorpor,441.739990234375,3.13,28.0,11.5,9.5,12.5,12.5,5.0,79.0,False,53.10363223062546,1.03,437.51600036621096,441.45166676839193,453.68016586303713,436.89029907226563,0.6276,0.0248,-10.28,BUY
2026-06-04,15.399999618530273,4.4770002365112305,APP,Applovin Corporation,558.8699951171875,-2.1,30.0,13.0,6.5,12.5,11.5,5.0,78.5,False,58.5166094172639,0.93,521.9715042114258,466.1578358968099,506.2952089945475,539.3313258361817,0.6701,0.0169,21.11,BUY
2026-06-04,15.399999618530273,4.4770002365112305,QCOM,QUALCOMM Incorporated,242.57000732421875,-2.98,21.5,17.0,10.0,12.5,12.0,5.0,78.0,False,61.63968992490672,0.51,223.8245002746582,167.2063336690267,161.5339454650879,163.04276130676269,0.741,0.0375,80.86,BUY
2026-06-04,15.399999618530273,4.4770002365112305,ABNB,"Airbnb, Inc.",133.72000122070312,0.1,24.0,14.0,9.0,12.5,12.0,5.0,76.5,False,47.39706501277301,0.87,134.68500137329102,133.96616694132487,132.6236249287923,128.78647499084474,0.4102,0.0402,0.25,BUY
2026-06-04,15.399999618530273,4.4770002365112305,BKNG,Booking Holdings Inc. Common St,167.49000549316406,1.64,30.0,16.0,8.5,12.5,4.5,5.0,76.5,False,52.06190823743946,0.88,162.207999420166,170.43516693115234,182.37033780415854,193.1321273803711,0.7218,0.0545,-3.13,BUY
2026-06-04,15.399999618530273,4.4770002365112305,MCHP,Microchip Technology Incorporat,96.30000305175781,-0.26,19.5,17.5,8.5,12.5,12.5,5.0,75.5,False,57.28418445105281,0.82,95.48914260864258,81.28068459828695,76.53008575439453,70.40204780578614,0.5729,0.0218,47.11,BUY
2026-06-04,15.399999618530273,4.4770002365112305,GILD,"Gilead Sciences, Inc.",129.17999267578125,0.15,30.0,11.5,7.5,12.5,9.0,5.0,75.5,False,42.16478950255652,1.7,131.958500289917,135.62342516581217,135.38182341257732,127.96836429595947,0.207,0.0495,-11.02,BUY
2026-06-04,15.399999618530273,4.4770002365112305,DDOG,"Datadog, Inc.",243.60000610351562,-2.69,24.0,13.0,7.5,12.5,13.5,5.0,75.5,False,66.49296980879853,0.91,222.12250061035155,157.68883361816407,142.4110418955485,146.5312004852295,0.7246,0.0108,91.07,BUY
2026-06-04,15.399999618530273,4.4770002365112305,ADSK,"Autodesk, Inc.",233.63999938964844,1.76,30.0,17.5,8.5,12.5,1.5,5.0,75.0,False,46.42373173542469,0.78,238.80000076293945,239.84549992879232,251.90933329264323,273.96635009765623,0.2783,0.062,-7.22,BUY
2026-06-04,15.399999618530273,4.4770002365112305,MDLZ,"Mondelez International, Inc.",60.9900016784668,-0.52,23.0,12.5,9.0,12.5,13.0,5.0,75.0,False,51.30189601419772,0.81,61.420000076293945,58.94568004608154,57.85033915837606,58.20789640426636,0.2604,0.0364,11.12,BUY
2026-06-04,15.399999618530273,4.4770002365112305,ROP,"Roper Technologies, Inc.",331.79998779296875,0.03,30.0,15.5,7.0,12.5,4.5,5.0,74.5,False,47.947033008721924,0.67,328.20549926757815,345.43216094970705,368.08375498453773,414.1218537902832,0.5919,0.0648,-5.57,BUY
2026-06-04,15.399999618530273,4.4770002365112305,LITE,Lumentum Holdings Inc.,945.0800170898438,0.75,20.5,17.5,6.5,12.5,12.5,5.0,74.5,False,52.502585289511806,0.96,937.2595031738281,849.6290008544922,659.3324172973632,474.6922253036499,0.5326,0.0013,40.64,BUY
2026-06-04,15.399999618530273,4.4770002365112305,NFLX,"Netflix, Inc.",81.55999755859375,0.05,30.0,14.5,6.0,12.5,6.0,5.0,74.0,False,27.446262291569155,1.17,86.75049934387206,92.54949963887533,90.336749903361,100.40239994049072,-0.0612,0.0757,-14.05,BUY
2026-06-04,15.399999618530273,4.4770002365112305,ASML,ASML Holding N.V. - New York Re,1757.469970703125,1.8,24.0,13.0,7.5,12.5,12.0,5.0,74.0,False,70.15989617636173,1.38,1591.8164978027344,1461.8064249674478,1381.228278096517,1210.930750732422,1.028,0.0122,27.02,BUY
2026-06-04,15.399999618530273,4.4770002365112305,SBUX,Starbucks Corporation,94.13999938964844,-1.83,19.5,14.0,7.5,12.5,15.5,5.0,74.0,False,29.37939443701491,0.98,102.45932235717774,98.55811525980631,95.12236932118734,90.32389297485352,-0.0024,-0.0122,-6.65,BUY
2026-06-04,15.399999618530273,4.4770002365112305,ADBE,Adobe Inc.,258.4200134277344,0.85,25.5,17.5,5.5,12.5,7.5,5.0,73.5,False,54.73442450770404,0.95,250.0125,246.9708335876465,274.4793334960938,302.1244499206543,0.7119,0.0892,-5.59,BUY
2026-06-04,15.399999618530273,4.4770002365112305,ARM,Arm Holdings plc,393.44000244140625,-4.47,25.5,10.0,7.5,12.5,12.0,5.0,72.5,False,74.7222501751609,0.83,286.7540000915527,204.450417582194,160.79679203033447,156.11537525177002,0.8499,0.0018,227.59,BUY
2026-06-04,15.399999618530273,4.4770002365112305,MNST,Monster Beverage Corporation,88.54000091552734,-0.56,25.5,8.5,9.0,12.5,12.0,5.0,72.5,False,63.83115113821834,0.76,86.79549980163574,79.08433329264322,79.19425010681152,74.71830013275147,0.6559,0.0195,14.22,BUY
2026-06-04,15.399999618530273,4.4770002365112305,SNDK,Sandisk Corporation,1759.6800537109375,-3.92,19.0,13.0,8.5,12.5,14.0,5.0,72.0,False,68.22870332035376,0.83,1542.7155029296875,1085.2101654052735,772.4681667327881,522.670725402832,0.8546,0.0087,168.48,BUY
2026-06-04,15.399999618530273,4.4770002365112305,CSX,CSX Corporation,46.22999954223633,-0.45,19.0,11.5,10.0,12.5,14.0,5.0,72.0,False,57.75433474023842,0.83,45.57902088165283,43.127208646138506,40.717942269643146,38.182909116744995,0.7098,0.0132,14.95,BUY
2026-06-04,15.399999618530273,4.4770002365112305,KLAC,KLA Corporation,2131.10009765625,0.28,18.5,14.5,7.5,12.5,14.0,5.0,72.0,False,69.73838380546836,0.83,1896.8008850097656,1724.1260498046875,1564.7368357340495,1368.857721862793,1.0186,0.0104,45.65,BUY
2026-06-04,15.399999618530273,4.4770002365112305,LIN,Linde plc,507.45001220703125,-0.02,17.5,13.0,10.0,12.5,13.5,5.0,71.5,False,52.77957044248283,1.37,505.64000091552737,500.0056660970052,476.96838607788084,464.0367349243164,0.563,0.02,5.38,HOLD
2026-06-04,15.399999618530273,4.4770002365112305,PLTR,Palantir Technologies Inc.,141.6999969482422,-0.35,30.0,14.5,5.0,12.5,4.5,5.0,71.5,False,49.81300963109602,0.97,139.65324859619142,143.38341598510743,152.28337478637695,161.18474983215333,0.5639,0.0052,-6.53,HOLD
2026-06-04,15.399999618530273,4.4770002365112305,COST,Costco Wholesale Corporation,972.3499755859375,1.09,28.5,7.0,8.5,12.5,9.5,5.0,71.0,False,41.37676266493502,0.9,1014.0834869384765,1002.2639546712239,973.0764277140299,954.7971774291992,0.2557,0.0163,-1.86,HOLD
2026-06-04,15.399999618530273,4.4770002365112305,WDAY,"Workday, Inc.",147.91000366210938,0.69,28.5,17.5,4.5,12.5,3.0,5.0,71.0,False,62.30022554146526,0.64,130.97350006103517,128.02383346557616,153.6492497762044,184.38374977111818,0.8593,0.0854,7.31,HOLD
2026-06-04,15.399999618530273,4.4770002365112305,FTNT,"Fortinet, Inc.",149.6699981689453,2.18,25.0,8.5,9.0,12.5,10.0,5.0,70.0,False,81.5374820800344,0.75,129.146000289917,98.3656665802002,89.45441665649415,86.60590000152588,0.9159,0.0165,79.29,HOLD
2026-06-04,15.399999618530273,4.4770002365112305,MAR,Marriott International,385.29998779296875,2.27,16.5,11.5,9.0,12.5,14.0,5.0,68.5,False,65.8469199794728,0.84,365.9505081176758,350.9889739990234,337.8849772135417,311.68934143066406,0.8705,0.0177,18.29,HOLD
2026-06-04,15.399999618530273,4.4770002365112305,INTU,Intuit Inc.,301.9800109863281,-3.04,25.0,17.5,6.0,12.5,2.5,5.0,68.5,False,36.21863309905781,1.1,354.34300231933594,392.0063059488932,460.5276786804199,540.5804866027833,0.1747,0.0633,-31.23,HOLD
2026-06-04,15.399999618530273,4.4770002365112305,ISRG,"Intuitive Surgical, Inc.",418.82000732421875,2.83,30.0,11.5,7.5,12.5,0.5,5.0,67.0,False,42.21170101677263,0.93,429.47449951171876,453.76883290608725,490.8943339029948,493.6391012573242,0.3132,0.0152,-15.02,HOLD
2026-06-04,15.399999618530273,4.4770002365112305,PCAR,PACCAR Inc.,118.06500244140625,3.22,17.0,14.0,5.5,12.5,13.0,5.0,67.0,False,59.03793822460064,1.81,112.03490447998047,116.73736457824707,118.14263776143392,109.9535542678833,1.2155,0.0239,0.26,HOLD
2026-06-04,15.399999618530273,4.4770002365112305,CHTR,"Charter Communications, Inc.",129.0500030517578,0.03,20.5,17.5,3.5,12.5,7.5,5.0,66.5,False,26.34667248776728,1.32,144.39949951171874,188.32833353678384,201.4169169108073,218.20190032958985,-0.0401,0.1319,-42.48,HOLD
2026-06-04,15.399999618530273,4.4770002365112305,PANW,"Palo Alto Networks, Inc.",279.25,-0.42,17.0,10.0,8.0,12.5,13.5,5.0,66.0,False,68.83712481772218,0.93,249.61800003051758,195.56583353678386,184.77766698201498,191.6774501800537,0.7575,,69.31,HOLD
2026-06-04,15.399999618530273,4.4770002365112305,AMGN,Amgen Inc.,345.6000061035156,2.18,16.0,11.5,8.0,12.5,13.0,5.0,66.0,False,59.51687305093428,1.19,333.02926177978514,341.7594233194987,343.6023127237956,324.7490292358398,1.087,0.0399,-7.79,HOLD
2026-06-04,15.399999618530273,4.4770002365112305,CDNS,"Cadence Design Systems, Inc.",411.67999267578125,0.9,19.5,8.5,10.0,12.5,10.0,5.0,65.5,False,72.9463499196585,1.27,370.91649932861327,324.94616750081383,315.6055834452311,324.3171502685547,0.9232,0.0132,39.95,HOLD
2026-06-04,15.399999618530273,4.4770002365112305,ALNY,"Alnylam Pharmaceuticals, Inc.",303.6400146484375,3.78,22.5,16.0,5.5,12.5,3.0,5.0,64.5,False,53.06838241624234,1.09,294.6445022583008,308.82750040690104,334.2149167378744,382.62595001220706,0.8921,0.005,-5.24,HOLD
2026-06-04,15.399999618530273,4.4770002365112305,FAST,Fastenal Company,47.15999984741211,1.51,19.0,7.0,8.0,12.5,13.0,5.0,64.5,False,67.06083929866847,1.1,44.27249965667725,44.93077430725098,44.31227569580078,44.18026016235351,1.2257,0.0167,1.76,HOLD
2026-06-04,15.399999618530273,4.4770002365112305,MRVL,"Marvell Technology, Inc.",316.42999267578125,4.9,15.0,14.5,7.5,12.5,10.0,5.0,64.5,False,88.05847250395163,2.07,203.35049896240236,149.9526481628418,116.15060640970866,102.46199445724487,1.1151,0.0082,250.05,HOLD
2026-06-04,15.399999618530273,4.4770002365112305,AXON,"Axon Enterprise, Inc.",513.2000122070312,6.59,28.5,11.5,6.0,12.5,1.0,5.0,64.5,False,74.15739007913608,0.98,418.3835021972656,422.5516672770182,482.81900049845376,560.25385055542,1.0701,0.0015,-0.84,HOLD
2026-06-04,15.399999618530273,4.4770002365112305,CCEP,Coca-Cola Europacific Partners ,92.0199966430664,-0.42,25.5,8.5,3.5,12.5,9.5,5.0,64.5,False,47.90226576790691,1.74,92.10981178283691,93.72984682718912,93.93808218638102,91.47789615631103,0.4854,0.0429,-8.04,HOLD
2026-06-04,15.399999618530273,4.4770002365112305,ADP,"Automatic Data Processing, Inc.",231.30999755859375,1.56,20.0,13.0,8.5,12.5,5.0,5.0,64.0,False,63.591175743739974,0.73,219.75949935913087,209.23524169921876,224.71879183451335,244.56758674621582,0.891,0.0514,9.49,HOLD
2026-06-04,15.399999618530273,4.4770002365112305,CTSH,Cognizant Technology Solutions ,53.400001525878906,-0.21,18.5,17.5,5.5,12.5,4.5,5.0,63.5,False,49.92759744749369,0.8,51.490554618835446,56.19231414794922,66.2684378306071,67.85208568572997,0.6489,0.0756,-13.86,HOLD
2026-06-04,15.399999618530273,4.4770002365112305,PEP,"Pepsico, Inc.",142.14999389648438,-0.27,24.0,10.0,7.5,12.5,4.5,5.0,63.5,False,33.62336620877103,1.09,147.9739990234375,152.92583287556965,152.8635452270508,148.99454902648927,0.1414,0.045,-11.24,HOLD
2026-06-04,15.399999618530273,4.4770002365112305,PDD,PDD Holdings Inc.,85.87999725341797,0.56,20.5,16.0,6.5,12.5,2.5,5.0,63.0,False,37.273848554731266,0.59,93.30100021362304,98.06066678365072,102.87425015767415,112.6225500869751,0.1874,0.5861,-16.57,HOLD
2026-06-04,15.399999618530273,4.4770002365112305,SHOP,Shopify Inc.,116.04000091552734,2.74,18.5,13.0,9.0,12.5,4.5,5.0,62.5,False,53.65733089819433,0.57,107.46250038146972,116.62966715494791,129.3810000737508,139.07959995269775,0.7732,0.0083,-10.41,HOLD
2026-06-04,15.399999618530273,4.4770002365112305,HON,Honeywell International Inc.,217.63999938964844,-2.52,11.0,11.5,9.5,12.5,12.5,5.0,62.0,False,42.811530381442154,1.4,222.94653701782227,223.39984308878581,221.22638257344565,210.64792266845703,0.3442,0.0213,-8.61,HOLD
2026-06-04,15.399999618530273,4.4770002365112305,CTAS,Cintas Corporation,179.9600067138672,3.0,20.0,10.0,6.5,12.5,8.0,5.0,62.0,False,63.967163962020315,1.18,170.58637619018555,174.52170588175457,183.67454681396484,187.5570930480957,1.0632,0.0209,-9.02,HOLD
2026-06-04,15.399999618530273,4.4770002365112305,MELI,"MercadoLibre, Inc.",1634.780029296875,-0.23,18.0,14.0,7.0,12.5,5.5,5.0,62.0,False,43.69705596722235,0.62,1647.0800170898438,1720.0461730957031,1863.8790883382162,2012.7867047119141,0.4585,-0.0495,-7.44,HOLD
2026-06-04,15.399999618530273,4.4770002365112305,ORLY,"O'Reilly Automotive, Inc.",88.4000015258789,1.17,21.5,11.5,7.5,12.5,4.0,5.0,62.0,False,42.9042383882882,1.13,90.11049919128418,91.59283294677735,92.95766639709473,96.26914981842042,0.3168,0.0182,-6.35,HOLD
2026-06-04,15.399999618530273,4.4770002365112305,TRI,Thomson Reuters Corp,85.73999786376953,2.77,21.5,14.0,3.5,12.5,4.5,5.0,61.0,False,48.289147552540896,0.61,86.06007537841796,88.58958320617675,99.26544144948323,119.37155872344971,0.4795,0.0448,-14.92,HOLD
2026-06-04,15.399999618530273,4.4770002365112305,IDXX,"IDEXX Laboratories, Inc.",564.739990234375,0.72,24.5,7.0,7.5,12.5,4.5,5.0,61.0,False,52.797655589090695,0.94,551.4849975585937,566.1613311767578,618.0338307698568,636.43634765625,0.7392,0.0177,-5.96,HOLD
2026-06-04,15.399999618530273,4.4770002365112305,AEP,American Electric Power Company,127.79000091552734,1.17,16.0,10.0,7.5,12.5,10.0,5.0,61.0,False,46.52681751066482,0.93,128.5939998626709,130.8371056874593,125.40405267079672,120.50339828491211,0.4067,-0.1,-1.94,HOLD
2026-06-04,15.399999618530273,4.4770002365112305,CEG,Constellation Energy Corporatio,264.5899963378906,-0.99,30.0,5.5,7.0,12.5,0.5,5.0,60.5,False,39.89482544121332,0.77,282.05711975097654,291.8207173665365,304.34034131368,321.1789206695557,0.2129,-0.0474,-11.87,HOLD
2026-06-04,15.399999618530273,4.4770002365112305,REGN,"Regeneron Pharmaceuticals, Inc.",628.72998046875,1.58,20.0,14.0,8.5,12.5,0.5,5.0,60.5,False,38.054416333372785,0.82,656.1488616943359,714.8610809326171,741.2672373453776,693.8208462524414,0.3434,0.0497,-18.72,HOLD
2026-06-04,15.399999618530273,4.4770002365112305,PAYX,"Paychex, Inc.",99.4800033569336,1.05,18.5,13.0,6.5,12.5,5.0,5.0,60.5,False,60.79741724175743,0.7,94.9659034729004,91.99421577453613,97.12655328114828,106.36441471099853,0.8267,,7.19,HOLD
2026-06-04,15.399999618530273,4.4770002365112305,TMUS,"T-Mobile US, Inc.",177.02000427246094,-2.44,18.5,17.5,4.0,12.5,2.5,5.0,60.0,False,31.60534569582164,1.28,188.4659309387207,196.15735524495443,198.29570515950522,208.3871314239502,-0.2361,0.0582,-16.61,HOLD
2026-06-04,15.399999618530273,4.4770002365112305,INTC,Intel Corporation,111.77999877929688,-0.83,3.5,17.0,9.0,12.5,12.5,5.0,59.5,False,55.306085630316325,0.58,116.42299957275391,80.63483320871988,62.33083333969116,50.90420001029968,0.3166,-0.0148,132.97,WEAK
2026-06-04,15.399999618530273,4.4770002365112305,PYPL,"PayPal Holdings, Inc.",42.75,0.33,15.0,16.0,6.5,12.5,4.0,5.0,59.0,False,33.74082977096981,0.68,44.50549964904785,46.22416648864746,48.97979764938354,56.069871196746824,-0.0079,0.1083,-6.19,WEAK
2026-06-04,15.399999618530273,4.4770002365112305,XEL,Xcel Energy Inc.,77.7699966430664,0.49,14.0,10.0,8.5,12.5,9.0,5.0,59.0,False,43.15272081713862,0.73,79.35650024414062,79.79787801106771,78.15994237263997,77.48669708251953,0.2013,-0.1539,-3.28,WEAK
2026-06-04,15.399999618530273,4.4770002365112305,KHC,The Kraft Heinz Company,22.469999313354492,-1.27,12.5,14.5,6.0,12.5,8.0,5.0,58.5,False,39.81526790494695,1.15,23.501500034332274,22.73716662724813,23.215306933720907,23.872846050262453,-0.019,0.1206,-2.9,WEAK
2026-06-04,15.399999618530273,4.4770002365112305,INSM,Insmed Incorporated,104.91999816894531,1.02,15.0,14.0,8.0,12.5,3.5,5.0,58.0,False,35.83281420146457,0.39,107.81600074768066,133.22933286031088,148.02716681162516,155.44074989318847,0.3319,-0.0267,-24.73,WEAK
2026-06-04,15.399999618530273,4.4770002365112305,SNPS,"Synopsys, Inc.",494.4800109863281,-0.71,15.5,8.5,7.5,12.5,8.5,5.0,57.5,False,50.314715627895666,1.02,505.13099975585936,459.7253356933594,462.48700256347655,466.60920150756834,0.318,0.0374,14.2,WEAK
2026-06-04,15.399999618530273,4.4770002365112305,KDP,Keurig Dr Pepper Inc.,30.059999465942383,-1.6,7.0,12.5,8.5,12.5,11.5,5.0,57.0,False,61.29352823577816,0.88,29.416500186920167,27.78998794555664,27.95147949854533,27.643222951889037,0.7503,-0.3997,9.68,WEAK
2026-06-04,15.399999618530273,4.4770002365112305,WMT,Walmart Inc.,117.73999786376953,0.73,19.5,7.0,7.5,12.5,5.5,5.0,57.0,False,38.61629317885478,0.92,124.38759918212891,125.34310735066732,122.71512883504232,114.9172880935669,0.2732,0.0073,-4.28,WEAK
2026-06-04,15.399999618530273,4.4770002365112305,VRSK,"Verisk Analytics, Inc.",180.0,0.94,19.0,11.5,5.5,12.5,3.0,5.0,56.5,False,56.21785750211793,1.06,171.51050262451173,180.31995340983073,194.16208267211914,211.827147064209,0.8294,0.04,-11.16,WEAK
2026-06-04,15.399999618530273,4.4770002365112305,ZS,"Zscaler, Inc.",135.25999450683594,0.66,19.5,13.0,5.0,12.5,0.5,5.0,55.5,False,43.71409767383295,0.59,154.75899810791014,144.5564993540446,170.92104155222574,218.88247524261476,0.2219,0.0507,-12.06,WEAK
2026-06-04,15.399999618530273,4.4770002365112305,DASH,"DoorDash, Inc.",160.07000732421875,3.55,19.0,7.0,7.0,12.5,4.5,5.0,55.0,False,49.08721103631582,0.86,158.56449966430665,162.89324976603191,182.3543748219808,206.71164978027343,0.5778,0.0329,-5.55,WEAK
2026-06-04,15.399999618530273,4.4770002365112305,CPRT,"Copart, Inc.",30.770000457763672,1.38,20.5,7.0,6.0,12.5,4.0,5.0,55.0,False,34.787795295332884,0.97,32.832499980926514,33.15433352788289,36.06875017484029,39.27435006141663,0.0211,0.0351,-13.45,WEAK
2026-06-04,15.399999618530273,4.4770002365112305,FANG,"Diamondback Energy, Inc.",202.94000244140625,-3.63,9.5,4.0,5.0,12.5,18.5,5.0,54.5,False,54.197739198890766,2.16,199.049462890625,194.22351404825847,176.3077574412028,162.78250297546387,0.6587,0.0245,15.52,WEAK
2026-06-04,15.399999618530273,4.4770002365112305,GEHC,GE HealthCare Technologies Inc.,63.810001373291016,2.87,14.0,11.5,8.5,12.5,2.5,5.0,54.0,False,49.08188351120131,0.87,62.69050045013428,67.50195999145508,74.67095959981283,75.0845512008667,0.7487,0.0511,-12.13,WEAK
2026-06-04,15.399999618530273,4.4770002365112305,WBD,"Warner Bros. Discovery, Inc. - ",27.0,0.0,8.5,5.5,8.0,12.5,13.5,5.0,53.0,False,45.51106536488966,0.8,27.119000244140626,27.234666633605958,27.795583327611286,24.41775005340576,0.2352,0.2728,-2.91,WEAK
2026-06-04,15.399999618530273,4.4770002365112305,TSLA,"Tesla, Inc.",418.45001220703125,-1.24,15.5,7.0,6.5,12.5,6.5,5.0,53.0,False,51.049225972563434,0.69,426.91150054931643,394.2193344116211,413.6930839538574,413.8334004211426,0.3305,0.0033,2.61,WEAK
2026-06-04,15.399999618530273,4.4770002365112305,CRWD,"CrowdStrike Holdings, Inc.",719.0900268554688,-3.81,10.5,5.5,5.5,12.5,13.5,5.0,52.5,False,68.79017642256706,1.9,639.6385025024414,496.0278330485026,468.3757502237956,476.7740505981445,0.7426,0.0088,62.68,WEAK
2026-06-04,15.399999618530273,4.4770002365112305,TTWO,"Take-Two Interactive Software, ",216.64999389648438,0.39,10.5,8.5,8.5,12.5,7.5,5.0,52.5,False,43.663559978476535,0.68,227.4385009765625,213.52266667683918,221.25550028483073,231.53494987487792,0.2049,0.036,2.63,WEAK
2026-06-04,15.399999618530273,4.4770002365112305,CMCSA,Comcast Corporation,23.329999923706055,-0.81,17.0,5.5,6.0,12.5,6.0,5.0,52.0,False,25.27824306295952,1.37,24.924499893188475,27.258304246266682,28.143242247899373,27.847022972106934,-0.1609,0.0482,-22.8,WEAK
2026-06-04,15.399999618530273,4.4770002365112305,EXC,Exelon Corporation,44.630001068115234,-1.0,7.0,8.5,8.0,12.5,10.5,5.0,51.5,False,42.81738725897935,0.97,44.87199993133545,46.87366669972737,45.93570505777995,45.414652519226074,0.4229,-0.0615,-8.62,WEAK
2026-06-04,15.399999618530273,4.4770002365112305,ODFL,"Old Dominion Freight Line, Inc.",245.52000427246094,4.01,6.0,7.0,8.5,12.5,12.0,5.0,51.0,False,78.25079944665194,1.25,211.34163360595704,204.15572814941407,191.91781781514484,171.74062004089356,1.047,0.0169,30.22,WEAK
2026-06-04,15.399999618530273,4.4770002365112305,FER,Ferrovial N.V.,66.45999908447266,0.11,10.0,4.0,6.0,12.5,11.0,5.0,48.5,False,44.71244601623577,1.54,67.7015438079834,67.00149987538656,67.46159954071045,64.34759471893311,0.2665,0.0067,2.18,SELL
2026-06-04,15.399999618530273,4.4770002365112305,MSTR,Strategy Inc,129.3699951171875,2.23,14.0,11.5,2.0,12.5,2.5,5.0,47.5,False,32.75371994879707,1.5,163.93299942016603,153.07500025431315,151.11483364105226,202.94310024261475,0.0514,-0.1911,-6.48,SELL
2026-06-05,21.510000228881836,4.5360002517700195,NVDA,NVIDIA Corporation,205.10000610351562,-6.2,30.0,20.5,8.5,10.5,16.5,5.0,91.0,False,44.014159697680874,1.21,218.8741012573242,199.1439646402995,191.8972920735677,188.34462348937987,-0.0241,0.0093,12.12,STRONG_BUY
2026-06-05,21.510000228881836,4.5360002517700195,AVGO,Broadcom Inc.,385.7300109863281,-7.92,30.0,18.5,7.5,10.5,16.5,5.0,88.0,False,39.9374272682813,1.81,429.01900177001954,385.4321467081706,360.0379084269206,354.92173095703123,0.0274,0.0149,15.05,STRONG_BUY
2026-06-05,21.510000228881836,4.5360002517700195,GOOGL,Alphabet Inc.,368.5299987792969,-0.98,30.0,18.5,9.5,10.5,14.5,5.0,88.0,False,46.4248168480768,1.17,385.37550048828126,345.7778330485026,331.5444730122884,303.82785804748534,0.162,0.0062,21.41,STRONG_BUY
2026-06-05,21.510000228881836,4.5360002517700195,MU,"Micron Technology, Inc.",864.010009765625,-13.25,29.0,19.0,7.5,10.5,15.5,5.0,86.5,False,55.17183028436543,1.34,849.818994140625,585.1956314086914,473.5512983957926,360.71609157562256,0.5278,0.003,113.24,STRONG_BUY
2026-06-05,21.510000228881836,4.5360002517700195,GOOG,Alphabet Inc.,365.760009765625,-0.95,30.0,18.5,6.5,10.5,14.5,5.0,85.0,False,46.64842116549902,1.04,381.84149780273435,343.31966501871744,330.5573008219401,303.46568565368653,0.1734,0.0063,20.63,STRONG_BUY
2026-06-05,21.510000228881836,4.5360002517700195,WDC,Western Digital Corporation,511.7200012207031,-11.08,30.0,17.5,7.0,10.5,14.0,5.0,84.0,False,54.27302656390969,1.31,510.1469970703125,402.3003313700358,319.45115127563474,242.46825481414794,0.51,0.0118,95.93,STRONG_BUY
2026-06-05,21.510000228881836,4.5360002517700195,LRCX,Lam Research Corporation,303.2799987792969,-9.85,30.0,14.5,8.0,10.5,15.5,5.0,83.5,False,51.437190529411154,1.48,306.11949615478517,265.2091651916504,238.73048400878906,198.24137672424317,0.4636,0.0115,44.77,STRONG_BUY
2026-06-05,21.510000228881836,4.5360002517700195,TXN,Texas Instruments Incorporated,285.05999755859375,-6.65,28.0,17.0,8.0,10.5,14.5,5.0,83.0,False,46.65114100444969,1.39,303.88350372314454,250.2542574564616,224.02486712137858,204.01626945495605,0.0104,0.0041,50.75,STRONG_BUY
2026-06-05,21.510000228881836,4.5360002517700195,STX,Seagate Technology Holdings PLC,847.469970703125,-8.48,29.5,17.5,8.0,10.5,12.5,5.0,83.0,False,57.88088727533752,1.04,836.5219940185547,622.743798828125,489.268994140625,385.8769160461426,0.5437,0.0084,127.0,STRONG_BUY
2026-06-05,21.510000228881836,4.5360002517700195,ADI,"Analog Devices, Inc.",401.3900146484375,-6.38,29.5,17.5,8.0,10.5,12.5,5.0,83.0,False,48.51538112270309,1.42,414.6548126220703,371.07993876139324,339.9555274963379,301.48116401672365,0.2485,0.0198,30.99,STRONG_BUY
2026-06-05,21.510000228881836,4.5360002517700195,ROST,"Ross Stores, Inc.",230.3699951171875,-1.15,30.0,10.0,9.0,10.5,18.5,5.0,83.0,False,55.77762859950807,1.08,223.0189987182617,220.9750826517741,206.58423487345377,186.80614143371582,0.7088,0.0277,10.02,STRONG_BUY
2026-06-05,21.510000228881836,4.5360002517700195,AMAT,"Applied Materials, Inc.",453.010009765625,-9.71,28.5,14.5,8.0,10.5,15.5,5.0,82.0,False,53.98047113388857,1.42,446.6336608886719,399.49282887776695,357.6714640299479,299.5812375640869,0.5621,0.0085,34.48,BUY
2026-06-05,21.510000228881836,4.5360002517700195,AMZN,"Amazon.com, Inc.",246.02999877929688,-3.06,26.5,14.5,8.5,10.5,16.5,5.0,81.5,False,37.81503721461185,1.35,264.1185012817383,244.251833597819,234.49958343505858,232.1283000946045,-0.0961,0.0037,17.42,BUY
2026-06-05,21.510000228881836,4.5360002517700195,MPWR,"Monolithic Power Systems, Inc.",1481.050048828125,-10.38,30.0,13.0,6.0,10.5,15.5,5.0,80.0,False,44.54111648166566,1.97,1590.4010009765625,1404.8753306070964,1233.273806254069,1110.9913122558594,0.07,0.0068,43.54,BUY
2026-06-05,21.510000228881836,4.5360002517700195,CSCO,"Cisco Systems, Inc.",121.63999938964844,-6.43,26.5,14.5,9.5,10.5,14.0,5.0,80.0,False,63.04184299595647,1.06,116.09699974060058,94.50980135599772,85.98708120981853,79.738078956604,0.6443,0.0194,57.32,BUY
2026-06-05,21.510000228881836,4.5360002517700195,NXPI,NXP Semiconductors N.V.,295.9599914550781,-8.15,28.0,17.5,6.5,10.5,12.5,5.0,80.0,False,49.280363080638615,2.01,308.98050079345705,250.13294118245443,238.89066836039225,229.3873020172119,0.2768,0.0365,55.58,BUY
2026-06-05,21.510000228881836,4.5360002517700195,AMD,"Advanced Micro Devices, Inc.",466.3800048828125,-10.86,26.5,17.0,7.0,10.5,12.5,5.0,78.5,False,54.54912635939325,1.34,473.9340026855469,332.5761678059896,274.1723336537679,245.97350021362305,0.4514,0.0094,135.86,BUY
2026-06-05,21.510000228881836,4.5360002517700195,META,"Meta Platforms, Inc.",593.0,-5.51,30.0,20.5,6.5,10.5,6.0,5.0,78.5,False,41.56519797836891,1.76,612.7174987792969,618.0809834798177,636.7946670532226,661.7481811523437,0.1107,0.017,-7.0,BUY
2026-06-05,21.510000228881836,4.5360002517700195,EA,Electronic Arts Inc.,203.0,-0.2,26.5,15.5,9.0,10.5,11.0,5.0,77.5,False,62.69637312905866,1.13,201.25363006591797,201.75720138549804,201.97149314880372,197.49470260620117,0.9397,0.0436,2.07,BUY
2026-06-05,21.510000228881836,4.5360002517700195,DXCM,"DexCom, Inc.",72.86000061035156,0.37,28.5,14.0,8.0,10.5,11.5,5.0,77.5,False,63.97122891070744,0.66,68.07349948883056,64.88399963378906,67.42041657765706,67.64895002365112,0.6999,0.0376,11.65,BUY
2026-06-05,21.510000228881836,4.5360002517700195,VRTX,Vertex Pharmaceuticals Incorpor,446.8299865722656,1.15,28.0,11.5,9.5,10.5,12.5,5.0,77.0,False,56.08422573589845,1.14,438.60749969482424,440.6924997965495,453.6876658121745,437.1706489562988,0.7579,0.0245,-6.55,BUY
2026-06-05,21.510000228881836,4.5360002517700195,APP,Applovin Corporation,557.2000122070312,-0.3,30.0,13.0,6.5,10.5,11.5,5.0,76.5,False,58.09205220072087,1.11,524.8880050659179,467.7536692301432,504.9637092590332,540.0543258666992,0.6483,0.017,24.01,BUY
2026-06-05,21.510000228881836,4.5360002517700195,AAPL,Apple Inc.,307.3399963378906,-1.25,25.5,14.5,8.5,10.5,12.5,5.0,76.5,False,60.81720468378685,1.36,304.24000091552733,276.125200398763,270.4586175282796,264.76394317626955,0.6106,0.0224,20.28,BUY
2026-06-05,21.510000228881836,4.5360002517700195,BKR,Baker Hughes Company,62.59000015258789,-5.32,25.5,10.0,8.0,10.5,17.0,5.0,76.0,False,44.04300174260031,0.94,64.8600004196167,63.14965902964274,58.75468428929647,54.02893518447876,0.0349,0.0508,12.34,BUY
2026-06-05,21.510000228881836,4.5360002517700195,LITE,Lumentum Holdings Inc.,863.6599731445312,-8.62,20.5,17.5,6.0,10.5,15.5,5.0,75.0,False,46.1713085446723,1.19,935.8135009765625,852.8233337402344,663.4288337707519,478.4207251739502,0.2062,0.0014,40.18,BUY
2026-06-05,21.510000228881836,4.5360002517700195,MSFT,Microsoft Corporation,416.6700134277344,-2.66,28.0,18.5,8.0,10.5,4.5,5.0,74.5,False,47.657657074316475,0.93,422.17698822021487,404.3566685994466,421.8842648824056,454.43900207519533,0.4031,0.012,3.91,BUY
2026-06-05,21.510000228881836,4.5360002517700195,MCHP,Microchip Technology Incorporat,88.33999633789062,-8.27,19.5,17.5,5.5,10.5,15.5,5.0,73.5,False,43.945797831915094,1.61,94.85250663757324,81.66199372609456,76.69673131306966,70.52874206542968,-0.0631,0.0238,41.53,BUY
2026-06-05,21.510000228881836,4.5360002517700195,GILD,"Gilead Sciences, Inc.",129.16000366210938,-0.02,30.0,11.5,7.5,10.5,9.0,5.0,73.5,False,42.12446603136819,1.81,131.71350059509277,135.35649960835775,135.44390373229982,128.03546310424804,0.2335,0.0495,-10.55,BUY
2026-06-05,21.510000228881836,4.5360002517700195,ADBE,Adobe Inc.,251.44000244140625,-2.7,27.5,17.5,5.5,10.5,7.5,5.0,73.5,False,50.3290130779787,0.95,249.75899963378907,246.59966710408528,273.6544169108073,301.57649993896484,0.5428,0.0917,-6.8,BUY
2026-06-05,21.510000228881836,4.5360002517700195,ADSK,"Autodesk, Inc.",229.9600067138672,-1.58,30.0,17.5,6.0,10.5,4.5,5.0,73.5,False,44.09370817568457,1.1,237.74600143432616,239.48100001017252,251.31791674296062,273.6699501800537,0.138,0.063,-7.98,BUY
2026-06-05,21.510000228881836,4.5360002517700195,ABNB,"Airbnb, Inc.",133.5399932861328,-0.13,24.0,14.0,8.0,10.5,12.0,5.0,73.5,False,47.03835841890033,0.99,134.3390007019043,133.96866683959962,132.6697915395101,128.8241749572754,0.4141,0.0403,4.57,BUY
2026-06-05,21.510000228881836,4.5360002517700195,BKNG,Booking Holdings Inc. Common St,165.83999633789062,-0.99,30.0,16.0,7.5,10.5,4.5,5.0,73.5,False,49.69620707597958,1.0,161.9359992980957,170.31755345662435,181.99645016988117,192.85109252929686,0.6733,0.0551,-1.7,BUY
2026-06-05,21.510000228881836,4.5360002517700195,ASML,ASML Holding N.V. - New York Re,1641.739990234375,-6.59,24.0,13.0,5.0,10.5,15.5,5.0,73.0,False,55.964919229565865,1.6,1598.0734985351562,1466.1077941894532,1385.5851323445638,1215.4409484863281,0.6416,0.013,21.73,BUY
2026-06-05,21.510000228881836,4.5360002517700195,QCOM,QUALCOMM Incorporated,215.94000244140625,-10.98,23.0,17.0,7.0,10.5,10.5,5.0,73.0,False,51.573699681078814,0.91,223.75225372314452,167.97780532836913,161.25103670756022,162.7618251800537,0.3964,0.0421,65.26,BUY
2026-06-05,21.510000228881836,4.5360002517700195,ARM,Arm Holdings plc,342.92999267578125,-12.84,25.5,10.0,6.0,10.5,15.5,5.0,72.5,False,60.546721087879874,1.17,293.2349998474121,208.16425081888835,162.52004197438558,157.15997524261473,0.6653,0.0021,197.89,BUY
2026-06-05,21.510000228881836,4.5360002517700195,ROP,"Roper Technologies, Inc.",332.17999267578125,0.11,30.0,15.5,7.0,10.5,4.5,5.0,72.5,False,48.23861344781709,0.81,327.1924987792969,345.11258900960286,367.1536112467448,413.1363987731934,0.6554,0.0647,-3.97,BUY
2026-06-05,21.510000228881836,4.5360002517700195,DDOG,"Datadog, Inc.",234.11000061035156,-3.9,26.0,13.0,7.0,10.5,10.5,5.0,72.0,False,61.125875283987156,1.01,224.3915008544922,159.46583366394043,143.1127919514974,147.05680046081542,0.6071,0.0112,84.11,BUY
2026-06-05,21.510000228881836,4.5360002517700195,FTNT,"Fortinet, Inc.",144.67999267578125,-3.33,25.0,8.5,8.0,10.5,13.5,5.0,70.5,False,73.01096599195924,1.1,130.9814998626709,99.38566640218099,89.97283325195312,86.93884998321533,0.7918,0.0171,71.42,HOLD
2026-06-05,21.510000228881836,4.5360002517700195,WDAY,"Workday, Inc.",144.27999877929688,-2.45,28.5,17.5,4.5,10.5,4.5,5.0,70.5,False,58.829204736500095,0.8,131.64349975585938,128.13116683959962,152.98458315531414,183.95619979858398,0.7599,0.0875,7.56,HOLD
2026-06-05,21.510000228881836,4.5360002517700195,NFLX,"Netflix, Inc.",82.18000030517578,0.76,30.0,14.5,6.0,10.5,4.0,5.0,70.0,False,30.528239195040413,1.28,86.44699935913086,92.33766632080078,90.23749993642171,100.20622493743896,0.0726,0.0751,-12.86,HOLD
2026-06-05,21.510000228881836,4.5360002517700195,KLAC,KLA Corporation,1929.199951171875,-9.47,20.5,14.5,4.0,10.5,15.5,5.0,70.0,False,52.58392262874736,1.82,1905.2107666015625,1731.8938395182292,1570.4553619384765,1374.141901550293,0.5553,0.0115,37.04,HOLD
2026-06-05,21.510000228881836,4.5360002517700195,SBUX,Starbucks Corporation,95.29000091552734,1.22,19.5,14.0,7.5,10.5,13.5,5.0,70.0,False,34.23784129437685,1.0,102.04119873046875,98.46546681722005,95.2188990910848,90.35445957183838,0.1186,-0.012,-4.32,HOLD
2026-06-05,21.510000228881836,4.5360002517700195,SNDK,Sandisk Corporation,1559.3199462890625,-11.39,21.5,13.0,7.0,10.5,12.5,5.0,69.5,False,54.885912222306914,1.07,1553.6835021972656,1100.2749979654948,783.4490829467774,530.2444251251221,0.5097,0.0098,151.98,HOLD
2026-06-05,21.510000228881836,4.5360002517700195,LIN,Linde plc,507.8999938964844,0.09,16.0,13.0,10.0,10.5,15.0,5.0,69.5,False,54.31062931281553,1.29,504.90641632080076,498.92065073649087,476.371669514974,462.7537445068359,0.6122,0.02,3.89,HOLD
2026-06-05,21.510000228881836,4.5360002517700195,COST,Costco Wholesale Corporation,971.8699951171875,-0.05,28.5,7.0,8.5,10.5,9.5,5.0,69.0,False,41.26221469493712,1.22,1012.0739868164062,1001.9485829671224,973.8253987630209,954.7729751586915,0.2702,0.0164,-2.99,HOLD
2026-06-05,21.510000228881836,4.5360002517700195,CSX,CSX Corporation,46.9900016784668,1.64,19.0,11.5,10.0,10.5,12.5,5.0,68.5,False,62.3156174127134,1.0,45.71231479644776,43.240096728006996,40.801901531219485,38.23780249595642,0.9107,0.0129,20.18,HOLD
2026-06-05,21.510000228881836,4.5360002517700195,PLTR,Palantir Technologies Inc.,135.52999877929688,-4.35,30.0,14.5,5.0,10.5,3.5,5.0,68.5,False,44.79110778993227,0.92,139.57724838256837,143.11558252970377,151.84995816548664,161.0736498260498,0.3741,0.0054,-11.71,HOLD
2026-06-05,21.510000228881836,4.5360002517700195,CDNS,"Cadence Design Systems, Inc.",376.19000244140625,-8.62,21.5,8.5,9.5,10.5,13.5,5.0,68.5,False,53.891415408800064,1.44,371.88099975585936,326.31333414713544,315.945250193278,324.46370025634764,0.5451,0.0144,29.58,HOLD
2026-06-05,21.510000228881836,4.5360002517700195,MNST,Monster Beverage Corporation,89.55000305175781,1.14,25.5,8.5,8.0,10.5,10.5,5.0,68.0,False,66.41111294843418,0.93,87.47449989318848,79.28483339945475,79.33641681671142,74.84610013961792,0.9142,0.0192,16.31,HOLD
2026-06-05,21.510000228881836,4.5360002517700195,MDLZ,"Mondelez International, Inc.",62.040000915527344,1.72,23.0,12.5,8.0,10.5,8.5,5.0,67.5,False,58.509774482872096,1.17,61.45650005340576,59.06493326822917,57.926990795135495,58.212776222229,0.8113,0.0358,15.14,HOLD
2026-06-05,21.510000228881836,4.5360002517700195,MRVL,"Marvell Technology, Inc.",263.4700012207031,-16.74,15.0,14.5,6.0,10.5,15.5,5.0,66.5,False,65.02122868974857,1.98,208.52349929809571,152.83723564147948,117.6018481572469,103.4196718788147,0.7945,0.0098,200.68,HOLD
2026-06-05,21.510000228881836,4.5360002517700195,CCEP,Coca-Cola Europacific Partners ,94.73999786376953,2.96,25.5,8.5,4.0,10.5,13.0,5.0,66.5,False,55.83622323671765,1.61,92.22122268676758,93.64116121927897,93.99268245697021,91.51135139465332,0.882,0.0417,-5.41,HOLD
2026-06-05,21.510000228881836,4.5360002517700195,INTU,Intuit Inc.,296.760009765625,-1.73,25.0,17.5,6.0,10.5,2.5,5.0,66.5,False,35.261513359436805,0.95,348.84200286865234,389.63408813476565,457.3949424743652,538.5827198791504,0.1762,0.0645,-31.59,HOLD
2026-06-05,21.510000228881836,4.5360002517700195,ISRG,"Intuitive Surgical, Inc.",422.05999755859375,0.77,30.0,11.5,7.5,10.5,2.0,5.0,66.5,False,44.040523516995314,1.07,427.9029998779297,452.58866628011066,489.8501673380534,493.35340118408203,0.389,0.0151,-11.94,HOLD
2026-06-05,21.510000228881836,4.5360002517700195,AXON,"Axon Enterprise, Inc.",486.1199951171875,-5.28,30.0,11.5,6.0,10.5,3.0,5.0,66.0,False,64.40491001032069,1.31,421.3450012207031,422.027500406901,482.0280835469564,558.8930006408691,0.866,0.0016,-2.66,HOLD
2026-06-05,21.510000228881836,4.5360002517700195,MAR,Marriott International,392.510009765625,1.87,16.5,11.5,8.0,10.5,14.0,5.0,65.5,False,69.5762526047935,1.41,368.00818634033203,352.1018569946289,338.6950154622396,312.32968872070313,0.9422,0.0174,24.34,HOLD
2026-06-05,21.510000228881836,4.5360002517700195,PANW,"Palo Alto Networks, Inc.",272.04998779296875,-2.58,17.0,10.0,9.0,10.5,13.5,5.0,65.0,False,64.31223660583277,0.73,253.39399948120118,197.35116678873698,185.45841687520345,192.12990013122558,0.6775,0.0161,61.82,HOLD
2026-06-05,21.510000228881836,4.5360002517700195,AMGN,Amgen Inc.,349.5799865722656,1.15,16.0,11.5,8.0,10.5,13.0,5.0,64.0,False,62.427660204648575,1.41,334.17708587646484,341.3389287312826,343.9085324605306,325.0623013305664,1.1124,0.0394,-4.23,HOLD
2026-06-05,21.510000228881836,4.5360002517700195,PCAR,PACCAR Inc.,116.68000030517578,-1.18,17.0,14.0,7.0,10.5,10.0,5.0,63.5,False,55.58558023506399,1.29,112.18431205749512,116.71954383850098,118.19217453002929,110.05035881042481,0.9832,0.0242,0.19,HOLD
2026-06-05,21.510000228881836,4.5360002517700195,CHTR,"Charter Communications, Inc.",132.1199951171875,2.38,20.5,17.5,4.5,10.5,5.5,5.0,63.5,False,30.27060928507572,0.84,142.9934989929199,186.79100011189777,200.75075022379556,217.52745025634766,0.0861,0.1289,-38.57,HOLD
2026-06-05,21.510000228881836,4.5360002517700195,FAST,Fastenal Company,46.790000915527344,-0.78,19.0,7.0,8.0,10.5,13.0,5.0,62.5,False,63.79735313055719,1.08,44.39399967193604,44.938223393758136,44.35802386601766,44.16867450714111,1.0239,0.0168,3.95,HOLD
2026-06-05,21.510000228881836,4.5360002517700195,ALNY,"Alnylam Pharmaceuticals, Inc.",303.04998779296875,-0.19,22.5,16.0,5.5,10.5,3.0,5.0,62.5,False,52.633769836210625,1.02,295.0015014648437,308.53783365885414,333.30174992879233,381.84979995727537,0.8335,0.0051,-4.47,HOLD
2026-06-05,21.510000228881836,4.5360002517700195,SNPS,"Synopsys, Inc.",464.8500061035156,-5.99,17.0,8.5,8.5,10.5,12.5,5.0,62.0,False,41.19010009798795,0.88,503.11399993896487,460.2565022786458,462.3835858662923,465.8695016479492,-0.0567,0.0398,11.02,HOLD
2026-06-05,21.510000228881836,4.5360002517700195,REGN,"Regeneron Pharmaceuticals, Inc.",635.4500122070312,1.07,20.0,14.0,8.5,10.5,3.5,5.0,61.5,False,40.85860283870753,0.81,652.5192413330078,712.5601694742838,740.3560679117838,694.1504602050782,0.399,0.0491,-14.76,HOLD
2026-06-05,21.510000228881836,4.5360002517700195,AEP,American Electric Power Company,129.13999938964844,1.06,16.0,10.0,8.5,10.5,11.5,5.0,61.5,False,49.808689139232236,0.67,128.51049995422363,130.81754570007325,125.54233347574869,120.59858757019043,0.5751,-0.099,-1.62,HOLD
2026-06-05,21.510000228881836,4.5360002517700195,PEP,"Pepsico, Inc.",141.9199981689453,-0.16,24.0,10.0,6.0,10.5,6.0,5.0,61.5,False,33.236992462393374,1.56,147.25549926757813,152.62199961344402,152.81520983378093,148.96462417602538,0.1465,0.0451,-10.66,HOLD
2026-06-05,21.510000228881836,4.5360002517700195,ADP,"Automatic Data Processing, Inc.",231.9499969482422,0.28,20.0,13.0,7.5,10.5,5.0,5.0,61.0,False,64.07853649965386,1.04,220.65249938964843,209.5801663716634,224.47808430989582,244.22878562927247,0.8651,0.0512,12.73,HOLD
2026-06-05,21.510000228881836,4.5360002517700195,IDXX,"IDEXX Laboratories, Inc.",562.1599731445312,-0.46,24.5,7.0,8.5,10.5,4.5,5.0,60.0,False,51.50906984190453,0.69,550.9829956054688,565.5219970703125,616.8226638793946,636.0635974121094,0.7111,0.0177,-1.58,HOLD
2026-06-05,21.510000228881836,4.5360002517700195,CTAS,Cintas Corporation,179.85000610351562,-0.06,20.0,10.0,6.5,10.5,8.0,5.0,60.0,False,63.70324256375547,1.16,171.0999313354492,174.22250315348307,183.60758171081542,187.38218292236328,0.9718,0.021,-6.69,HOLD
2026-06-05,21.510000228881836,4.5360002517700195,PDD,PDD Holdings Inc.,85.06999969482422,-0.94,20.5,16.0,5.0,10.5,2.5,5.0,59.5,False,36.25688108186763,0.61,92.47900009155273,97.76283340454101,102.65008347829183,112.4525500869751,0.1848,0.5917,-16.29,WEAK
2026-06-05,21.510000228881836,4.5360002517700195,MELI,"MercadoLibre, Inc.",1607.800048828125,-1.65,18.0,14.0,8.5,10.5,3.5,5.0,59.5,False,41.083470467228345,0.56,1633.9695190429688,1717.407840983073,1860.4456715901692,2009.1110052490235,0.3758,-0.0504,-4.3,WEAK
2026-06-05,21.510000228881836,4.5360002517700195,CEG,Constellation Energy Corporatio,254.8300018310547,-3.69,30.0,5.5,6.0,10.5,2.5,5.0,59.5,False,36.30621163233411,0.93,279.25876388549807,291.06415837605795,303.31803499857585,320.87328910827637,0.0869,-0.0492,-15.36,WEAK
2026-06-05,21.510000228881836,4.5360002517700195,ORLY,"O'Reilly Automotive, Inc.",90.33000183105469,2.18,21.5,11.5,6.0,10.5,5.0,5.0,59.5,False,49.97903799066282,1.64,89.89799919128419,91.52516632080078,92.9274164199829,96.20549983978272,0.5518,0.0178,-2.85,WEAK
2026-06-05,21.510000228881836,4.5360002517700195,SHOP,Shopify Inc.,109.54000091552734,-5.6,20.5,13.0,7.5,10.5,2.5,5.0,59.0,False,47.45993081867706,0.68,107.35250053405761,116.29666709899902,128.92091674804686,138.93104995727538,0.5701,0.0088,-13.18,WEAK
2026-06-05,21.510000228881836,4.5360002517700195,CTSH,Cognizant Technology Solutions ,53.209999084472656,-0.36,18.5,17.5,4.5,10.5,2.5,5.0,58.5,False,49.29387230342134,1.01,51.572238731384275,56.04593296051026,66.02175699869791,67.76962242126464,0.6268,0.0758,-12.41,WEAK
2026-06-05,21.510000228881836,4.5360002517700195,PAYX,"Paychex, Inc.",100.52999877929688,1.06,18.5,13.0,6.5,10.5,5.0,5.0,58.5,False,62.66638805668813,0.77,95.33925247192383,92.12294387817383,97.0308900197347,106.19440502166748,0.8569,,11.08,WEAK
2026-06-05,21.510000228881836,4.5360002517700195,INTC,Intel Corporation,99.16999816894531,-11.28,3.5,17.0,6.5,10.5,15.5,5.0,58.0,False,43.71732676496797,1.07,115.90049934387207,81.48799985249838,62.82800000508626,51.273500003814696,-0.0745,-0.0167,119.16,WEAK
2026-06-05,21.510000228881836,4.5360002517700195,TRI,Thomson Reuters Corp,86.04000091552734,0.35,21.5,14.0,2.5,10.5,4.5,5.0,58.0,False,48.699030692545904,1.0,85.72858238220215,88.34391263326009,98.91612917582194,118.95685234069825,0.5218,0.0447,-11.33,WEAK
2026-06-05,21.510000228881836,4.5360002517700195,TMUS,"T-Mobile US, Inc.",178.10000610351562,0.61,18.5,17.5,4.0,10.5,2.5,5.0,58.0,False,33.760529488380755,1.32,187.7133316040039,195.58755264282226,198.16865297953288,208.01040969848634,-0.0511,0.0578,-16.47,WEAK
2026-06-05,21.510000228881836,4.5360002517700195,WMT,Walmart Inc.,118.87999725341797,0.97,19.5,7.0,7.5,10.5,7.5,5.0,57.0,False,41.41852393177716,1.43,123.83399925231933,125.27440172831217,122.74888076782227,115.0082636642456,0.3304,0.0073,-4.77,WEAK
2026-06-05,21.510000228881836,4.5360002517700195,PYPL,"PayPal Holdings, Inc.",41.290000915527344,-3.42,15.0,16.0,4.0,10.5,6.0,5.0,56.5,False,29.272129282830363,1.58,44.1273889541626,46.00579624176025,48.65327663421631,55.75051551818848,-0.2085,0.1121,-6.61,WEAK
2026-06-05,21.510000228881836,4.5360002517700195,HON,Honeywell International Inc.,213.97000122070312,-1.69,12.5,11.5,9.5,10.5,7.5,5.0,56.5,False,39.488634058786545,1.02,222.9005859375,222.9971549987793,221.41081555684408,210.7129972076416,0.2392,0.0217,-7.82,WEAK
2026-06-05,21.510000228881836,4.5360002517700195,KHC,The Kraft Heinz Company,22.579999923706055,0.49,12.5,14.5,6.0,10.5,8.0,5.0,56.5,False,41.48973137732225,0.99,23.448500061035155,22.727833302815757,23.20357894897461,23.853744373321533,0.0951,0.12,1.12,WEAK
2026-06-05,21.510000228881836,4.5360002517700195,INSM,Insmed Incorporated,94.22000122070312,-10.2,15.0,14.0,4.0,10.5,7.5,5.0,56.0,False,27.755718144017308,1.87,107.27700080871583,132.4763329823812,147.18533344268798,155.27579990386963,-0.1218,-0.0297,-32.47,WEAK
2026-06-05,21.510000228881836,4.5360002517700195,VRSK,"Verisk Analytics, Inc.",181.72999572753906,0.96,17.5,11.5,5.5,10.5,6.0,5.0,56.0,False,58.07679450528556,0.96,171.86250228881835,179.9718340555827,193.88235918680826,211.38928413391113,0.8623,0.0397,-8.0,WEAK
2026-06-05,21.510000228881836,4.5360002517700195,XEL,Xcel Energy Inc.,79.04000091552734,1.63,14.0,10.0,7.5,10.5,8.0,5.0,55.0,False,48.78369960900492,0.93,79.2870002746582,79.77511672973633,78.20557390848795,77.52406936645508,0.4527,-0.1514,-1.48,WEAK
2026-06-05,21.510000228881836,4.5360002517700195,KDP,Keurig Dr Pepper Inc.,30.530000686645508,1.56,7.0,12.5,7.5,10.5,12.0,5.0,54.5,False,65.60133295441656,0.93,29.517000198364258,27.842022641499838,27.964461898803712,27.624489278793334,0.8882,-0.3935,14.37,WEAK
2026-06-05,21.510000228881836,4.5360002517700195,ZS,"Zscaler, Inc.",130.77999877929688,-3.31,19.5,13.0,3.5,10.5,2.5,5.0,54.0,False,41.98976330148015,0.6,153.65849838256835,144.17266604105632,169.99354152679444,218.16177516937256,0.188,0.0524,-13.74,WEAK
2026-06-05,21.510000228881836,4.5360002517700195,CPRT,"Copart, Inc.",30.959999084472656,0.62,20.5,7.0,6.0,10.5,4.0,5.0,53.0,False,36.645111385883666,1.17,32.68649988174438,33.07783352533976,36.00433351198832,39.190100049972536,0.116,0.0349,-8.86,WEAK
2026-06-05,21.510000228881836,4.5360002517700195,TTWO,"Take-Two Interactive Software, ",214.38999938964844,-1.04,12.5,8.5,8.5,10.5,7.5,5.0,52.5,False,41.67925504994839,0.68,226.9830009460449,213.57766672770182,221.0220002492269,231.46509986877442,0.1708,0.0364,2.48,WEAK
2026-06-05,21.510000228881836,4.5360002517700195,DASH,"DoorDash, Inc.",156.8000030517578,-2.04,19.0,7.0,6.0,10.5,4.5,5.0,52.0,False,46.354237924171215,1.24,157.83699951171874,162.6819165547689,181.79004147847493,206.2537998199463,0.4317,0.0336,-3.06,WEAK
2026-06-05,21.510000228881836,4.5360002517700195,GEHC,GE HealthCare Technologies Inc.,64.66999816894531,1.35,14.0,11.5,7.5,10.5,3.0,5.0,51.5,False,52.57489131955921,0.96,62.85700035095215,67.36954867045084,74.49342613220215,75.03854526519775,0.8905,0.0504,-8.0,WEAK
2026-06-05,21.510000228881836,4.5360002517700195,TSLA,"Tesla, Inc.",391.0,-6.56,16.0,7.0,5.5,10.5,6.5,5.0,50.5,False,40.360033285800526,1.22,425.8720001220703,393.93900095621746,413.2273338317871,414.1418504333496,-0.101,0.0036,-1.02,WEAK
2026-06-05,21.510000228881836,4.5360002517700195,FANG,"Diamondback Energy, Inc.",192.6199951171875,-5.09,11.0,4.0,5.0,10.5,14.0,5.0,49.5,False,45.20841090738964,1.65,199.210050201416,194.5059506734212,176.61914914449056,163.06340858459473,0.2207,0.0258,9.42,PARTIAL_SELL
2026-06-05,21.510000228881836,4.5360002517700195,CRWD,"CrowdStrike Holdings, Inc.",671.02001953125,-6.68,10.5,5.5,5.5,10.5,12.0,5.0,49.0,False,58.34722596523942,1.33,647.9035034179688,499.8443333943685,469.6538335164388,478.03615066528323,0.5763,0.0113,51.97,PARTIAL_SELL
2026-06-05,21.510000228881836,4.5360002517700195,ODFL,"Old Dominion Freight Line, Inc.",242.57000732421875,-1.2,6.0,7.0,8.5,10.5,12.0,5.0,49.0,False,74.19809403705415,1.14,213.57967071533204,205.05621134440105,192.61842244466146,172.18449466705323,0.9328,0.0171,37.81,PARTIAL_SELL
2026-06-05,21.510000228881836,4.5360002517700195,CMCSA,Comcast Corporation,23.81999969482422,2.1,17.0,5.5,6.0,10.5,4.0,5.0,48.0,False,32.73520881316007,1.13,24.80349988937378,27.15166056950887,28.131131188074747,27.812587299346923,0.0664,0.0472,-20.1,SELL
2026-06-05,21.510000228881836,4.5360002517700195,EXC,Exelon Corporation,45.75,2.51,7.0,8.5,8.0,10.5,8.0,5.0,47.0,False,54.95632298162975,1.03,44.5624174118042,46.399970626831056,45.53973131179809,45.00453269958496,0.8634,-0.06,-6.67,PARTIAL_SELL
2026-06-05,21.510000228881836,4.5360002517700195,WBD,"Warner Bros. Discovery, Inc. - ",26.239999771118164,-2.81,8.5,5.5,3.5,10.5,13.0,5.0,46.0,False,30.21647190986147,2.51,27.075000190734862,27.208499972025553,27.768499994277953,24.49115005016327,-0.4221,0.2807,-4.34,SELL
2026-06-05,21.510000228881836,4.5360002517700195,FER,Ferrovial N.V.,66.80999755859375,0.53,10.0,4.0,6.0,10.5,10.0,5.0,45.5,False,46.371263309532225,1.91,67.57451705932617,67.03095417022705,67.46749655405681,64.4139137840271,0.3511,0.0067,4.84,SELL
2026-06-05,21.510000228881836,4.5360002517700195,MSTR,Strategy Inc,120.44000244140625,-6.9,14.0,11.5,2.0,10.5,0.0,5.0,43.0,True,29.49328198714069,2.35,160.9629997253418,152.776833597819,150.59100030263264,201.86245021820068,0.0214,-0.2053,-12.31,STRONG_SELL
2026-06-08,18.920000076293945,4.552000045776367,AVGO,Broadcom Inc.,396.6000061035156,2.82,30.0,20.5,9.0,12.5,18.5,5.0,95.5,False,43.3251450994049,1.31,427.3490020751953,386.45436808268227,360.35548731486,355.4571829223633,0.1799,0.0145,23.36,APEX
2026-06-08,18.920000076293945,4.552000045776367,NVDA,NVIDIA Corporation,208.63999938964844,1.73,30.0,20.5,9.5,12.5,17.5,5.0,95.0,False,46.87353633523904,0.77,218.55862731933593,199.57251790364583,192.17923545837402,188.5119899749756,0.1412,0.0092,15.89,APEX
2026-06-08,18.920000076293945,4.552000045776367,GOOGL,Alphabet Inc.,363.30999755859375,-1.42,30.0,18.5,10.0,12.5,18.5,5.0,94.5,False,43.37619255089059,0.88,383.5010009765625,346.773833211263,331.9964525858561,304.6500491333008,0.1066,0.0063,20.19,STRONG_BUY
2026-06-08,18.920000076293945,4.552000045776367,GOOG,Alphabet Inc.,361.1700134277344,-1.25,30.0,18.5,7.5,12.5,18.5,5.0,92.0,False,43.86674615783236,0.83,380.04749908447263,344.2856653849284,330.98120600382487,304.27283515930174,0.1251,0.0063,19.81,STRONG_BUY
2026-06-08,18.920000076293945,4.552000045776367,MU,"Micron Technology, Inc.",949.280029296875,9.87,29.0,20.5,8.0,12.5,12.5,5.0,87.5,False,60.83727388353932,0.96,859.942495727539,594.2639689127604,479.4541202545166,364.8772911453247,0.6758,0.0027,122.86,STRONG_BUY
2026-06-08,18.920000076293945,4.552000045776367,STX,Seagate Technology Holdings PLC,876.77001953125,3.46,29.5,17.5,9.0,12.5,12.5,5.0,86.0,False,61.44448800145878,0.74,841.2284942626953,631.1344863891602,494.18884633382163,389.47469200134276,0.6436,0.0081,128.9,STRONG_BUY
2026-06-08,18.920000076293945,4.552000045776367,ROST,"Ross Stores, Inc.",227.4199981689453,-1.28,30.0,10.0,9.0,12.5,18.5,5.0,85.0,False,52.47579585026365,0.82,223.0994987487793,221.27549947102864,206.96520284016927,187.2166488647461,0.6222,0.0281,10.25,STRONG_BUY
2026-06-08,18.920000076293945,4.552000045776367,WDC,Western Digital Corporation,526.9299926757812,2.97,30.0,17.5,7.5,12.5,12.5,5.0,85.0,False,57.11847219545639,0.92,512.3734451293946,406.62799377441405,322.2916653951009,244.6631932449341,0.594,0.0114,93.57,STRONG_BUY
2026-06-08,18.920000076293945,4.552000045776367,TXN,Texas Instruments Incorporated,290.8999938964844,2.05,28.0,17.0,8.0,12.5,14.5,5.0,85.0,False,49.673324961868346,0.96,304.0385040283203,251.95110346476238,224.97107264200847,204.4872498321533,0.1491,0.004,53.25,STRONG_BUY
2026-06-08,18.920000076293945,4.552000045776367,ADI,"Analog Devices, Inc.",403.8900146484375,0.62,29.5,17.5,8.0,12.5,12.5,5.0,85.0,False,49.41403468668584,1.0,414.0802032470703,372.70426177978516,341.00721435546876,302.29248046875,0.3099,0.0197,32.32,STRONG_BUY
2026-06-08,18.920000076293945,4.552000045776367,AMZN,"Amazon.com, Inc.",245.22000122070312,-0.33,26.5,14.5,9.5,12.5,16.5,5.0,84.5,False,37.26769352033607,0.84,262.74550170898436,244.84666697184244,234.6581667582194,232.23535011291503,-0.0218,0.0037,18.08,STRONG_BUY
2026-06-08,18.920000076293945,4.552000045776367,LRCX,Lam Research Corporation,324.45001220703125,6.98,30.0,14.5,8.0,12.5,14.0,5.0,84.0,False,58.54035847830962,1.26,307.6394973754883,267.12516530354816,240.09816818237306,199.37025814056398,0.7135,0.0107,52.9,STRONG_BUY
2026-06-08,18.920000076293945,4.552000045776367,NXPI,NXP Semiconductors N.V.,301.1400146484375,1.75,28.0,17.5,8.0,12.5,12.5,5.0,83.5,False,51.52721706317838,1.44,309.3000015258789,251.98139572143555,239.50865160624187,229.76531646728515,0.3576,0.0359,58.6,STRONG_BUY
2026-06-08,18.920000076293945,4.552000045776367,CSCO,"Cisco Systems, Inc.",124.1500015258789,2.06,26.5,14.5,10.0,12.5,14.0,5.0,82.5,False,65.38787070102815,0.79,117.47599983215332,95.29028434753418,86.38025754292806,80.02885627746582,0.6946,0.019,59.35,BUY
2026-06-08,18.920000076293945,4.552000045776367,AMAT,"Applied Materials, Inc.",492.1700134277344,8.64,28.0,14.5,8.0,12.5,14.0,5.0,82.0,False,62.74319330655954,1.15,449.49719390869143,402.0814753214518,359.61816685994467,301.2431490325928,0.8889,0.0078,44.29,BUY
2026-06-08,18.920000076293945,4.552000045776367,AMD,"Advanced Micro Devices, Inc.",490.3299865722656,5.14,26.5,17.0,8.0,12.5,12.5,5.0,81.5,False,58.79510510004526,0.77,475.69100189208984,337.45266749064126,276.501916885376,247.59915016174315,0.5944,0.009,153.54,BUY
2026-06-08,18.920000076293945,4.552000045776367,MPWR,"Monolithic Power Systems, Inc.",1559.1800537109375,5.28,30.0,13.0,7.5,12.5,12.5,5.0,80.5,False,49.9741135935535,1.24,1588.3180053710937,1413.664712524414,1238.408420308431,1114.6783123779296,0.386,0.0064,48.42,BUY
2026-06-08,18.920000076293945,4.552000045776367,EA,Electronic Arts Inc.,203.1999969482422,0.1,26.5,15.5,10.0,12.5,11.0,5.0,80.5,False,64.11163367327433,0.77,201.4010971069336,201.8290023803711,201.97028376261395,197.65741256713866,0.927,0.0436,2.08,BUY
2026-06-08,18.920000076293945,4.552000045776367,VRTX,Vertex Pharmaceuticals Incorpor,442.9599914550781,-0.87,28.0,11.5,10.0,12.5,12.5,5.0,79.5,False,53.30995107547904,0.85,439.2644989013672,440.10633290608723,453.6119990030924,437.4136489868164,0.6192,0.0248,-5.62,BUY
2026-06-08,18.920000076293945,4.552000045776367,APP,Applovin Corporation,563.6900024414062,1.16,30.0,13.0,7.5,12.5,11.5,5.0,79.5,False,59.32708442729679,0.81,529.6450057983399,469.65966949462893,504.0722094217936,540.8108758544922,0.6593,0.0168,22.9,BUY
2026-06-08,18.920000076293945,4.552000045776367,BKR,Baker Hughes Company,64.83999633789062,3.59,25.5,10.0,9.0,12.5,17.0,5.0,79.0,False,50.52816863081236,0.81,64.90750026702881,63.3017640431722,58.90728174845378,54.14140768051148,0.4859,0.049,19.9,BUY
2026-06-08,18.920000076293945,4.552000045776367,META,"Meta Platforms, Inc.",585.3900146484375,-1.28,30.0,20.5,8.0,12.5,2.5,5.0,78.5,False,39.52672093347353,1.14,611.5054992675781,617.210248819987,636.3132975260417,660.9452944946289,0.0355,0.0172,-4.53,BUY
2026-06-08,18.920000076293945,4.552000045776367,AAPL,Apple Inc.,301.5400085449219,-1.89,25.5,16.0,7.0,12.5,12.5,5.0,78.5,False,53.36306121576452,1.59,304.6645004272461,276.8921244303385,270.65675048828126,265.14478050231935,0.3804,0.0228,20.67,BUY
2026-06-08,18.920000076293945,4.552000045776367,QCOM,QUALCOMM Incorporated,217.77000427246094,0.85,23.0,19.0,8.0,12.5,10.5,5.0,78.0,False,52.170310151318766,0.68,223.7265655517578,169.42951583862305,161.59494768778484,163.08951774597168,0.421,0.0418,68.37,BUY
2026-06-08,18.920000076293945,4.552000045776367,LITE,Lumentum Holdings Inc.,895.4000244140625,3.68,20.5,17.5,7.0,12.5,15.5,5.0,78.0,False,48.7651137558892,0.82,935.3935028076172,857.4785003662109,668.1875839233398,482.31827529907224,0.3378,0.0013,43.84,BUY
2026-06-08,18.920000076293945,4.552000045776367,DXCM,"DexCom, Inc.",76.62000274658203,5.16,28.5,14.0,7.5,12.5,10.0,5.0,77.5,False,70.69711661280786,1.05,68.87399959564209,65.07333297729492,67.50091660817465,67.62370004653931,0.8225,0.0357,19.27,BUY
2026-06-08,18.920000076293945,4.552000045776367,MSFT,Microsoft Corporation,411.739990234375,-1.18,28.0,18.5,9.0,12.5,4.5,5.0,77.5,False,45.466700953905175,0.87,422.05284576416017,404.5358103434245,421.345361328125,453.98913940429685,0.3196,0.0121,4.32,BUY
2026-06-08,18.920000076293945,4.552000045776367,ABNB,"Airbnb, Inc.",134.42999267578125,0.67,22.5,14.0,9.0,12.5,14.5,5.0,77.5,False,49.08986697004479,0.85,133.98600006103516,134.0808334350586,132.72012481689453,128.87152492523194,0.569,0.04,6.44,BUY
2026-06-08,18.920000076293945,4.552000045776367,ASML,ASML Holding N.V. - New York Re,1749.0400390625,6.54,24.0,14.5,7.5,12.5,14.0,5.0,77.5,False,63.36562679101416,1.24,1605.9244995117188,1472.7812235514323,1391.1848556518555,1220.4584112548828,0.9253,0.0122,30.26,BUY
2026-06-08,18.920000076293945,4.552000045776367,GILD,"Gilead Sciences, Inc.",128.10000610351562,-0.82,30.0,11.5,9.0,12.5,9.0,5.0,77.0,False,39.94303222087147,1.31,131.55200080871583,135.08499972025552,135.52028242746988,128.0935829925537,0.1586,0.0499,-11.65,BUY
2026-06-08,18.920000076293945,4.552000045776367,ARM,Arm Holdings plc,346.3900146484375,1.01,25.5,10.0,7.0,12.5,15.5,5.0,75.5,False,61.09125210701018,0.73,299.89100036621096,212.0187510172526,164.3158754348755,158.23612529754638,0.658,0.002,199.26,BUY
2026-06-08,18.920000076293945,4.552000045776367,BKNG,Booking Holdings Inc. Common St,162.3000030517578,-2.13,30.0,16.0,7.0,12.5,4.5,5.0,75.0,False,45.43567316989967,0.89,161.39002227783203,169.79763590494792,181.13726781209309,192.06257621765135,0.5409,0.0563,-4.09,BUY
2026-06-08,18.920000076293945,4.552000045776367,DDOG,"Datadog, Inc.",231.67999267578125,-1.04,26.0,13.0,8.0,12.5,10.5,5.0,75.0,False,59.79494923393173,0.89,225.96750030517578,161.20783348083495,143.82679189046223,147.572900390625,0.5649,0.0114,86.06,BUY
2026-06-08,18.920000076293945,4.552000045776367,ADSK,"Autodesk, Inc.",225.0399932861328,-2.14,30.0,17.5,7.0,12.5,2.5,5.0,74.5,False,41.12204891723559,0.85,236.77300109863282,239.06683324178059,250.7129165649414,273.3520001220703,-0.0029,0.0644,-10.4,BUY
2026-06-08,18.920000076293945,4.552000045776367,MCHP,Microchip Technology Incorporat,91.37000274658203,3.43,19.5,17.5,7.5,12.5,12.5,5.0,74.5,False,48.830052736884355,1.2,94.49124946594239,82.14454828898111,76.90437088012695,70.6606074142456,0.2262,0.023,48.25,BUY
2026-06-08,18.920000076293945,4.552000045776367,WDAY,"Workday, Inc.",143.75999450683594,-0.36,28.5,17.5,6.0,12.5,4.5,5.0,74.0,False,58.327869641405044,0.53,132.43999938964845,128.29150009155273,152.31183306376138,183.53754974365233,0.728,0.0878,8.02,BUY
2026-06-08,18.920000076293945,4.552000045776367,MDLZ,"Mondelez International, Inc.",61.599998474121094,-0.71,23.0,12.5,8.0,12.5,13.0,5.0,74.0,False,54.846297514612424,0.95,61.45900001525879,59.19354197184245,57.997929128011066,58.21297101974487,0.5751,0.036,13.2,BUY
2026-06-08,18.920000076293945,4.552000045776367,ROP,"Roper Technologies, Inc.",333.75,0.47,30.0,15.5,6.0,12.5,4.5,5.0,73.5,False,49.49732120805728,1.05,326.71399841308596,344.9101186116537,366.236385345459,412.11939254760745,0.7423,0.0644,-4.67,BUY
2026-06-08,18.920000076293945,4.552000045776367,MNST,Monster Beverage Corporation,88.47000122070312,-1.21,25.5,8.5,8.0,12.5,14.0,5.0,73.5,False,61.3700514019368,1.01,87.58349990844727,79.47616678873698,79.45725015004476,74.96650014877319,0.6789,0.0195,14.73,BUY
2026-06-08,18.920000076293945,4.552000045776367,LIN,Linde plc,501.9200134277344,-1.18,17.5,13.0,10.0,12.5,15.0,5.0,73.0,False,49.05362925454048,0.84,505.4221450805664,499.138249206543,477.1081792195638,462.88357955932617,0.3528,0.0202,1.94,BUY
2026-06-08,18.920000076293945,4.552000045776367,ADBE,Adobe Inc.,244.99000549316406,-2.57,27.5,17.5,5.5,12.5,4.5,5.0,72.5,False,46.59677098492272,0.94,249.35650024414062,246.1865005493164,272.7257503509521,301.0343000030518,0.389,0.0941,-1.74,BUY
2026-06-08,18.920000076293945,4.552000045776367,SNDK,Sandisk Corporation,1642.0,5.3,21.0,13.0,8.5,12.5,12.5,5.0,72.5,False,58.493140446266715,0.7,1557.66650390625,1117.3279978434246,795.4142496744792,538.2324251174927,0.6437,0.0093,148.18,BUY
2026-06-08,18.920000076293945,4.552000045776367,FTNT,"Fortinet, Inc.",143.0399932861328,-1.13,25.0,8.5,8.0,12.5,13.5,5.0,72.5,False,70.40513707608955,0.86,132.42999954223632,100.36299959818523,90.47966651916504,87.25599994659424,0.7343,0.0173,71.43,BUY
2026-06-08,18.920000076293945,4.552000045776367,COST,Costco Wholesale Corporation,974.75,0.3,28.5,7.0,9.5,12.5,9.5,5.0,72.0,False,42.294502758404136,0.82,1010.3719879150391,1001.4966451009115,974.5984553019206,954.6948617553711,0.3,0.0161,-3.2,BUY
2026-06-08,18.920000076293945,4.552000045776367,CSX,CSX Corporation,47.11000061035156,0.26,19.0,11.5,10.0,12.5,14.0,5.0,72.0,False,62.9949977989864,0.69,45.83316497802734,43.37359441121419,40.88487348556519,38.29590907096863,0.8997,0.0129,20.24,BUY
2026-06-08,18.920000076293945,4.552000045776367,NFLX,"Netflix, Inc.",82.63999938964844,0.56,30.0,14.5,6.0,12.5,4.0,5.0,72.0,False,32.80874094514259,0.97,86.20449943542481,92.14316635131836,90.13291657765707,100.01249492645263,0.1601,0.0747,-13.29,BUY
2026-06-08,18.920000076293945,4.552000045776367,SBUX,Starbucks Corporation,94.81999969482422,-0.49,19.5,14.0,7.5,12.5,13.5,5.0,72.0,False,33.23159884687223,0.92,101.56627044677734,98.3858627319336,95.30649134318034,90.38963962554932,0.1389,-0.0121,-3.81,BUY
2026-06-08,18.920000076293945,4.552000045776367,ISRG,"Intuitive Surgical, Inc.",418.6099853515625,-0.82,30.0,11.5,8.5,12.5,3.5,5.0,71.0,False,42.4982407135258,0.85,426.33049926757815,451.5776662190755,488.8192504882812,493.0442010498047,0.342,0.0152,-11.34,HOLD
2026-06-08,18.920000076293945,4.552000045776367,KLAC,KLA Corporation,2108.06005859375,9.27,18.5,14.5,6.5,12.5,14.0,5.0,71.0,False,61.59630742967389,1.15,1917.2734069824219,1743.5652872721355,1578.0987752278645,1380.308630065918,0.9075,0.0105,48.79,HOLD
2026-06-08,18.920000076293945,4.552000045776367,PLTR,Palantir Technologies Inc.,136.47000122070312,0.69,30.0,14.5,6.0,12.5,3.0,5.0,71.0,False,45.68944231321718,0.67,139.51074829101563,142.8317492167155,151.45745811462402,160.97594985961913,0.4056,0.0054,-9.59,HOLD
2026-06-08,18.920000076293945,4.552000045776367,AXON,"Axon Enterprise, Inc.",471.05999755859375,-3.1,30.0,11.5,7.0,12.5,4.5,5.0,70.5,False,59.702566863763714,0.77,424.7210006713867,421.55516713460287,481.2512499491374,557.4438505554199,0.7553,0.0016,-5.06,HOLD
2026-06-08,18.920000076293945,4.552000045776367,CDNS,"Cadence Design Systems, Inc.",394.239990234375,4.8,21.5,8.5,9.5,12.5,13.5,5.0,70.5,False,59.66262961620731,1.06,373.45799865722654,328.0453338623047,316.5370834350586,324.70765014648435,0.714,0.0138,37.35,HOLD
2026-06-08,18.920000076293945,4.552000045776367,CCEP,Coca-Cola Europacific Partners ,95.25,0.54,25.5,8.5,5.5,12.5,13.0,5.0,70.0,False,57.15378617795548,1.17,92.30519905090333,93.55932655334473,94.03776315053304,91.53712966918945,0.9183,0.0414,-4.17,HOLD
2026-06-08,18.920000076293945,4.552000045776367,MRVL,"Marvell Technology, Inc.",288.8500061035156,9.63,15.0,17.0,6.5,12.5,14.0,5.0,70.0,False,69.18215574104528,1.75,214.45949935913086,156.190966796875,119.3062058766683,104.50849138259888,0.8796,0.009,228.93,HOLD
2026-06-08,18.920000076293945,4.552000045776367,PCAR,PACCAR Inc.,118.44000244140625,1.51,17.0,14.0,7.0,12.5,13.0,5.0,68.5,False,58.87262749872948,1.1,112.40851058959962,116.75257275899251,118.2664000193278,110.16220100402832,1.06,0.0238,3.01,HOLD
2026-06-08,18.920000076293945,4.552000045776367,MAR,Marriott International,391.4200134277344,-0.28,16.5,11.5,8.0,12.5,14.0,5.0,67.5,False,68.36095539083468,0.95,369.9549758911133,353.3640762329102,339.4772104899088,312.98069366455076,0.8757,0.0174,24.98,HOLD
2026-06-08,18.920000076293945,4.552000045776367,INTU,Intuit Inc.,305.510009765625,2.95,25.0,17.5,7.0,12.5,0.5,5.0,67.5,False,38.20919161609784,0.83,344.30200347900393,387.49609731038413,454.37724787394205,536.6380421447753,0.2557,0.0626,-30.35,HOLD
2026-06-08,18.920000076293945,4.552000045776367,ADP,"Automatic Data Processing, Inc.",229.0749969482422,-1.24,20.0,13.0,10.0,12.5,6.5,5.0,67.0,False,60.18136030373067,0.57,221.45624923706055,209.9689163208008,224.1877145131429,243.8593830871582,0.7463,0.0519,9.86,HOLD
2026-06-08,18.920000076293945,4.552000045776367,SNPS,"Synopsys, Inc.",473.4800109863281,1.86,17.0,11.5,8.5,12.5,12.5,5.0,67.0,False,44.355342885624005,0.8,500.96400146484376,461.16916910807294,462.55466918945314,465.2312516784668,0.1202,0.039,14.75,HOLD
2026-06-08,18.920000076293945,4.552000045776367,AMGN,Amgen Inc.,345.7300109863281,-1.1,16.0,11.5,8.0,12.5,13.0,5.0,66.0,False,58.07749264122264,1.01,335.00288848876954,341.01720428466797,344.1797124226888,325.35195358276366,0.9018,0.0399,-4.88,HOLD
2026-06-08,18.920000076293945,4.552000045776367,PANW,"Palo Alto Networks, Inc.",266.3299865722656,-2.1,18.5,10.0,9.0,12.5,10.5,5.0,65.5,False,60.88799562368424,0.7,256.31649856567384,198.98799997965494,186.0804167429606,192.539400100708,0.6038,0.0165,59.46,HOLD
2026-06-08,18.920000076293945,4.552000045776367,CHTR,"Charter Communications, Inc.",132.1999969482422,0.06,20.5,17.5,4.5,12.5,5.5,5.0,65.5,False,30.374709833693373,0.71,141.86049880981446,185.40966669718424,200.13075014750163,216.85535026550292,0.1205,0.1288,-39.41,HOLD
2026-06-08,18.920000076293945,4.552000045776367,PEP,"Pepsico, Inc.",140.67999267578125,-0.87,24.0,10.0,7.5,12.5,6.0,5.0,65.0,False,35.34101090521473,1.09,145.1797134399414,150.78216044108072,151.17746747334797,147.39951126098632,0.1678,0.0455,-11.08,HOLD
2026-06-08,18.920000076293945,4.552000045776367,FAST,Fastenal Company,46.0,-1.69,19.0,7.0,8.0,12.5,13.0,5.0,64.5,False,57.376954150596646,1.09,44.48549976348877,44.9547207514445,44.39504540761312,44.154910259246826,0.8165,0.0171,1.73,HOLD
2026-06-08,18.920000076293945,4.552000045776367,WMT,Walmart Inc.,119.83000183105469,0.8,19.5,7.0,8.5,12.5,11.0,5.0,63.5,False,43.72409759376005,0.76,123.303999710083,125.19098358154297,122.77880477905273,115.09762851715088,0.3791,0.0072,-4.91,HOLD
2026-06-08,18.920000076293945,4.552000045776367,IDXX,"IDEXX Laboratories, Inc.",561.1699829101562,-0.18,24.5,7.0,10.0,12.5,4.5,5.0,63.5,False,50.99476997634226,0.57,551.0359954833984,565.3546630859375,615.6307469685872,635.6701974487305,0.6909,0.0178,-2.2,HOLD
2026-06-08,18.920000076293945,4.552000045776367,SHOP,Shopify Inc.,110.77999877929688,1.13,20.5,13.0,7.5,12.5,4.5,5.0,63.0,False,48.677738473621574,0.62,107.37100028991699,116.04016710917155,128.47583338419597,138.7984999847412,0.6091,0.0087,-9.91,HOLD
2026-06-08,18.920000076293945,4.552000045776367,HON,Honeywell International Inc.,211.8000030517578,-1.01,12.5,11.5,10.0,12.5,11.5,5.0,63.0,False,37.62888019173949,0.78,222.89282913208007,222.65841700236004,221.5787326812744,210.7660167694092,0.1765,0.0219,-9.18,HOLD
2026-06-08,18.920000076293945,4.552000045776367,ALNY,"Alnylam Pharmaceuticals, Inc.",292.1600036621094,-3.59,22.5,16.0,4.0,12.5,2.5,5.0,62.5,False,45.26536364700986,1.62,294.8570022583008,308.1200002034505,332.42350006103516,381.019049987793,0.3888,0.0052,-6.78,HOLD
2026-06-08,18.920000076293945,4.552000045776367,CEG,Constellation Energy Corporatio,250.6699981689453,-1.63,30.0,5.5,7.0,12.5,2.5,5.0,62.5,False,34.8665894763041,0.83,276.6343139648437,290.22395477294924,302.48225453694664,320.5619218444824,0.0666,-0.05,-16.8,HOLD
2026-06-08,18.920000076293945,4.552000045776367,ORLY,"O'Reilly Automotive, Inc.",89.0199966430664,-1.45,21.5,11.5,7.5,12.5,4.5,5.0,62.5,False,45.828134353546155,0.98,89.70099906921386,91.459166208903,92.88499972025554,96.13059982299805,0.4133,0.018,-2.75,HOLD
2026-06-08,18.920000076293945,4.552000045776367,REGN,"Regeneron Pharmaceuticals, Inc.",611.3400268554688,-3.79,20.0,14.0,7.5,12.5,3.5,5.0,62.5,False,34.776035985565116,1.02,647.3950500488281,710.3242279052735,739.2897750854493,694.2637530517578,0.2779,0.0511,-17.9,HOLD
2026-06-08,18.920000076293945,4.552000045776367,AEP,American Electric Power Company,126.7699966430664,-1.84,16.0,10.0,7.5,12.5,11.0,5.0,62.0,False,44.630076401892104,1.01,128.34099960327148,130.7426010131836,125.66193135579427,120.67757793426513,0.3122,-0.1008,-4.43,HOLD
2026-06-08,18.920000076293945,4.552000045776367,PDD,PDD Holdings Inc.,82.62000274658203,-2.88,20.5,16.0,5.0,12.5,2.5,5.0,61.5,False,33.29762478141967,0.77,91.67100028991699,97.44616673787435,102.40558350880941,112.275650100708,0.1274,0.6092,-19.51,HOLD
2026-06-08,18.920000076293945,4.552000045776367,KHC,The Kraft Heinz Company,23.350000381469727,3.41,12.5,14.5,6.0,12.5,11.0,5.0,61.5,False,55.574569240156464,1.02,23.042005348205567,22.35356766382853,22.791633717219035,23.419390802383422,0.6566,0.116,5.28,HOLD
2026-06-08,18.920000076293945,4.552000045776367,PAYX,"Paychex, Inc.",98.91999816894531,-1.6,18.5,13.0,5.5,12.5,6.5,5.0,61.0,False,58.093028183630864,1.15,95.64839210510254,92.26317876180013,96.91513290405274,106.01697383880615,0.7231,,8.19,HOLD
2026-06-08,18.920000076293945,4.552000045776367,CTSH,Cognizant Technology Solutions ,52.9900016784668,-0.41,18.5,17.5,4.5,12.5,2.5,5.0,60.5,False,48.52584595711432,1.02,51.65583171844482,55.91657263437907,65.77225491205851,67.68787900924683,0.6028,0.0762,-11.61,HOLD
2026-06-08,18.920000076293945,4.552000045776367,MELI,"MercadoLibre, Inc.",1611.989990234375,0.26,18.0,16.0,7.0,12.5,2.0,5.0,60.5,False,41.666982665246486,0.63,1632.943017578125,1716.2743408203125,1857.0798380533854,2005.4910552978515,0.401,-0.0502,-3.47,HOLD
2026-06-08,18.920000076293945,4.552000045776367,PYPL,"PayPal Holdings, Inc.",41.2599983215332,-0.07,15.0,16.0,5.5,12.5,6.0,5.0,60.0,False,29.168448919520316,1.1,43.92934226989746,45.95655867258708,48.48651088078817,55.61933818817138,-0.0785,0.1122,-7.8,HOLD
2026-06-08,18.920000076293945,4.552000045776367,TMUS,"T-Mobile US, Inc.",178.42999267578125,0.19,18.5,17.5,4.0,12.5,2.5,5.0,60.0,False,34.440290818159426,1.09,187.0055778503418,195.00783360799153,198.0457534790039,207.6314624786377,0.0406,0.0577,-17.48,HOLD
2026-06-08,18.920000076293945,4.552000045776367,ZS,"Zscaler, Inc.",129.25,-1.17,19.5,15.5,5.0,12.5,2.5,5.0,60.0,False,41.38930050189564,0.47,152.51449813842774,143.79999936421711,169.1016248703003,217.43900020599366,0.1959,0.0531,-15.94,HOLD
2026-06-08,18.920000076293945,4.552000045776367,TRI,Thomson Reuters Corp,83.18000030517578,-3.32,21.5,14.0,3.5,12.5,2.5,5.0,59.0,False,45.034260953193765,0.62,85.2754280090332,88.11296615600585,98.55276355743408,118.52393375396728,0.3394,0.0462,-11.66,WEAK
2026-06-08,18.920000076293945,4.552000045776367,CTAS,Cintas Corporation,173.64500427246094,-3.45,20.0,10.0,6.5,12.5,4.5,5.0,58.5,False,50.93658732256045,1.1,171.45631942749023,173.9043207804362,183.49968668619792,187.1747583770752,0.6206,0.0217,-10.38,WEAK
2026-06-08,18.920000076293945,4.552000045776367,KDP,Keurig Dr Pepper Inc.,30.75,0.72,7.0,12.5,9.0,12.5,12.0,5.0,58.0,False,67.42865494753403,0.85,29.613000202178956,27.909618918100993,27.97894991238912,27.606855669021606,0.9142,-0.3907,13.18,WEAK
2026-06-08,18.920000076293945,4.552000045776367,XEL,Xcel Energy Inc.,77.62000274658203,-1.8,14.0,10.0,7.5,12.5,9.0,5.0,58.0,False,43.58517335800634,1.45,79.19850044250488,79.73166669209799,78.2355136235555,77.55458591461182,0.2091,-0.1542,-5.24,WEAK
2026-06-08,18.920000076293945,4.552000045776367,VRSK,"Verisk Analytics, Inc.",178.97000122070312,-1.52,19.0,11.5,5.5,12.5,4.5,5.0,58.0,False,54.12822803914267,0.98,172.21750259399414,179.6623341878255,193.57258491516114,210.93841621398926,0.7414,0.0403,-11.06,WEAK
2026-06-08,18.920000076293945,4.552000045776367,INSM,Insmed Incorporated,94.16999816894531,-0.05,15.0,14.0,5.5,12.5,6.0,5.0,58.0,False,27.724271735009992,1.23,106.91800079345703,131.7204995473226,146.32833347320556,155.09939990997316,-0.0417,-0.0297,-32.49,WEAK
2026-06-08,18.920000076293945,4.552000045776367,INTC,Intel Corporation,110.2699966430664,11.19,3.5,17.0,6.5,12.5,12.5,5.0,57.0,False,53.044373375505934,1.06,115.16799926757812,82.57166646321615,63.431833299001056,51.70714998245239,0.3265,-0.015,140.92,WEAK
2026-06-08,18.920000076293945,4.552000045776367,FANG,"Diamondback Energy, Inc.",198.19500732421875,2.89,11.0,4.0,6.5,12.5,17.0,5.0,56.0,False,50.03015932927589,1.29,199.73640975952148,194.8751714070638,176.97996559143067,163.37754043579102,0.4266,0.0251,9.28,WEAK
2026-06-08,18.920000076293945,4.552000045776367,CPRT,"Copart, Inc.",30.860000610351562,-0.32,20.5,7.0,7.0,12.5,4.0,5.0,56.0,False,36.0629470019368,0.77,32.53249998092652,33.0260001818339,35.93925019900004,39.106350049972534,0.1376,0.035,-9.47,WEAK
2026-06-08,18.920000076293945,4.552000045776367,TSLA,"Tesla, Inc.",408.95001220703125,4.59,15.5,7.0,5.5,12.5,9.5,5.0,55.0,False,48.02418295422145,1.02,424.9020004272461,394.1713343302409,412.81058400472006,414.56710052490234,0.2337,0.0034,4.54,WEAK
2026-06-08,18.920000076293945,4.552000045776367,DASH,"DoorDash, Inc.",152.49000549316406,-2.75,19.0,7.0,7.0,12.5,4.0,5.0,54.5,False,42.95925866460005,0.85,157.2650001525879,162.52758331298827,181.16504147847493,205.797149810791,0.1765,0.0346,-5.5,WEAK
2026-06-08,18.920000076293945,4.552000045776367,TTWO,"Take-Two Interactive Software, ",212.5500030517578,-0.86,12.5,11.5,8.5,12.5,4.5,5.0,54.5,False,40.08214647230466,0.86,226.5880012512207,213.6335001627604,220.78100026448567,231.3844998931885,0.149,0.0367,1.9,WEAK
2026-06-08,18.920000076293945,4.552000045776367,GEHC,GE HealthCare Technologies Inc.,64.66999816894531,0.0,14.0,11.5,7.5,12.5,3.0,5.0,53.5,False,52.5748924471214,0.93,62.917000198364256,67.27578519185384,74.3332939783732,74.9930387878418,0.8582,0.0504,-8.58,WEAK
2026-06-08,18.920000076293945,4.552000045776367,CRWD,"CrowdStrike Holdings, Inc.",658.7899780273438,-1.82,13.0,5.5,6.0,12.5,10.5,5.0,52.5,False,56.01722153155755,0.86,654.4545013427735,503.4651662190755,470.93725001017253,479.23425048828125,0.5154,0.0115,49.12,WEAK
2026-06-08,18.920000076293945,4.552000045776367,EXC,Exelon Corporation,44.79999923706055,-2.08,7.0,8.5,9.0,12.5,9.5,5.0,51.5,False,47.61719030579435,0.79,44.627372360229494,46.32965380350749,45.55641800562541,45.010018844604495,0.5554,-0.0613,-9.23,WEAK
2026-06-08,18.920000076293945,4.552000045776367,CMCSA,Comcast Corporation,23.760000228881836,-0.25,17.0,5.5,7.0,12.5,4.0,5.0,51.0,False,32.31001526249909,0.78,24.721499919891357,27.050771713256836,28.121343676249186,27.780569858551026,0.0954,0.0473,-20.3,WEAK
2026-06-08,18.920000076293945,4.552000045776367,ODFL,"Old Dominion Freight Line, Inc.",247.00999450683594,1.83,6.0,7.0,8.5,12.5,12.0,5.0,51.0,False,76.19632268067068,1.01,216.0262237548828,206.23942972819012,193.35128949483234,172.67322147369384,0.9328,0.0168,36.83,WEAK
2026-06-08,18.920000076293945,4.552000045776367,WBD,"Warner Bros. Discovery, Inc. - ",26.469999313354492,0.88,8.5,5.5,5.5,12.5,13.0,5.0,50.0,False,37.10512400852604,1.62,27.04300012588501,27.192499955495197,27.739249992370606,24.565800046920778,-0.0439,0.2783,-2.47,WEAK
2026-06-08,18.920000076293945,4.552000045776367,MSTR,Strategy Inc,127.19999694824219,5.61,14.0,11.5,3.5,12.5,2.5,5.0,49.0,False,34.785518927213815,1.17,157.94349975585936,152.60783360799152,150.18058363596597,200.77660022735597,0.1421,-0.1943,-8.93,SELL
2026-06-08,18.920000076293945,4.552000045776367,FER,Ferrovial N.V.,66.0199966430664,-1.18,10.0,4.0,7.5,12.5,9.0,5.0,48.0,False,43.21920630097639,1.18,67.38867950439453,67.06919339497884,67.46681022644043,64.47245943069458,0.22,0.0068,5.47,SELL
2026-06-09,19.8700008392334,4.5279998779296875,AVGO,Broadcom Inc.,392.1600036621094,-1.12,30.0,20.5,9.0,12.5,18.5,5.0,95.5,False,42.276235622317365,1.24,425.5355026245117,387.6322743733724,360.8030616760254,355.9782402038574,0.1697,0.0147,20.95,APEX
2026-06-09,19.8700008392334,4.5279998779296875,GOOGL,Alphabet Inc.,364.260009765625,0.26,30.0,18.5,9.5,12.5,18.5,5.0,94.0,False,44.21530920932834,0.93,382.07551727294924,347.6064514160156,332.2704170227051,305.29466735839844,0.1681,0.0063,19.28,STRONG_BUY
2026-06-09,19.8700008392334,4.5279998779296875,NVDA,NVIDIA Corporation,208.19000244140625,-0.22,30.0,20.5,8.5,12.5,17.5,5.0,94.0,False,46.548084203592815,1.0,218.00890045166017,200.04168192545572,192.44685821533204,188.67920372009277,0.1631,0.0092,13.76,STRONG_BUY
2026-06-09,19.8700008392334,4.5279998779296875,GOOG,Alphabet Inc.,362.2900085449219,0.31,30.0,18.5,7.5,12.5,18.5,5.0,92.0,False,44.85799361806201,0.84,378.6174026489258,345.09906209309895,331.22872161865234,304.90211753845216,0.187,0.0063,19.08,STRONG_BUY
2026-06-09,19.8700008392334,4.5279998779296875,MU,"Micron Technology, Inc.",935.8900146484375,-1.41,29.0,20.5,8.0,12.5,12.5,5.0,87.5,False,59.564245938343916,1.29,866.9704956054687,602.7629511515299,485.27566719055176,368.97862998962404,0.6355,0.0027,111.92,STRONG_BUY
2026-06-09,19.8700008392334,4.5279998779296875,ROST,"Ross Stores, Inc.",229.4499969482422,0.89,30.0,10.0,9.0,12.5,18.5,5.0,85.0,False,54.47300187882563,0.79,223.84449844360353,221.66166610717772,207.34487609863282,187.64093170166015,0.661,0.0278,10.33,STRONG_BUY
2026-06-09,19.8700008392334,4.5279998779296875,STX,Seagate Technology Holdings PLC,846.010009765625,-3.51,29.5,17.5,8.0,12.5,12.5,5.0,85.0,False,56.080086016608405,0.97,841.8284942626954,638.85062306722,498.86945724487305,392.9375256347656,0.5169,0.0084,112.52,STRONG_BUY
2026-06-09,19.8700008392334,4.5279998779296875,WDC,Western Digital Corporation,517.719970703125,-1.75,30.0,17.5,7.5,12.5,12.5,5.0,85.0,False,54.91158174944229,1.09,512.4746658325196,410.7196762084961,325.1733912150065,246.8795016860962,0.5339,0.0116,80.94,STRONG_BUY
2026-06-09,19.8700008392334,4.5279998779296875,TXN,Texas Instruments Incorporated,288.6300048828125,-0.78,28.0,17.0,8.0,12.5,14.5,5.0,85.0,False,48.522692330664825,1.09,303.5820037841797,253.59801127115887,225.91030629475912,204.94717361450196,0.1221,0.0041,49.43,STRONG_BUY
2026-06-09,19.8700008392334,4.5279998779296875,ADI,"Analog Devices, Inc.",404.6199951171875,0.18,29.5,17.5,8.0,12.5,12.5,5.0,85.0,False,49.69017071342519,1.03,413.232438659668,374.3606959025065,342.05570627848306,303.09718620300293,0.3398,0.0196,30.49,STRONG_BUY
2026-06-09,19.8700008392334,4.5279998779296875,AAPL,Apple Inc.,290.54998779296875,-3.64,26.0,16.0,8.5,12.5,16.5,5.0,84.5,False,42.686763124081516,1.39,304.5580001831055,277.5697947184245,270.7979877471924,265.47620361328126,-0.0186,0.0237,15.03,STRONG_BUY
2026-06-09,19.8700008392334,4.5279998779296875,NXPI,NXP Semiconductors N.V.,297.4100036621094,-1.24,28.0,17.5,8.0,12.5,12.5,5.0,83.5,False,49.81590227781688,1.19,308.8710021972656,253.77365239461264,240.06512603759765,230.14853721618653,0.3031,0.0363,55.79,STRONG_BUY
2026-06-09,19.8700008392334,4.5279998779296875,AMAT,"Applied Materials, Inc.",499.2099914550781,1.43,28.0,14.5,8.0,12.5,14.0,5.0,82.0,False,64.06782047820741,1.29,452.30423431396486,404.71654256184894,361.60641288757324,302.94354415893554,0.8971,0.0077,44.38,BUY
2026-06-09,19.8700008392334,4.5279998779296875,EA,Electronic Arts Inc.,202.47999572753906,-0.35,26.5,15.5,10.0,12.5,12.5,5.0,82.0,False,55.89075305880478,0.64,201.52355422973633,201.8861391703288,201.95916481018065,197.81542686462402,0.7327,0.0437,1.23,BUY
2026-06-09,19.8700008392334,4.5279998779296875,CSCO,"Cisco Systems, Inc.",120.36000061035156,-3.05,27.0,14.5,10.0,12.5,12.5,5.0,81.5,False,59.2699055700434,0.75,118.55799980163575,95.99782028198243,86.73814061482747,80.30112628936767,0.5612,0.0196,53.37,BUY
2026-06-09,19.8700008392334,4.5279998779296875,LRCX,Lam Research Corporation,327.1600036621094,0.84,30.0,14.5,6.5,12.5,12.5,5.0,81.0,False,59.35983248544387,1.54,309.1949981689453,269.04116541544596,241.45697326660155,200.51637184143067,0.7252,0.0106,49.12,BUY
2026-06-09,19.8700008392334,4.5279998779296875,AMZN,"Amazon.com, Inc.",244.19000244140625,-0.42,26.5,14.5,8.5,12.5,13.5,5.0,80.5,False,36.54335485387289,1.01,261.50550231933596,245.4553337097168,234.83858350118,232.34655014038086,0.0303,0.0037,15.33,BUY
2026-06-09,19.8700008392334,4.5279998779296875,MPWR,"Monolithic Power Systems, Inc.",1531.97998046875,-1.74,30.0,13.0,7.5,12.5,12.5,5.0,80.5,False,48.20365686811813,1.35,1581.8620056152345,1421.6895497639973,1243.292371114095,1118.2568075561524,0.301,0.0065,42.48,BUY
2026-06-09,19.8700008392334,4.5279998779296875,AMD,"Advanced Micro Devices, Inc.",475.5050048828125,-3.02,26.5,17.0,7.0,12.5,12.5,5.0,80.5,False,55.348323729119016,1.15,476.52675170898436,342.15458424886066,278.7346252441406,249.1581251525879,0.4934,0.0093,141.89,BUY
2026-06-09,19.8700008392334,4.5279998779296875,BKR,Baker Hughes Company,63.54999923706055,-1.99,25.5,10.0,9.0,12.5,17.0,5.0,79.0,False,47.15392627426922,0.81,64.85500030517578,63.459611384073895,59.04888099034627,54.244416122436526,0.2359,0.05,15.53,BUY
2026-06-09,19.8700008392334,4.5279998779296875,LITE,Lumentum Holdings Inc.,821.760009765625,-8.22,22.5,17.5,6.0,12.5,15.5,5.0,79.0,False,43.52486508956713,1.29,923.8270050048828,860.7995005289714,672.2465006510416,485.8399253463745,0.0753,0.0015,31.52,BUY
2026-06-09,19.8700008392334,4.5279998779296875,VRTX,Vertex Pharmaceuticals Incorpor,445.7699890136719,0.63,28.0,11.5,9.0,12.5,12.5,5.0,78.5,False,55.04867822753285,0.66,439.79449768066405,439.71349945068357,453.52916564941404,437.6551989746094,0.6911,0.0246,-4.36,BUY
2026-06-09,19.8700008392334,4.5279998779296875,DXCM,"DexCom, Inc.",78.19000244140625,2.05,28.5,14.0,8.5,12.5,10.0,5.0,78.5,False,72.96645484816186,0.66,69.81699962615967,65.30583305358887,67.60474993387858,67.61155004501343,0.8543,0.035,17.86,BUY
2026-06-09,19.8700008392334,4.5279998779296875,META,"Meta Platforms, Inc.",584.5900268554688,-0.14,30.0,20.5,8.0,12.5,2.5,5.0,78.5,False,39.308474111957075,0.97,610.7920013427735,616.7336659749349,635.7935801188152,660.1814013671875,0.065,0.0172,-6.83,BUY
2026-06-09,19.8700008392334,4.5279998779296875,QCOM,QUALCOMM Incorporated,205.4199981689453,-5.67,23.0,19.0,7.0,12.5,10.5,5.0,77.0,False,47.88294156988784,1.19,222.16476974487304,170.69747772216797,161.82793960571288,163.36187538146973,0.28,0.0443,59.35,BUY
2026-06-09,19.8700008392334,4.5279998779296875,GILD,"Gilead Sciences, Inc.",125.5,-2.03,30.0,11.5,9.0,12.5,9.0,5.0,77.0,False,35.13661457934084,1.07,131.15100059509277,134.76016629536946,135.57358576456707,128.1514068222046,-0.0012,0.0509,-13.57,BUY
2026-06-09,19.8700008392334,4.5279998779296875,MSFT,Microsoft Corporation,403.4100036621094,-2.02,28.0,18.5,8.0,12.5,4.5,5.0,76.5,False,41.95688625457569,0.93,421.6349380493164,404.6810582478841,420.76782073974607,453.5008549499512,0.1906,0.0124,1.08,BUY
2026-06-09,19.8700008392334,4.5279998779296875,ASML,ASML Holding N.V. - New York Re,1777.77001953125,1.64,24.0,14.5,6.0,12.5,14.0,5.0,76.0,False,65.05891505075635,1.83,1616.5224975585938,1480.0314392089845,1396.966111755371,1225.6895962524413,0.9391,0.012,29.52,BUY
2026-06-09,19.8700008392334,4.5279998779296875,ABNB,"Airbnb, Inc.",131.35000610351562,-2.29,24.0,14.0,9.0,12.5,11.0,5.0,75.5,False,42.89711466533331,0.86,133.70100021362305,134.16500015258788,132.71629155476887,128.89612495422364,0.1184,0.0409,2.36,BUY
2026-06-09,19.8700008392334,4.5279998779296875,BKNG,Booking Holdings Inc. Common St,163.99000549316406,1.04,30.0,16.0,7.5,12.5,4.5,5.0,75.5,False,48.00791261931659,1.06,161.71930770874025,169.71038614908855,180.69331016540528,191.74995597839356,0.6031,0.0557,-4.26,BUY
2026-06-09,19.8700008392334,4.5279998779296875,DDOG,"Datadog, Inc.",227.33999633789062,-1.87,26.0,13.0,8.0,12.5,10.5,5.0,75.0,False,57.39145853715023,0.71,227.21849975585937,162.92150014241537,144.53754183451335,148.06385040283203,0.5014,0.0116,79.62,BUY
2026-06-09,19.8700008392334,4.5279998779296875,ADSK,"Autodesk, Inc.",224.0800018310547,-0.43,30.0,17.5,7.0,12.5,2.5,5.0,74.5,False,40.54783214631763,0.75,236.17350082397462,238.61533330281574,250.12766660054524,273.0421001434326,0.034,0.0647,-10.29,BUY
2026-06-09,19.8700008392334,4.5279998779296875,ROP,"Roper Technologies, Inc.",335.3699951171875,0.49,30.0,15.5,7.0,12.5,4.5,5.0,74.5,False,50.82609303444248,0.81,327.04249877929686,344.6644933064779,365.351405843099,411.1779623413086,0.7774,0.0641,-4.54,BUY
2026-06-09,19.8700008392334,4.5279998779296875,MCHP,Microchip Technology Incorporat,91.47000122070312,0.11,19.5,17.5,7.5,12.5,12.5,5.0,74.5,False,48.98803048989844,1.35,94.13797721862792,82.64187043507894,77.11284427642822,70.79618562698364,0.2582,0.023,44.02,BUY
2026-06-09,19.8700008392334,4.5279998779296875,NFLX,"Netflix, Inc.",81.41000366210938,-1.49,30.0,14.5,6.0,12.5,6.0,5.0,74.0,False,29.975284777670325,1.02,86.00249977111817,91.91149978637695,90.02991663614908,99.81643993377685,0.0943,0.0758,-14.49,BUY
2026-06-09,19.8700008392334,4.5279998779296875,LIN,Linde plc,515.5900268554688,2.72,16.0,13.0,10.0,12.5,17.0,5.0,73.5,False,58.857501571567,1.28,506.06114654541017,499.5253651936849,477.95239588419594,463.089903717041,0.8765,0.0197,3.98,BUY
2026-06-09,19.8700008392334,4.5279998779296875,WDAY,"Workday, Inc.",140.22999572753906,-2.46,28.5,17.5,4.5,12.5,4.5,5.0,72.5,False,54.90715841655404,0.86,133.38049926757813,128.4105000813802,151.6895830790202,183.10079971313476,0.6399,0.0901,4.94,BUY
2026-06-09,19.8700008392334,4.5279998779296875,COST,Costco Wholesale Corporation,968.5900268554688,-0.63,28.5,7.0,9.5,12.5,9.5,5.0,72.0,False,40.64898238585146,0.73,1008.8279907226563,1000.8569976806641,975.5188639322917,954.7098709106446,0.2787,0.0162,-3.17,BUY
2026-06-09,19.8700008392334,4.5279998779296875,MNST,Monster Beverage Corporation,90.1500015258789,1.9,25.5,8.5,8.0,12.5,12.5,5.0,72.0,False,65.72807239288392,1.17,87.77049980163574,79.6935001373291,79.58475017547607,75.09545015335082,0.9469,0.0191,17.0,BUY
2026-06-09,19.8700008392334,4.5279998779296875,SNDK,Sandisk Corporation,1646.5400390625,0.28,21.5,13.0,7.5,12.5,12.5,5.0,72.0,False,58.68847370091233,1.38,1562.6155029296874,1133.7433319091797,807.4531667073568,546.2376253128052,0.6418,0.0093,134.01,BUY
2026-06-09,19.8700008392334,4.5279998779296875,CSX,CSX Corporation,47.279998779296875,0.36,19.0,11.5,10.0,12.5,14.0,5.0,72.0,False,63.98555394770401,0.72,45.967001342773436,43.508596165974936,40.97100095748901,38.35545701026916,0.9073,0.0129,19.22,BUY
2026-06-09,19.8700008392334,4.5279998779296875,ARM,Arm Holdings plc,324.8599853515625,-6.22,25.5,10.0,6.0,12.5,12.5,5.0,71.5,False,55.919329864204144,1.06,305.50149993896486,215.50391743977863,165.986625289917,159.1940252304077,0.5683,0.0022,166.94,HOLD
2026-06-09,19.8700008392334,4.5279998779296875,ISRG,"Intuitive Surgical, Inc.",426.6099853515625,1.91,30.0,11.5,10.0,12.5,2.5,5.0,71.5,False,47.12244918978391,0.88,426.6579986572266,450.8184992472331,487.7116668701172,492.8278509521484,0.499,0.0149,-11.76,HOLD
2026-06-09,19.8700008392334,4.5279998779296875,MRVL,"Marvell Technology, Inc.",266.8800048828125,-7.61,15.0,17.0,6.0,12.5,15.5,5.0,71.0,False,62.27610076544794,1.78,219.26149978637696,159.1753662109375,120.82889518737792,105.48751066207886,0.742,0.0097,191.56,HOLD
2026-06-09,19.8700008392334,4.5279998779296875,AXON,"Axon Enterprise, Inc.",452.510009765625,-3.94,30.0,11.5,7.0,12.5,4.5,5.0,70.5,False,54.43094250402152,0.76,427.62850189208984,420.8273340861003,480.4239168802897,555.8888505554199,0.6377,0.0017,-7.58,HOLD
2026-06-09,19.8700008392334,4.5279998779296875,ADBE,Adobe Inc.,237.8800048828125,-2.9,27.5,17.5,5.5,12.5,2.5,5.0,70.5,False,42.82660971701631,1.29,248.94300079345703,245.99583384195964,271.7818337758382,300.4565500640869,0.2274,0.0969,-5.55,HOLD
2026-06-09,19.8700008392334,4.5279998779296875,FTNT,"Fortinet, Inc.",138.38999938964844,-3.25,25.0,8.5,7.0,12.5,12.5,5.0,70.5,False,63.486326294334695,1.22,133.57749938964844,101.27883288065593,90.95358320871989,87.55919994354248,0.613,0.0179,63.79,HOLD
2026-06-09,19.8700008392334,4.5279998779296875,SBUX,Starbucks Corporation,97.41000366210938,2.73,19.5,14.0,7.5,12.5,11.5,5.0,70.0,False,43.14749581287145,1.29,101.18057861328126,98.3664919535319,95.41525497436524,90.44242782592774,0.2986,-0.0117,0.16,HOLD
2026-06-09,19.8700008392334,4.5279998779296875,CCEP,Coca-Cola Europacific Partners ,96.87000274658203,1.7,25.5,8.5,5.5,12.5,13.0,5.0,70.0,False,61.12152059184342,0.9,92.52558403015136,93.51718966166179,94.08694426218669,91.57738761901855,1.0337,0.0408,-2.69,HOLD
2026-06-09,19.8700008392334,4.5279998779296875,MDLZ,"Mondelez International, Inc.",62.93000030517578,2.16,23.0,12.5,8.0,12.5,8.5,5.0,69.5,False,62.49131779945835,1.12,61.535000038146975,59.335394605000815,58.07814982732137,58.22093658447265,1.1091,0.0353,11.05,HOLD
2026-06-09,19.8700008392334,4.5279998779296875,APP,Applovin Corporation,520.8400268554688,-7.6,30.0,13.0,5.0,12.5,3.5,5.0,69.0,False,49.04918213627932,0.93,531.7660064697266,470.6958363850911,502.786168162028,541.3212759399414,0.4476,0.0182,14.9,HOLD
2026-06-09,19.8700008392334,4.5279998779296875,PCAR,PACCAR Inc.,119.69000244140625,1.06,17.0,14.0,7.0,12.5,13.0,5.0,68.5,False,61.075966085294546,0.99,112.7625,116.83102544148763,118.33958759307862,110.28342487335205,1.0502,0.0236,3.83,HOLD
2026-06-09,19.8700008392334,4.5279998779296875,KLAC,KLA Corporation,2139.3701171875,1.49,18.5,14.5,4.0,12.5,14.0,5.0,68.5,False,62.92478088308437,1.57,1932.1000183105468,1755.6075948079426,1585.7438517252604,1386.6620303344725,0.9126,0.0103,48.94,HOLD
2026-06-09,19.8700008392334,4.5279998779296875,PLTR,Palantir Technologies Inc.,132.07000732421875,-3.22,30.0,14.5,5.0,12.5,0.5,5.0,67.5,False,42.2259338241155,0.96,139.26974868774414,142.51708272298177,151.03095817565918,160.85539993286133,0.2807,0.0055,-13.52,HOLD
2026-06-09,19.8700008392334,4.5279998779296875,CDNS,"Cadence Design Systems, Inc.",390.8999938964844,-0.85,21.5,8.5,9.5,12.5,10.5,5.0,67.5,False,58.21071156535806,1.06,374.7929977416992,329.77650044759116,317.14100011189777,324.9243000793457,0.6645,0.0139,33.54,HOLD
2026-06-09,19.8700008392334,4.5279998779296875,INTU,Intuit Inc.,293.7799987792969,-3.84,25.0,17.5,7.0,12.5,0.5,5.0,67.5,False,35.852453038948255,0.7,339.32650299072264,385.08235422770184,451.3972178141276,534.6416192626953,0.2115,0.0651,-34.85,HOLD
2026-06-09,19.8700008392334,4.5279998779296875,MAR,Marriott International,393.6099853515625,0.56,16.5,11.5,8.0,12.5,14.0,5.0,67.5,False,69.51316607400163,0.92,372.00427703857423,354.7043792724609,340.19655456542966,313.64558013916013,0.8699,0.0173,22.54,HOLD
2026-06-09,19.8700008392334,4.5279998779296875,ALNY,"Alnylam Pharmaceuticals, Inc.",297.69000244140625,1.89,22.5,16.0,5.5,12.5,4.5,5.0,66.0,False,49.157752745343124,1.2,295.49950256347654,307.85800018310545,331.6417500813802,380.16975006103513,0.5976,0.0052,-6.65,HOLD
2026-06-09,19.8700008392334,4.5279998779296875,SNPS,"Synopsys, Inc.",465.2699890136719,-1.73,17.0,11.5,7.5,12.5,12.5,5.0,66.0,False,42.037360663768425,1.05,498.41800079345705,462.04650217692057,462.64300231933595,464.5667517089844,0.0722,0.0397,9.25,HOLD
2026-06-09,19.8700008392334,4.5279998779296875,AMGN,Amgen Inc.,344.56500244140625,-0.34,16.0,11.5,8.0,12.5,13.0,5.0,66.0,False,56.78793414758454,1.29,335.8751510620117,340.7021993001302,344.37900365193684,325.63913223266604,0.8228,0.04,-5.21,HOLD
2026-06-09,19.8700008392334,4.5279998779296875,PANW,"Palo Alto Networks, Inc.",260.5199890136719,-2.18,18.5,10.0,9.0,12.5,10.5,5.0,65.5,False,57.53693721402094,0.76,258.659497833252,200.54633305867512,186.70241661071776,192.92540000915528,0.5212,0.0169,55.58,HOLD
2026-06-09,19.8700008392334,4.5279998779296875,ADP,"Automatic Data Processing, Inc.",231.1699981689453,0.91,20.0,13.0,8.5,12.5,6.5,5.0,65.5,False,61.997362309420076,0.71,222.43149948120117,210.34649963378905,223.92434946695963,243.52052864074707,0.785,0.0514,10.55,HOLD
2026-06-09,19.8700008392334,4.5279998779296875,FAST,Fastenal Company,46.58000183105469,1.26,19.0,7.0,8.0,12.5,13.0,5.0,64.5,False,60.518473245836304,0.97,44.64949989318848,44.97740338643392,44.43220141728719,44.14601411819458,0.8864,0.0169,2.51,HOLD
2026-06-09,19.8700008392334,4.5279998779296875,ORLY,"O'Reilly Automotive, Inc.",89.48999786376953,0.53,21.5,11.5,7.5,12.5,6.5,5.0,64.5,False,47.51244247489449,1.33,89.60799903869629,91.4249994913737,92.83791637420654,96.06369979858398,0.4847,0.0179,-1.07,HOLD
2026-06-09,19.8700008392334,4.5279998779296875,CHTR,"Charter Communications, Inc.",135.3699951171875,2.4,20.5,17.5,4.5,12.5,3.5,5.0,63.5,False,34.544533226239665,0.79,141.2394989013672,184.0293332417806,199.51283340454103,216.19230018615724,0.2693,0.1258,-37.8,HOLD
2026-06-09,19.8700008392334,4.5279998779296875,IDXX,"IDEXX Laboratories, Inc.",578.8900146484375,3.16,24.5,7.0,8.5,12.5,6.0,5.0,63.5,False,58.9042598966377,0.66,553.3804962158204,565.4391632080078,614.6169138590495,635.3993975830078,0.96,0.0172,-1.28,HOLD
2026-06-09,19.8700008392334,4.5279998779296875,REGN,"Regeneron Pharmaceuticals, Inc.",616.1799926757812,0.79,20.0,14.0,8.5,12.5,3.5,5.0,63.5,False,36.80972028005624,0.83,642.6186981201172,708.1829315185547,738.1696538289387,694.3656353759766,0.3268,0.0507,-18.47,HOLD
2026-06-09,19.8700008392334,4.5279998779296875,CTAS,Cintas Corporation,179.8699951171875,3.58,20.0,10.0,7.5,12.5,8.0,5.0,63.0,False,59.6711818833451,0.86,172.23889541625977,173.67301762898762,183.43608055114746,187.00156059265137,0.917,0.021,-6.42,HOLD
2026-06-09,19.8700008392334,4.5279998779296875,PDD,PDD Holdings Inc.,81.93000030517578,-0.84,20.5,16.0,6.5,12.5,2.5,5.0,63.0,False,32.49325614136481,0.58,90.82750015258789,97.10083338419597,102.16833349863688,112.07050010681152,0.1413,0.6143,-21.1,HOLD
2026-06-09,19.8700008392334,4.5279998779296875,SHOP,Shopify Inc.,110.41999816894531,-0.32,20.5,13.0,7.5,12.5,4.5,5.0,63.0,False,48.32751197784591,0.72,107.76500015258789,115.83116709391275,128.06391665140788,138.66720001220702,0.5856,0.0088,-12.77,HOLD
2026-06-09,19.8700008392334,4.5279998779296875,MELI,"MercadoLibre, Inc.",1641.1600341796875,1.81,18.0,16.0,7.0,12.5,4.5,5.0,63.0,False,45.69910605050519,0.82,1637.1360168457031,1715.7936747233073,1854.3665049235026,2002.0096557617187,0.5202,-0.0493,-5.26,HOLD
2026-06-09,19.8700008392334,4.5279998779296875,PEP,"Pepsico, Inc.",142.77999877929688,1.49,24.0,10.0,7.5,12.5,4.0,5.0,63.0,False,41.74259344153927,1.25,144.9259925842285,150.52490361531576,151.13129730224608,147.39688026428223,0.3406,0.0448,-8.52,HOLD
2026-06-09,19.8700008392334,4.5279998779296875,KHC,The Kraft Heinz Company,23.43000030517578,0.34,12.5,14.5,7.0,12.5,11.0,5.0,62.5,False,56.3661176558243,0.8,23.071208477020264,22.37443364461263,22.789662011464436,23.407685537338256,0.6806,0.1156,5.04,HOLD
2026-06-09,19.8700008392334,4.5279998779296875,WMT,Walmart Inc.,118.87999725341797,-0.79,19.5,7.0,7.5,12.5,11.0,5.0,62.5,False,41.94624186056131,0.9,122.86849975585938,125.0719773610433,122.8000644683838,115.20515491485595,0.361,0.0073,-5.27,HOLD
2026-06-09,19.8700008392334,4.5279998779296875,AEP,American Electric Power Company,127.76000213623047,0.78,16.0,10.0,7.5,12.5,11.5,5.0,62.5,False,47.104099631217714,1.0,128.1939998626709,130.66115659077963,125.77631778717041,120.76352237701416,0.4463,-0.1,-4.07,HOLD
2026-06-09,19.8700008392334,4.5279998779296875,CEG,Constellation Energy Corporatio,251.64999389648438,0.39,30.0,5.5,7.0,12.5,2.5,5.0,62.5,False,35.51528314782023,0.81,274.2555587768555,289.3964238484701,301.6117643992106,320.26386817932126,0.1227,-0.0498,-17.52,HOLD
2026-06-09,19.8700008392334,4.5279998779296875,CTSH,Cognizant Technology Solutions ,52.939998626708984,-0.09,18.5,17.5,5.5,12.5,2.5,5.0,61.5,False,48.341485406238114,0.73,51.857573890686034,55.799784406026205,65.52143046061198,67.60298355102539,0.5848,0.0762,-12.67,HOLD
2026-06-09,19.8700008392334,4.5279998779296875,PAYX,"Paychex, Inc.",100.27999877929688,1.37,18.5,13.0,5.5,12.5,6.5,5.0,61.0,False,60.70199763778499,1.07,96.02800025939942,92.41061261494954,96.81127923329672,105.84861728668213,0.7845,,9.1,HOLD
2026-06-09,19.8700008392334,4.5279998779296875,HON,Honeywell International Inc.,215.6999969482422,1.84,12.5,11.5,9.5,12.5,9.5,5.0,60.5,False,42.8392718338958,0.91,222.78220901489257,222.3664456685384,221.74789326985677,210.83658737182617,0.2954,0.0215,-7.52,HOLD
2026-06-09,19.8700008392334,4.5279998779296875,TMUS,"T-Mobile US, Inc.",179.4600067138672,0.58,18.5,17.5,4.0,12.5,2.5,5.0,60.0,False,36.62643388550188,0.96,186.4875747680664,194.39521967569988,197.9231886545817,207.26183570861815,0.1419,0.0574,-16.01,HOLD
2026-06-09,19.8700008392334,4.5279998779296875,XEL,Xcel Energy Inc.,77.87000274658203,0.32,14.0,10.0,8.5,12.5,9.0,5.0,59.0,False,44.70241815110724,0.8,79.06200065612794,79.66433334350586,78.26285762786866,77.5864012145996,0.2785,-0.1537,-4.61,WEAK
2026-06-09,19.8700008392334,4.5279998779296875,ZS,"Zscaler, Inc.",125.83999633789062,-2.64,19.5,15.5,3.5,12.5,2.5,5.0,58.5,False,40.01581904123731,0.64,151.36299819946288,143.33466606140138,168.23104152679443,216.71645015716553,0.1814,0.0545,-18.12,WEAK
2026-06-09,19.8700008392334,4.5279998779296875,TRI,Thomson Reuters Corp,82.31999969482422,-1.03,21.5,14.0,3.5,12.5,2.0,5.0,58.5,False,43.962913976843794,0.82,84.96387901306153,87.91557896931967,98.17333838144938,118.0851697921753,0.2954,0.0467,-12.39,WEAK
2026-06-09,19.8700008392334,4.5279998779296875,PYPL,"PayPal Holdings, Inc.",41.459999084472656,0.48,15.0,16.0,5.5,12.5,4.0,5.0,58.0,False,30.924862528867152,1.16,43.756246376037595,45.90168399810791,48.32903010050456,55.49178834915161,0.0416,0.1117,-8.42,WEAK
2026-06-09,19.8700008392334,4.5279998779296875,VRSK,"Verisk Analytics, Inc.",182.5500030517578,2.0,17.5,11.5,5.5,12.5,6.0,5.0,58.0,False,58.106908398245395,1.14,172.9165023803711,179.35116755167644,193.27984313964845,210.5001826477051,0.8299,0.0395,-10.84,WEAK
2026-06-09,19.8700008392334,4.5279998779296875,INSM,Insmed Incorporated,99.04000091552734,5.17,15.0,14.0,5.5,12.5,5.5,5.0,57.5,False,35.401731402122806,1.05,106.67550086975098,131.04616622924806,145.51266682942708,154.9315998840332,0.1876,-0.0282,-31.51,WEAK
2026-06-09,19.8700008392334,4.5279998779296875,INTC,Intel Corporation,107.91999816894531,-2.13,3.5,17.0,6.5,12.5,12.5,5.0,57.0,False,51.113154395266044,1.15,114.09199905395508,83.60749975840251,64.01858329772949,52.12924997329712,0.258,-0.0153,135.84,WEAK
2026-06-09,19.8700008392334,4.5279998779296875,TSLA,"Tesla, Inc.",396.67999267578125,-3.0,16.0,7.0,5.5,12.5,9.5,5.0,55.5,False,43.87372194804035,1.21,422.48600006103516,394.2626673380534,412.1553339640299,414.94995056152345,0.0824,0.0035,0.28,WEAK
2026-06-09,19.8700008392334,4.5279998779296875,KDP,Keurig Dr Pepper Inc.,31.479999542236328,2.37,7.0,12.5,8.0,12.5,10.0,5.0,55.0,False,72.6251569090032,1.06,29.75150022506714,27.981451924641927,28.001815176010133,27.592774591445924,1.0619,-0.3816,15.27,WEAK
2026-06-09,19.8700008392334,4.5279998779296875,TTWO,"Take-Two Interactive Software, ",212.0500030517578,-0.24,12.5,11.5,8.5,12.5,4.5,5.0,54.5,False,39.63765801336747,0.6,226.11700134277345,213.6913335164388,220.51008364359538,231.30539993286132,0.1639,0.0368,2.1,WEAK
2026-06-09,19.8700008392334,4.5279998779296875,DASH,"DoorDash, Inc.",155.6699981689453,2.09,19.0,7.0,7.0,12.5,3.0,5.0,53.5,False,46.09616252680981,0.85,157.18199996948243,162.43274993896483,180.57079149882,205.34959983825684,0.398,0.0338,-7.22,WEAK
2026-06-09,19.8700008392334,4.5279998779296875,GEHC,GE HealthCare Technologies Inc.,66.01000213623047,2.07,14.0,11.5,7.5,12.5,3.0,5.0,53.5,False,57.80560096885442,0.97,63.13250026702881,67.19702542622885,74.18024883270263,74.95782707214356,1.0256,0.0494,-8.49,WEAK
2026-06-09,19.8700008392334,4.5279998779296875,CPRT,"Copart, Inc.",31.309999465942383,1.46,20.5,7.0,6.0,12.5,2.0,5.0,53.0,False,40.6335500022913,0.91,32.43449993133545,32.97966683705648,35.87791687647502,39.024500045776364,0.2599,0.0345,-7.59,WEAK
2026-06-09,19.8700008392334,4.5279998779296875,ODFL,"Old Dominion Freight Line, Inc.",248.72999572753906,0.7,6.0,7.0,9.5,12.5,12.0,5.0,52.0,False,76.941326768545,0.73,218.71907424926758,207.37624333699543,194.11536140441893,173.17298263549804,0.9037,0.0167,36.51,WEAK
2026-06-09,19.8700008392334,4.5279998779296875,WBD,"Warner Bros. Discovery, Inc. - ",26.559999465942383,0.34,8.5,5.5,7.0,12.5,13.0,5.0,51.5,False,39.616992482958814,1.25,27.00900011062622,27.1828332901001,27.71299999554952,24.64065004348755,0.0991,0.2773,-3.45,WEAK
2026-06-09,19.8700008392334,4.5279998779296875,CRWD,"CrowdStrike Holdings, Inc.",644.9299926757812,-2.1,13.0,5.5,5.0,12.5,10.5,5.0,51.5,False,53.413999770737064,0.95,659.5880004882813,506.8509994506836,472.2494166056315,480.3886004638672,0.4438,0.0117,52.16,WEAK
2026-06-09,19.8700008392334,4.5279998779296875,FANG,"Diamondback Energy, Inc.",194.24000549316406,-2.0,11.0,4.0,6.5,12.5,12.5,5.0,51.5,False,46.87862234955698,1.11,199.69480590820314,195.0897137959798,177.32944933573404,163.67128364562987,0.2423,0.0256,7.12,WEAK
2026-06-09,19.8700008392334,4.5279998779296875,EXC,Exelon Corporation,45.33000183105469,1.18,7.0,8.5,8.0,12.5,9.5,5.0,50.5,False,51.50796586821492,0.99,44.70495777130127,46.26255652109782,45.57506561279297,45.01932346343994,0.7037,-0.0605,-9.02,WEAK
2026-06-09,19.8700008392334,4.5279998779296875,CMCSA,Comcast Corporation,23.850000381469727,0.38,17.0,5.5,6.0,12.5,4.0,5.0,50.0,False,33.70111862978172,1.04,24.66249990463257,26.951382859547934,28.104827817281087,27.74759801864624,0.1723,0.0471,-20.48,WEAK
2026-06-09,19.8700008392334,4.5279998779296875,MSTR,Strategy Inc,117.0199966430664,-8.0,14.0,11.5,3.5,12.5,2.5,5.0,49.0,False,31.010618481852788,1.23,153.99749946594238,152.23033358256023,149.80508359273276,199.67380027770997,0.0675,-0.2104,-20.68,SELL
2026-06-09,19.8700008392334,4.5279998779296875,FER,Ferrovial N.V.,65.80999755859375,-0.32,10.0,4.0,7.5,12.5,9.0,5.0,48.0,False,42.39425730675697,1.13,67.21066207885742,67.12274831136068,67.45859718322754,64.53181772232055,0.2024,0.0068,2.71,SELL
2026-06-10,22.219999313354492,4.541999816894531,GOOGL,Alphabet Inc.,356.3800048828125,-2.16,30.0,18.5,9.5,10.5,18.5,5.0,92.0,False,39.69480816616539,0.99,380.53857879638673,348.4564915974935,332.68882141113284,306.0490481567383,0.0842,0.0064,14.69,STRONG_BUY
2026-06-10,22.219999313354492,4.541999816894531,NVDA,NVIDIA Corporation,200.4199981689453,-3.73,30.0,20.5,9.0,10.5,16.5,5.0,91.5,False,41.22551301278748,0.84,217.003751373291,200.33190333048503,192.63782908121746,188.7925375366211,-0.0029,0.0095,10.29,STRONG_BUY
2026-06-10,22.219999313354492,4.541999816894531,GOOG,Alphabet Inc.,353.32000732421875,-2.48,30.0,18.5,7.5,10.5,18.5,5.0,90.0,False,39.574208340633184,0.86,377.10394592285155,345.91711374918617,331.61198501586915,305.63806007385256,0.0796,0.0065,14.26,STRONG_BUY
2026-06-10,22.219999313354492,4.541999816894531,ADI,"Analog Devices, Inc.",392.6700134277344,-2.95,30.0,17.5,9.0,10.5,17.5,5.0,89.5,False,45.3280175207133,0.75,411.9407562255859,375.7373509724935,343.0215156555176,303.8162395477295,0.1591,0.0202,25.53,STRONG_BUY
2026-06-10,22.219999313354492,4.541999816894531,AVGO,Broadcom Inc.,372.1000061035156,-5.12,30.0,20.5,9.0,10.5,13.5,5.0,88.5,False,37.82106595413047,1.24,423.1755035400391,388.42994333902993,361.0711023966471,356.37712310791017,0.043,0.0154,16.05,STRONG_BUY
2026-06-10,22.219999313354492,4.541999816894531,MU,"Micron Technology, Inc.",891.8800048828125,-4.7,29.0,20.5,7.5,10.5,12.5,5.0,85.0,False,55.45674508277764,0.98,873.2354949951172,610.2673767089843,490.7720129648844,372.8504825592041,0.5373,0.0029,93.26,STRONG_BUY
2026-06-10,22.219999313354492,4.541999816894531,MPWR,"Monolithic Power Systems, Inc.",1473.0400390625,-3.85,30.0,13.0,7.5,10.5,18.5,5.0,84.5,False,44.522815783061304,1.01,1575.5380065917968,1428.3193796793619,1247.6688837687175,1121.4249392700194,0.1176,0.0068,38.37,STRONG_BUY
2026-06-10,22.219999313354492,4.541999816894531,NXPI,NXP Semiconductors N.V.,285.55999755859375,-3.98,28.5,17.5,7.5,10.5,15.5,5.0,84.5,False,44.73297345831683,1.1,308.43750152587893,255.35133107503256,240.54009424845378,230.41878036499023,0.122,0.0378,47.94,STRONG_BUY
2026-06-10,22.219999313354492,4.541999816894531,ROST,"Ross Stores, Inc.",231.9199981689453,1.08,30.0,10.0,10.0,10.5,18.5,5.0,84.0,False,57.23109510856143,0.75,224.1627326965332,221.64152552286785,207.36175104777018,187.70597831726073,0.721,0.0275,11.08,STRONG_BUY
2026-06-10,22.219999313354492,4.541999816894531,TXN,Texas Instruments Incorporated,282.010009765625,-2.29,28.0,17.0,9.0,10.5,14.5,5.0,84.0,False,45.23206774197759,0.89,302.9240036010742,255.07903467814128,226.7977503458659,205.34778991699218,0.019,0.0042,45.77,STRONG_BUY
2026-06-10,22.219999313354492,4.541999816894531,STX,Seagate Technology Holdings PLC,815.989990234375,-3.55,30.0,17.5,7.5,10.5,12.5,5.0,83.0,False,51.36673751982718,0.99,842.1879943847656,645.8156967163086,503.27874348958335,396.22738159179687,0.3938,0.0087,94.12,STRONG_BUY
2026-06-10,22.219999313354492,4.541999816894531,AAPL,Apple Inc.,291.5799865722656,0.35,26.0,16.0,8.5,10.5,16.5,5.0,82.5,False,43.82118749939416,0.97,304.3970001220703,278.21967290242515,270.943648147583,265.7985163116455,0.0442,0.0236,14.8,BUY
2026-06-10,22.219999313354492,4.541999816894531,WDC,Western Digital Corporation,490.0899963378906,-5.34,30.0,17.5,6.0,10.5,12.5,5.0,81.5,False,48.81779996143132,0.91,512.54853515625,414.1189198811849,327.80371615091957,248.9461418914795,0.3548,0.0123,56.21,BUY
2026-06-10,22.219999313354492,4.541999816894531,LRCX,Lam Research Corporation,321.79998779296875,-1.64,30.0,14.5,8.0,10.5,12.5,5.0,80.5,False,56.96168782752206,1.4,310.822998046875,270.7478319803874,242.7797679901123,201.62737567901613,0.6403,0.0108,42.09,BUY
2026-06-10,22.219999313354492,4.541999816894531,AMAT,"Applied Materials, Inc.",497.010009765625,-0.44,28.0,14.5,8.0,10.5,14.0,5.0,80.0,False,63.31029920217241,1.3,455.62150421142576,407.23754018147787,363.5965240478516,304.61974952697756,0.8373,0.0077,41.19,BUY
2026-06-10,22.219999313354492,4.541999816894531,DXCM,"DexCom, Inc.",74.7699966430664,-4.37,28.5,14.0,8.0,10.5,13.5,5.0,79.5,False,61.74820248554381,0.62,70.49849948883056,65.44633305867514,67.67474988301595,67.57410001754761,0.6896,0.0366,11.07,BUY
2026-06-10,22.219999313354492,4.541999816894531,CSCO,"Cisco Systems, Inc.",118.80000305175781,-1.3,27.0,14.5,10.0,10.5,12.5,5.0,79.5,False,56.90961914279281,0.62,119.53349990844727,96.66990737915039,87.08879470825195,80.56412101745606,0.4684,0.0198,50.68,BUY
2026-06-10,22.219999313354492,4.541999816894531,QCOM,QUALCOMM Incorporated,191.1999969482422,-6.92,23.0,19.0,8.5,10.5,13.5,5.0,79.5,False,43.45479262606975,0.79,221.24796524047852,171.73557993570964,161.96833559672038,163.54413337707518,0.1259,0.0476,45.84,BUY
2026-06-10,22.219999313354492,4.541999816894531,AMD,"Advanced Micro Devices, Inc.",452.3999938964844,-4.86,27.0,17.0,7.5,10.5,12.5,5.0,79.5,False,50.39015121079341,0.87,476.7325012207031,346.41833419799804,280.7615835825602,250.5813501739502,0.3416,0.0097,130.45,BUY
2026-06-10,22.219999313354492,4.541999816894531,AMZN,"Amazon.com, Inc.",238.0,-2.53,28.5,14.5,8.5,10.5,11.5,5.0,78.5,False,32.46017529652762,0.94,260.114501953125,245.89300028483072,234.96725018819174,232.3923501586914,-0.0247,0.0038,10.59,BUY
2026-06-10,22.219999313354492,4.541999816894531,EA,Electronic Arts Inc.,203.1999969482422,0.36,26.5,15.5,10.0,10.5,11.0,5.0,78.5,False,61.2427872384016,0.81,201.68350982666016,201.93912455240886,201.95404612223308,197.977788772583,0.8691,0.0436,1.63,BUY
2026-06-10,22.219999313354492,4.541999816894531,DDOG,"Datadog, Inc.",227.6300048828125,0.13,26.0,15.5,10.0,10.5,10.5,5.0,77.5,False,57.5143516087063,0.57,228.60299987792968,164.60583356221517,145.26737518310546,148.5459004211426,0.488,0.0116,76.64,BUY
2026-06-10,22.219999313354492,4.541999816894531,META,"Meta Platforms, Inc.",570.97998046875,-2.33,30.0,20.5,8.0,10.5,2.5,5.0,76.5,False,35.6972731933824,0.96,609.1910003662109,615.7924987792969,635.080180867513,659.2711959838867,-0.0477,0.0176,-8.3,BUY
2026-06-10,22.219999313354492,4.541999816894531,BKR,Baker Hughes Company,63.02000045776367,-0.83,25.5,10.0,9.0,10.5,16.0,5.0,76.0,False,45.800653917490344,0.73,64.74400043487549,63.59317709604899,59.20153675079346,54.33835113525391,0.1677,0.0504,10.93,BUY
2026-06-10,22.219999313354492,4.541999816894531,MSFT,Microsoft Corporation,397.3599853515625,-1.5,28.0,18.5,9.0,10.5,4.5,5.0,75.5,False,39.56781113449071,0.83,421.15850219726565,404.6522974650065,420.12683792114257,452.96746704101565,0.1129,0.0125,-0.3,BUY
2026-06-10,22.219999313354492,4.541999816894531,MCHP,Microchip Technology Incorporat,87.91000366210938,-3.89,19.5,17.5,7.0,10.5,15.5,5.0,75.0,False,43.803262870481824,0.91,93.67287330627441,83.04851652781169,77.30220203399658,70.89683223724366,0.0178,0.0239,36.79,BUY
2026-06-10,22.219999313354492,4.541999816894531,ASML,ASML Holding N.V. - New York Re,1734.18994140625,-2.45,24.0,13.0,6.5,10.5,15.5,5.0,74.5,False,60.49146683695845,1.47,1627.1849975585938,1486.0585693359376,1402.4819361368816,1230.605938720703,0.7892,0.0123,25.11,BUY
2026-06-10,22.219999313354492,4.541999816894531,LITE,Lumentum Holdings Inc.,853.260009765625,3.83,22.5,17.5,6.0,10.5,12.5,5.0,74.0,False,46.188642775059144,0.95,916.8715057373047,864.6065002441406,676.7224174499512,489.5095254135132,0.234,0.0014,31.36,BUY
2026-06-10,22.219999313354492,4.541999816894531,VRTX,Vertex Pharmaceuticals Incorpor,435.7099914550781,-2.26,28.0,11.5,9.0,10.5,9.5,5.0,73.5,False,48.137288348134454,0.73,439.1654968261719,439.20699920654295,453.3687489827474,437.8581489562988,0.3863,0.0252,-5.79,BUY
2026-06-10,22.219999313354492,4.541999816894531,ARM,Arm Holdings plc,307.42999267578125,-5.37,25.5,13.0,7.0,10.5,12.5,5.0,73.5,False,52.07566879713443,0.63,310.4769996643066,218.59941736857095,167.5393752415975,160.04157520294189,0.4886,0.0023,141.48,BUY
2026-06-10,22.219999313354492,4.541999816894531,ADSK,"Autodesk, Inc.",221.27999877929688,-1.25,30.0,17.5,7.0,10.5,2.5,5.0,72.5,False,38.84409792376244,0.69,235.49400100708007,238.14033330281575,249.52183316548664,272.69735008239746,0.0128,0.0655,-12.51,BUY
2026-06-10,22.219999313354492,4.541999816894531,ABNB,"Airbnb, Inc.",129.10000610351562,-1.71,24.0,14.0,8.0,10.5,11.0,5.0,72.5,False,39.0241491171907,0.96,133.3820007324219,134.17800013224283,132.6920416514079,128.89202499389648,-0.0972,0.0416,-2.16,BUY
2026-06-10,22.219999313354492,4.541999816894531,APP,Applovin Corporation,492.9800109863281,-5.35,30.0,15.5,5.0,10.5,5.5,5.0,71.5,False,43.743072357950744,1.01,531.8805068969726,471.35717010498047,501.250168355306,541.5777760314942,0.3131,0.0192,7.38,HOLD
2026-06-10,22.219999313354492,4.541999816894531,ROP,"Roper Technologies, Inc.",334.1000061035156,-0.38,30.0,15.5,6.0,10.5,4.5,5.0,71.5,False,49.72162764048226,0.93,327.55049896240234,344.3777521769206,364.45435028076173,410.1809901428223,0.7147,0.0644,-5.08,HOLD
2026-06-10,22.219999313354492,4.541999816894531,BKNG,Booking Holdings Inc. Common St,160.63999938964844,-2.04,30.0,16.0,6.0,10.5,3.5,5.0,71.0,False,43.61840983928908,0.92,161.74343872070312,169.532883199056,180.22832590738932,191.41857666015625,0.4499,0.0568,-9.37,HOLD
2026-06-10,22.219999313354492,4.541999816894531,GILD,"Gilead Sciences, Inc.",121.4800033569336,-3.2,30.0,11.5,7.5,10.5,6.5,5.0,71.0,False,29.271669849026964,1.23,130.47800064086914,134.3646662394206,135.60167541503907,128.19585094451904,-0.1595,0.0526,-15.87,HOLD
2026-06-10,22.219999313354492,4.541999816894531,LIN,Linde plc,509.1600036621094,-1.25,16.0,13.0,10.0,10.5,16.5,5.0,71.0,False,53.62971189274508,1.09,506.4050628662109,499.747331237793,478.6890485127767,463.25934234619143,0.6094,0.0199,3.38,HOLD
2026-06-10,22.219999313354492,4.541999816894531,WDAY,"Workday, Inc.",137.47000122070312,-1.97,28.5,17.5,4.5,10.5,4.5,5.0,70.5,False,52.32338489611589,0.6,134.32299919128417,128.47450002034506,151.0342497507731,182.681799697876,0.5669,0.0919,1.7,HOLD
2026-06-10,22.219999313354492,4.541999816894531,SBUX,Starbucks Corporation,98.76000213623047,1.39,19.5,14.0,8.0,10.5,13.5,5.0,70.5,False,47.522248626321364,1.07,100.82063102722168,98.39165878295898,95.53790289560953,90.50284877777099,0.3873,-0.0116,1.81,HOLD
2026-06-10,22.219999313354492,4.541999816894531,MDLZ,"Mondelez International, Inc.",64.18000030517578,1.99,22.5,12.5,8.0,10.5,12.0,5.0,70.5,False,67.97871718044087,0.96,61.65900001525879,59.460571988423666,58.1711612701416,58.23286197662353,1.2652,0.0346,11.73,HOLD
2026-06-10,22.219999313354492,4.541999816894531,CSX,CSX Corporation,46.40999984741211,-1.84,19.0,11.5,10.0,10.5,14.0,5.0,70.0,False,55.75940964873402,0.74,46.06780586242676,43.62112236022949,41.053024991353354,38.41701539039612,0.6188,0.0131,15.49,HOLD
2026-06-10,22.219999313354492,4.541999816894531,NFLX,"Netflix, Inc.",82.0,0.72,30.0,14.5,6.0,10.5,4.0,5.0,70.0,False,32.96585149568361,1.03,85.7194995880127,91.69149983723959,89.92516663869222,99.6241149520874,0.1834,0.0753,-13.1,HOLD
2026-06-10,22.219999313354492,4.541999816894531,SNDK,Sandisk Corporation,1643.22998046875,-0.2,21.5,13.0,7.5,10.5,12.5,5.0,70.0,False,58.47241681353615,0.91,1572.1760009765626,1149.4033315022787,819.4024998982748,554.2219252204895,0.6211,0.0093,128.17,HOLD
2026-06-10,22.219999313354492,4.541999816894531,MNST,Monster Beverage Corporation,91.20999908447266,1.18,25.5,8.5,8.0,10.5,12.5,5.0,70.0,False,68.16816955099672,1.25,88.03749961853028,79.92950007120768,79.71700019836426,75.23730014801025,1.0435,0.0189,17.55,HOLD
2026-06-10,22.219999313354492,4.541999816894531,CCEP,Coca-Cola Europacific Partners ,97.51000213623047,0.66,25.5,8.5,7.0,10.5,13.0,5.0,69.5,False,62.59520994478356,0.88,92.80418891906739,93.48324584960938,94.14005705515544,91.62498508453369,1.0087,0.0405,-2.2,HOLD
2026-06-10,22.219999313354492,4.541999816894531,COST,Costco Wholesale Corporation,983.3699951171875,1.53,28.5,7.0,9.5,10.5,8.5,5.0,69.0,False,46.07054736088842,0.67,1006.902490234375,1000.5750223795573,976.5638534545899,954.8542449951171,0.3712,0.0159,-1.14,HOLD
2026-06-10,22.219999313354492,4.541999816894531,KLAC,KLA Corporation,2135.639892578125,-0.17,18.5,14.5,6.5,10.5,14.0,5.0,69.0,False,62.6467364216792,1.5,1948.4299621582031,1767.2614827473958,1593.3723124186197,1393.0072872924804,0.8603,0.0104,44.35,HOLD
2026-06-10,22.219999313354492,4.541999816894531,FTNT,"Fortinet, Inc.",138.8800048828125,0.35,25.0,8.5,7.0,10.5,12.5,5.0,68.5,False,63.889042632735396,0.97,134.82799949645997,102.18533299763997,91.4236665725708,87.8534999847412,0.6051,0.0178,67.0,HOLD
2026-06-10,22.219999313354492,4.541999816894531,AXON,"Axon Enterprise, Inc.",447.5899963378906,-1.09,30.0,11.5,7.0,10.5,4.5,5.0,68.5,False,53.09192110104859,0.6,430.3250015258789,420.1265004475911,479.52833353678386,554.2956005859374,0.5966,0.0017,-11.64,HOLD
2026-06-10,22.219999313354492,4.541999816894531,ADBE,Adobe Inc.,233.3800048828125,-1.89,27.5,17.5,5.5,10.5,2.5,5.0,68.5,False,40.58824007331035,0.91,248.57050094604492,245.6878339131673,270.827583694458,299.8130001068115,0.1412,0.0988,-8.19,HOLD
2026-06-10,22.219999313354492,4.541999816894531,MRVL,"Marvell Technology, Inc.",252.58999633789062,-5.35,15.0,14.5,7.5,10.5,15.5,5.0,68.0,False,58.206125973114524,0.99,223.66599960327147,161.85962982177733,122.23408247629801,106.38614673614502,0.6508,0.0103,178.35,HOLD
2026-06-10,22.219999313354492,4.541999816894531,ISRG,"Intuitive Surgical, Inc.",412.0199890136719,-3.42,30.0,11.5,7.0,10.5,3.5,5.0,67.5,False,40.69488980971928,0.81,425.6654983520508,449.6278325398763,486.5236666361491,492.50715087890626,0.2268,0.0154,-14.65,HOLD
2026-06-10,22.219999313354492,4.541999816894531,INTU,Intuit Inc.,284.2200012207031,-3.25,25.0,17.5,7.0,10.5,2.5,5.0,67.5,False,34.01121557227165,0.87,334.15050354003904,382.30407867431643,448.21520818074544,532.7717137145996,0.1846,0.0673,-37.92,HOLD
2026-06-10,22.219999313354492,4.541999816894531,PEP,"Pepsico, Inc.",144.32000732421875,1.08,24.0,10.0,7.5,10.5,9.5,5.0,66.5,False,45.967354555404995,1.34,144.62854232788087,150.32893880208334,151.10490735371908,147.39877502441405,0.4753,0.0443,-6.81,HOLD
2026-06-10,22.219999313354492,4.541999816894531,PLTR,Palantir Technologies Inc.,130.2100067138672,-1.41,30.0,14.5,6.0,10.5,0.5,5.0,66.5,False,40.81732355837152,0.73,138.9802490234375,142.14191614786785,150.55145823160808,160.71274993896483,0.2399,0.0056,-16.04,HOLD
2026-06-10,22.219999313354492,4.541999816894531,MAR,Marriott International,386.2300109863281,-1.87,16.5,11.5,7.0,10.5,15.5,5.0,66.0,False,61.39855338373076,1.19,373.8387741088867,355.7881134033203,340.875318145752,314.21617736816404,0.7225,0.0176,18.25,HOLD
2026-06-10,22.219999313354492,4.541999816894531,PCAR,PACCAR Inc.,113.98999786376953,-4.76,17.0,14.0,8.0,10.5,11.5,5.0,66.0,False,48.354501242163295,0.87,112.82799987792968,116.80965957641601,118.37182051340739,110.35677345275879,0.5919,0.0248,-0.94,HOLD
2026-06-10,22.219999313354492,4.541999816894531,CDNS,"Cadence Design Systems, Inc.",385.1300048828125,-1.48,21.5,8.5,10.0,10.5,10.5,5.0,66.0,False,55.68940336483174,0.73,376.1474975585937,331.316667175293,317.6876668294271,325.1018000793457,0.5926,0.0141,31.11,HOLD
2026-06-10,22.219999313354492,4.541999816894531,AMGN,Amgen Inc.,337.7300109863281,-1.99,17.5,11.5,8.0,10.5,11.5,5.0,64.0,False,49.8009912668263,1.19,336.0734237670898,340.27269948323567,344.5096331278483,325.8904949951172,0.5616,0.0408,-5.77,HOLD
2026-06-10,22.219999313354492,4.541999816894531,FAST,Fastenal Company,46.029998779296875,-1.18,19.0,7.0,8.0,10.5,14.5,5.0,64.0,False,56.28217476987476,0.93,44.78499984741211,44.98727200826009,44.46675256093343,44.128217449188234,0.7502,0.0171,0.75,HOLD
2026-06-10,22.219999313354492,4.541999816894531,PANW,"Palo Alto Networks, Inc.",263.2200012207031,1.04,18.5,10.0,9.0,10.5,10.5,5.0,63.5,False,58.675182411375964,0.66,261.04049758911134,202.1424997965495,187.33683331807455,193.31209999084473,0.528,0.0167,55.58,HOLD
2026-06-10,22.219999313354492,4.541999816894531,SNPS,"Synopsys, Inc.",460.5400085449219,-1.02,18.5,11.5,8.5,10.5,9.5,5.0,63.5,False,40.71715608261194,0.75,495.7845001220703,462.6241689046224,462.61966908772786,463.83685165405274,0.0761,0.0401,7.28,HOLD
2026-06-10,22.219999313354492,4.541999816894531,ORLY,"O'Reilly Automotive, Inc.",90.45999908447266,1.08,21.5,11.5,8.5,10.5,6.5,5.0,63.5,False,50.90511918329256,0.79,89.53899917602538,91.4249994913737,92.81758302052816,96.00444980621337,0.6234,0.0178,1.2,HOLD
2026-06-10,22.219999313354492,4.541999816894531,ADP,"Automatic Data Processing, Inc.",231.10000610351562,-0.03,20.0,13.0,8.5,10.5,6.5,5.0,63.5,False,61.895895758334184,0.78,223.29599990844727,210.7129997253418,223.683336130778,243.16654327392578,0.7562,0.0514,10.19,HOLD
2026-06-10,22.219999313354492,4.541999816894531,ALNY,"Alnylam Pharmaceuticals, Inc.",291.2200012207031,-2.17,22.5,16.0,5.5,10.5,2.5,5.0,62.0,False,45.11532697340182,0.9,295.45900268554686,307.3965001424154,330.80883331298827,379.3539500427246,0.3122,0.0053,-9.11,HOLD
2026-06-10,22.219999313354492,4.541999816894531,TMUS,"T-Mobile US, Inc.",185.5500030517578,3.39,18.5,19.0,5.5,10.5,3.0,5.0,61.5,False,47.725579064656706,1.08,186.15223236083983,193.92670771280925,197.83619651794433,206.95313537597656,0.4681,0.0555,-12.56,HOLD
2026-06-10,22.219999313354492,4.541999816894531,CHTR,"Charter Communications, Inc.",137.7899932861328,1.79,20.5,17.5,4.5,10.5,3.5,5.0,61.5,False,37.61612852727585,0.88,140.73299865722657,182.69833323160807,198.90033340454102,215.49335021972655,0.3814,0.1236,-38.08,HOLD
2026-06-10,22.219999313354492,4.541999816894531,REGN,"Regeneron Pharmaceuticals, Inc.",601.6500244140625,-2.36,20.0,14.0,8.5,10.5,3.5,5.0,61.5,False,33.438901189138505,0.64,636.5846435546875,705.6140797932943,736.9804748535156,694.4380981445313,0.245,0.0519,-20.62,HOLD
2026-06-10,22.219999313354492,4.541999816894531,PDD,PDD Holdings Inc.,81.81999969482422,-0.13,20.5,16.0,6.5,10.5,2.5,5.0,61.0,False,32.359051563701684,0.46,90.13199996948242,96.73383344014486,101.94166685740153,111.8440501022339,0.1753,0.6152,-21.61,HOLD
2026-06-10,22.219999313354492,4.541999816894531,AEP,American Electric Power Company,128.52999877929688,0.6,16.0,10.0,7.5,10.5,11.5,5.0,60.5,False,49.01233090503192,1.03,128.02349967956542,130.5836104075114,125.90697059631347,120.84901573181152,0.5696,-0.0994,-3.11,HOLD
2026-06-10,22.219999313354492,4.541999816894531,WMT,Walmart Inc.,120.58999633789062,1.44,18.0,7.0,8.5,10.5,11.5,5.0,60.5,False,46.18767128105146,0.85,122.38049926757813,124.99026947021484,122.84694633483886,115.32684803009033,0.4357,0.0072,-3.21,HOLD
2026-06-10,22.219999313354492,4.541999816894531,CTSH,Cognizant Technology Solutions ,51.810001373291016,-2.13,18.5,17.5,5.5,10.5,3.5,5.0,60.5,False,44.250072338490114,0.74,52.078284072875974,55.652908897399904,65.26464726130168,67.50609354019166,0.4777,0.0779,-14.91,HOLD
2026-06-10,22.219999313354492,4.541999816894531,CTAS,Cintas Corporation,180.39999389648438,0.29,20.0,10.0,6.5,10.5,8.0,5.0,60.0,False,60.318923871494,1.1,173.01032333374025,173.47606150309244,183.38373247782388,186.83356941223144,0.9029,0.0209,-6.2,HOLD
2026-06-10,22.219999313354492,4.541999816894531,CEG,Constellation Energy Corporatio,242.3000030517578,-3.72,30.0,5.5,6.0,10.5,2.5,5.0,59.5,False,32.21834771016043,0.95,271.7133308410645,288.34965794881185,300.5928544362386,319.93081901550295,0.0372,-0.0518,-21.13,WEAK
2026-06-10,22.219999313354492,4.541999816894531,IDXX,"IDEXX Laboratories, Inc.",556.9400024414062,-3.79,24.5,7.0,7.5,10.5,4.5,5.0,59.0,False,48.46856887464903,0.91,554.5314971923829,564.9486633300781,613.4815806070964,634.95634765625,0.546,0.0179,-5.12,WEAK
2026-06-10,22.219999313354492,4.541999816894531,SHOP,Shopify Inc.,108.19999694824219,-2.01,20.5,13.0,7.5,10.5,2.5,5.0,59.0,False,46.12368390620127,0.7,108.18300018310546,115.52483367919922,127.6060832977295,138.4976499938965,0.5006,0.009,-15.34,WEAK
2026-06-10,22.219999313354492,4.541999816894531,PAYX,"Paychex, Inc.",101.0999984741211,0.82,18.5,13.0,6.5,10.5,5.0,5.0,58.5,False,62.22886758077215,0.87,96.45700035095214,92.56365025838217,96.7155616124471,105.67274745941162,0.8051,,10.79,WEAK
2026-06-10,22.219999313354492,4.541999816894531,ZS,"Zscaler, Inc.",124.7300033569336,-0.88,19.5,15.5,5.0,10.5,2.5,5.0,58.0,False,39.55567512464762,0.52,150.2909984588623,142.85199940999348,167.33062489827475,215.97752510070802,0.1939,0.055,-20.04,WEAK
2026-06-10,22.219999313354492,4.541999816894531,PYPL,"PayPal Holdings, Inc.",40.70000076293945,-1.83,15.0,16.0,5.5,10.5,6.0,5.0,58.0,False,28.0758226567725,0.93,43.52671127319336,45.825504557291666,48.16033023198445,55.3487890625,-0.0153,0.1137,-11.48,WEAK
2026-06-10,22.219999313354492,4.541999816894531,KHC,The Kraft Heinz Company,24.049999237060547,2.65,12.5,14.5,6.0,10.5,8.0,5.0,56.5,False,62.01479304877317,0.81,23.126009464263916,22.403504848480225,22.791407982508343,23.39645630836487,0.9265,0.1126,6.97,WEAK
2026-06-10,22.219999313354492,4.541999816894531,HON,Honeywell International Inc.,205.8800048828125,-4.55,12.5,11.5,7.5,10.5,9.5,5.0,56.5,False,34.92731500629044,0.92,222.20893402099608,221.9106419881185,221.82854118347169,210.83297981262206,0.0649,0.0225,-10.55,WEAK
2026-06-10,22.219999313354492,4.541999816894531,TRI,Thomson Reuters Corp,81.95999908447266,-0.44,21.5,14.0,3.5,10.5,2.0,5.0,56.5,False,43.49643763113316,0.77,84.73109893798828,87.71561317443847,97.78646888732911,117.63272640228271,0.2883,0.0469,-12.21,WEAK
2026-06-10,22.219999313354492,4.541999816894531,VRSK,"Verisk Analytics, Inc.",183.1300048828125,0.32,17.5,11.5,5.5,10.5,6.0,5.0,56.0,False,58.731425205838995,0.96,173.7570022583008,178.99100087483723,192.99683888753256,210.0690705871582,0.8138,0.0394,-10.14,WEAK
2026-06-10,22.219999313354492,4.541999816894531,INTC,Intel Corporation,107.04000091552734,-0.82,3.5,17.0,6.5,10.5,12.5,5.0,55.0,False,50.37356085175863,0.97,113.41349906921387,84.62883313496907,64.59966662724813,52.540449981689456,0.2498,-0.0154,142.94,WEAK
2026-06-10,22.219999313354492,4.541999816894531,XEL,Xcel Energy Inc.,78.0999984741211,0.3,14.0,10.0,7.5,10.5,8.0,5.0,55.0,False,45.76653049106275,1.18,78.97200050354004,79.60550003051758,78.30845387776692,77.61399082183839,0.3381,-0.1532,-4.07,WEAK
2026-06-10,22.219999313354492,4.541999816894531,MELI,"MercadoLibre, Inc.",1588.2900390625,-3.22,18.0,14.0,7.0,10.5,0.5,5.0,55.0,False,40.266369243866656,0.7,1637.6115173339845,1713.3930094401042,1851.4879221598308,1997.7980053710937,0.2497,-0.051,-8.09,WEAK
2026-06-10,22.219999313354492,4.541999816894531,KDP,Keurig Dr Pepper Inc.,31.700000762939453,0.7,6.5,12.5,7.5,10.5,12.0,5.0,54.0,False,73.97284510440252,1.39,29.878000259399414,28.054638703664143,28.031757005055745,27.580085859298705,1.0237,-0.379,16.0,WEAK
2026-06-10,22.219999313354492,4.541999816894531,INSM,Insmed Incorporated,91.87999725341797,-7.23,15.0,14.0,5.5,10.5,4.0,5.0,54.0,False,30.30483312503057,1.44,105.46950073242188,130.16749941507976,144.60608348846435,154.73159984588622,-0.0196,-0.0304,-36.16,WEAK
2026-06-10,22.219999313354492,4.541999816894531,GEHC,GE HealthCare Technologies Inc.,63.7599983215332,-3.41,14.0,11.5,8.5,10.5,4.5,5.0,54.0,False,48.19378965944977,0.76,63.2060001373291,67.0574436823527,74.02677075068156,74.90102937698364,0.6018,0.0512,-11.82,WEAK
2026-06-10,22.219999313354492,4.541999816894531,CPRT,"Copart, Inc.",31.360000610351562,0.16,20.5,7.0,6.0,10.5,4.0,5.0,53.0,False,41.13706840827632,1.02,32.33050003051758,32.93766682942708,35.813000202178955,38.93650005340576,0.2925,0.0344,-7.9,WEAK
2026-06-10,22.219999313354492,4.541999816894531,TTWO,"Take-Two Interactive Software, ",210.4600067138672,-0.75,12.5,11.5,8.5,10.5,4.5,5.0,52.5,False,38.18741643115161,0.69,225.3405014038086,213.73750025431315,220.22616704305014,231.2125499725342,0.1629,0.0371,1.81,WEAK
2026-06-10,22.219999313354492,4.541999816894531,FANG,"Diamondback Energy, Inc.",196.5500030517578,1.19,11.0,4.0,6.5,10.5,15.5,5.0,52.5,False,48.90301834088892,1.12,199.66899948120118,195.3433359781901,177.73933486938478,163.9506315612793,0.353,0.0253,5.56,WEAK
2026-06-10,22.219999313354492,4.541999816894531,DASH,"DoorDash, Inc.",151.0,-3.0,19.0,7.0,7.0,10.5,4.0,5.0,52.5,False,42.4077731112173,0.66,156.9724998474121,162.15308329264323,179.92962481180828,204.86799980163573,0.1208,0.0349,-11.08,WEAK
2026-06-10,22.219999313354492,4.541999816894531,CRWD,"CrowdStrike Holdings, Inc.",647.739990234375,0.44,13.0,5.5,7.5,10.5,10.5,5.0,52.0,False,53.88193790181238,0.65,664.6660003662109,510.582666015625,473.5761665344238,481.52455047607424,0.4291,0.0117,49.52,WEAK
2026-06-10,22.219999313354492,4.541999816894531,WBD,"Warner Bros. Discovery, Inc. - ",26.229999542236328,-1.24,8.5,5.5,8.0,10.5,13.0,5.0,50.5,False,34.22037241662041,0.63,26.960500049591065,27.16149994532267,27.690749994913737,24.711550040245058,-0.0611,0.2808,-5.1,WEAK
2026-06-10,22.219999313354492,4.541999816894531,ODFL,"Old Dominion Freight Line, Inc.",235.9499969482422,-5.14,6.0,7.0,6.0,10.5,15.5,5.0,50.0,False,61.53144983041739,1.63,220.97267150878906,208.2719258626302,194.77725524902343,173.5622478866577,0.711,0.0176,28.1,WEAK
2026-06-10,22.219999313354492,4.541999816894531,EXC,Exelon Corporation,45.61000061035156,0.62,7.0,8.5,9.0,10.5,9.5,5.0,49.5,False,53.474065615929305,0.72,44.75741119384766,46.19236551920573,45.596946970621744,45.028469791412356,0.7691,-0.0602,-8.0,PARTIAL_SELL
2026-06-10,22.219999313354492,4.541999816894531,CMCSA,Comcast Corporation,23.969999313354492,0.5,17.0,5.5,7.0,10.5,3.5,5.0,48.5,False,35.60145574648996,0.67,24.61599988937378,26.851028442382812,28.077713203430175,27.712734441757203,0.246,0.0469,-19.39,SELL
2026-06-10,22.219999313354492,4.541999816894531,TSLA,"Tesla, Inc.",381.5899963378906,-3.8,16.0,7.0,5.5,10.5,4.5,5.0,48.5,False,39.36759198334249,1.03,419.89299926757815,394.029833984375,411.2529172261556,415.1578504943848,-0.041,0.0037,-4.43,SELL
2026-06-10,22.219999313354492,4.541999816894531,MSTR,Strategy Inc,115.3499984741211,-1.43,14.0,11.5,4.5,10.5,2.5,5.0,48.0,False,30.427276707964296,0.85,150.54399948120118,151.69416681925455,149.37050024668375,198.45990024566652,0.096,-0.2135,-23.24,SELL
2026-06-10,22.219999313354492,4.541999816894531,FER,Ferrovial N.V.,64.30000305175781,-2.29,10.0,4.0,7.5,10.5,11.0,5.0,48.0,False,36.93503180154213,1.13,67.01359214782715,67.1265443166097,67.43763573964436,64.57896936416626,-0.0153,0.007,-0.41,SELL
2026-06-11,19.440000534057617,4.463000297546387,GOOGL,Alphabet Inc.,357.7699890136719,0.39,30.0,18.5,9.5,12.5,18.5,5.0,94.0,False,40.84370991387901,1.09,378.30809478759767,349.2404179890951,333.2007858276367,306.7984142303467,0.144,0.0064,16.35,STRONG_BUY
2026-06-11,19.440000534057617,4.463000297546387,NVDA,NVIDIA Corporation,204.8699951171875,2.22,30.0,20.5,9.5,12.5,15.5,5.0,93.0,False,45.09750839955549,0.86,215.96889572143556,200.71776657104493,192.922314453125,188.91903358459473,0.1701,0.0093,13.7,STRONG_BUY
2026-06-11,19.440000534057617,4.463000297546387,GOOG,Alphabet Inc.,356.55999755859375,0.92,30.0,18.5,6.5,12.5,18.5,5.0,91.0,False,42.221533060414345,1.22,374.9919464111328,346.7060485839844,332.1027236938477,306.37803688049314,0.1681,0.0064,16.48,STRONG_BUY
2026-06-11,19.440000534057617,4.463000297546387,AVGO,Broadcom Inc.,385.57000732421875,3.62,30.0,20.5,8.0,12.5,13.5,5.0,89.5,False,42.223949308440865,1.09,421.61450347900393,389.5121536254883,361.5782168070475,356.84221252441404,0.191,0.0148,22.3,STRONG_BUY
2026-06-11,19.440000534057617,4.463000297546387,ADI,"Analog Devices, Inc.",412.1300048828125,4.96,29.5,19.0,9.0,12.5,12.5,5.0,87.5,False,52.622036415661924,0.87,410.98681182861327,377.3927978515625,344.2104667663574,304.621294708252,0.5214,0.0193,33.92,STRONG_BUY
2026-06-11,19.440000534057617,4.463000297546387,MU,"Micron Technology, Inc.",995.8699951171875,11.66,29.0,20.5,8.0,12.5,12.5,5.0,87.5,False,62.1061854245511,1.02,882.8474945068359,619.1736078898113,497.19314397176106,377.2485758972168,0.7229,0.0026,115.77,STRONG_BUY
2026-06-11,19.440000534057617,4.463000297546387,STX,Seagate Technology Holdings PLC,868.0900268554688,6.38,29.5,17.5,9.0,12.5,12.5,5.0,86.0,False,57.96912564101079,0.83,844.7249969482422,653.2779184977213,508.209149424235,399.7539665985107,0.5948,0.0082,113.78,STRONG_BUY
2026-06-11,19.440000534057617,4.463000297546387,LRCX,Lam Research Corporation,362.5199890136719,12.65,29.0,14.5,9.0,12.5,14.0,5.0,84.0,False,67.65322381550152,1.47,314.17699737548827,273.0153317769369,244.51081339518228,202.93600814819337,1.0412,0.0096,61.33,STRONG_BUY
2026-06-11,19.440000534057617,4.463000297546387,WDC,Western Digital Corporation,529.2899780273438,8.0,30.0,17.5,6.5,12.5,12.5,5.0,84.0,False,56.237920506791475,0.96,514.314973449707,417.71161600748695,330.82999013264975,251.19756286621094,0.597,0.0114,73.64,STRONG_BUY
2026-06-11,19.440000534057617,4.463000297546387,NXPI,NXP Semiconductors N.V.,302.54998779296875,5.95,28.0,17.5,8.0,12.5,12.5,5.0,83.5,False,52.25497434455559,1.21,308.6445007324219,257.17685928344724,241.2106985727946,230.7649016571045,0.3985,0.0357,57.83,STRONG_BUY
2026-06-11,19.440000534057617,4.463000297546387,TXN,Texas Instruments Incorporated,297.1000061035156,5.35,28.0,17.0,8.0,12.5,12.5,5.0,83.0,False,53.04835346135477,1.16,302.46200408935545,256.80625178019204,227.83623326619465,205.82429695129395,0.3772,0.004,56.52,STRONG_BUY
2026-06-11,19.440000534057617,4.463000297546387,DXCM,"DexCom, Inc.",75.25,0.64,28.5,14.0,8.0,12.5,13.5,5.0,81.5,False,62.61692091360991,0.83,71.33249950408936,65.57849973042806,67.75391654968261,67.57055002212525,0.697,0.0364,11.22,BUY
2026-06-11,19.440000534057617,4.463000297546387,AAPL,Apple Inc.,295.6300048828125,1.39,26.0,16.0,9.5,12.5,12.5,5.0,81.5,False,48.16571425392168,0.84,304.23500061035156,278.9135732014974,271.14609921773274,266.14407096862794,0.2012,0.0233,18.39,BUY
2026-06-11,19.440000534057617,4.463000297546387,ROST,"Ross Stores, Inc.",239.11000061035156,3.1,30.0,10.0,10.0,12.5,14.0,5.0,81.5,False,63.209154172198375,0.89,225.55095138549805,222.14701436360676,207.83770395914715,188.17090797424316,0.8836,0.0267,15.62,BUY
2026-06-11,19.440000534057617,4.463000297546387,CSCO,"Cisco Systems, Inc.",121.83000183105469,2.55,26.5,14.5,10.0,12.5,12.5,5.0,81.0,False,60.22296034786662,0.84,120.5314998626709,97.38636118570963,87.47747751871745,80.8431506729126,0.58,0.0193,57.85,BUY
2026-06-11,19.440000534057617,4.463000297546387,AMZN,"Amazon.com, Inc.",241.50999450683594,1.47,26.5,14.5,8.5,12.5,13.5,5.0,80.5,False,36.77421950207183,0.99,258.68350143432616,246.3315002441406,235.1359167734782,232.46020011901857,0.111,0.0038,15.08,BUY
2026-06-11,19.440000534057617,4.463000297546387,AMD,"Advanced Micro Devices, Inc.",488.45001220703125,7.97,26.5,17.0,7.0,12.5,12.5,5.0,80.5,False,56.88050149167538,0.92,478.8800018310547,351.2873344421387,283.1810836791992,252.20680023193358,0.5633,0.009,144.89,BUY
2026-06-11,19.440000534057617,4.463000297546387,EA,Electronic Arts Inc.,203.0500030517578,-0.07,26.5,15.5,10.0,12.5,11.0,5.0,80.5,False,59.619833923705045,0.83,201.83646545410156,201.99094212849934,201.95241839090983,198.1326268005371,0.8068,0.0436,1.31,BUY
2026-06-11,19.440000534057617,4.463000297546387,MPWR,"Monolithic Power Systems, Inc.",1589.550048828125,7.91,29.0,13.0,7.5,12.5,12.5,5.0,79.5,False,52.28002488326691,1.21,1572.4980102539062,1437.0696848551431,1253.3410293579102,1125.2061502075196,0.5658,0.0063,48.12,BUY
2026-06-11,19.440000534057617,4.463000297546387,AMAT,"Applied Materials, Inc.",552.6400146484375,11.19,26.0,14.5,9.0,12.5,12.0,5.0,79.0,False,72.24641395644791,1.38,461.45011138916016,410.58116760253904,366.13808352152506,306.57659378051756,1.1136,0.0069,58.33,BUY
2026-06-11,19.440000534057617,4.463000297546387,QCOM,QUALCOMM Incorporated,202.9600067138672,6.15,23.0,19.0,8.5,12.5,10.5,5.0,78.5,False,47.757648772165034,0.82,220.7766876220703,172.9331507364909,162.2379155476888,163.79297775268554,0.2817,0.0448,56.14,BUY
2026-06-11,19.440000534057617,4.463000297546387,META,"Meta Platforms, Inc.",568.4299926757812,-0.45,30.0,20.5,8.0,12.5,2.5,5.0,78.5,False,35.04761142707842,0.94,606.7809997558594,614.8886657714844,634.4092274983724,658.3556710815429,0.0099,0.0177,-7.67,BUY
2026-06-11,19.440000534057617,4.463000297546387,DDOG,"Datadog, Inc.",234.24000549316406,2.9,26.0,15.5,8.5,12.5,10.5,5.0,78.0,False,60.323280389359375,0.79,230.04950027465821,166.36200040181478,146.08012517293295,149.07520042419435,0.5535,0.0112,78.45,BUY
2026-06-11,19.440000534057617,4.463000297546387,LITE,Lumentum Holdings Inc.,889.5900268554688,4.26,20.5,17.5,7.0,12.5,15.5,5.0,78.0,False,49.166672034307396,0.76,909.8325073242188,868.6070007324219,681.4669176737467,493.3403755569458,0.4057,0.0013,26.94,BUY
2026-06-11,19.440000534057617,4.463000297546387,VRTX,Vertex Pharmaceuticals Incorpor,445.0400085449219,2.14,28.0,11.5,8.0,12.5,12.5,5.0,77.5,False,53.916080889012896,0.93,438.7644973754883,438.9161661783854,453.3314158121745,438.1386489868164,0.7236,0.0246,-1.45,BUY
2026-06-11,19.440000534057617,4.463000297546387,MSFT,Microsoft Corporation,390.3399963378906,-1.77,28.0,18.5,8.0,12.5,4.5,5.0,76.5,False,36.93946955784458,1.23,420.4587890625,404.51551767985023,419.4295954386393,452.4137336730957,0.0424,0.0128,-0.15,BUY
2026-06-11,19.440000534057617,4.463000297546387,BKR,Baker Hughes Company,63.47999954223633,0.73,25.5,10.0,9.0,12.5,14.0,5.0,76.0,False,47.21655184731575,0.86,64.64750022888184,63.70434328715007,59.355791600545246,54.4362166595459,0.2783,0.05,10.81,BUY
2026-06-11,19.440000534057617,4.463000297546387,SBUX,Starbucks Corporation,102.27999877929688,3.56,19.0,14.0,8.0,12.5,17.0,5.0,75.5,False,56.846496739316926,1.27,100.66800003051758,98.47963460286458,95.68881416320801,90.5934719467163,0.5904,-0.0112,11.03,BUY
2026-06-11,19.440000534057617,4.463000297546387,BKNG,Booking Holdings Inc. Common St,163.58999633789062,1.84,30.0,16.0,7.5,12.5,4.5,5.0,75.5,False,48.11711163340313,1.08,162.19087677001954,169.30525614420574,179.81975479125975,191.10537185668946,0.5666,0.0558,-6.42,BUY
2026-06-11,19.440000534057617,4.463000297546387,ARM,Arm Holdings plc,342.2300109863281,11.32,25.5,13.0,7.0,12.5,12.5,5.0,75.5,False,58.24649120421973,0.69,316.5279998779297,222.18141759236653,169.43645865122477,161.06382526397704,0.6006,0.0021,166.62,BUY
2026-06-11,19.440000534057617,4.463000297546387,ABNB,"Airbnb, Inc.",130.8699951171875,1.37,24.0,14.0,8.0,12.5,11.0,5.0,74.5,False,43.35663604815921,0.95,133.2770004272461,134.16000010172527,132.6677916208903,128.905625,0.1795,0.0411,-0.2,BUY
2026-06-11,19.440000534057617,4.463000297546387,MCHP,Microchip Technology Incorporat,92.94000244140625,5.72,19.5,17.5,7.5,12.5,12.5,5.0,74.5,False,51.59806156111798,1.31,93.50852165222167,83.52639268239339,77.54922065734863,71.02552118301392,0.4515,0.0226,44.35,BUY
2026-06-11,19.440000534057617,4.463000297546387,GILD,"Gilead Sciences, Inc.",125.87000274658203,3.61,30.0,11.5,7.5,12.5,7.5,5.0,74.0,False,40.877591025568584,1.07,130.11900062561034,134.05583305358886,135.6449697494507,128.26528606414794,0.1967,0.0508,-10.91,BUY
2026-06-11,19.440000534057617,4.463000297546387,ROP,"Roper Technologies, Inc.",332.7099914550781,-0.42,30.0,15.5,6.0,12.5,4.5,5.0,73.5,False,48.47988437221469,1.26,328.3734985351563,344.0563735961914,363.4755348205566,409.2096154785156,0.6502,0.0646,-4.91,BUY
2026-06-11,19.440000534057617,4.463000297546387,LIN,Linde plc,515.4400024414062,1.23,16.0,13.0,10.0,12.5,17.0,5.0,73.5,False,57.591580555825615,0.8,506.59495849609374,500.1297876993815,479.4877212524414,463.47902709960937,0.8393,0.0197,5.83,BUY
2026-06-11,19.440000534057617,4.463000297546387,APP,Applovin Corporation,478.57000732421875,-2.92,30.0,15.5,5.0,12.5,5.5,5.0,73.5,False,41.257022670087,1.23,533.1325073242188,471.6818369547526,499.762168375651,541.7172261047364,0.2289,0.0198,8.13,BUY
2026-06-11,19.440000534057617,4.463000297546387,MDLZ,"Mondelez International, Inc.",63.36000061035156,-1.28,23.0,12.5,8.0,12.5,12.0,5.0,73.0,False,61.611030956768474,1.05,61.751000022888185,59.559194310506186,58.25856742858887,58.247752838134765,0.944,0.035,13.17,BUY
2026-06-11,19.440000534057617,4.463000297546387,MNST,Monster Beverage Corporation,92.02999877929688,0.9,25.5,8.5,9.0,12.5,12.5,5.0,73.0,False,69.95054202611675,0.86,88.34249954223633,80.17016677856445,79.86441688537597,75.38595014572144,1.0677,0.0187,24.21,BUY
2026-06-11,19.440000534057617,4.463000297546387,MRVL,"Marvell Technology, Inc.",280.7099914550781,11.13,15.0,17.0,8.0,12.5,15.5,5.0,73.0,False,63.29028112996964,1.03,228.8039993286133,165.02572008768718,123.89332904815674,107.42563236236572,0.7686,0.0092,220.53,BUY
2026-06-11,19.440000534057617,4.463000297546387,WDAY,"Workday, Inc.",130.52999877929688,-5.05,30.0,17.5,3.5,12.5,4.5,5.0,73.0,False,46.40955262873887,1.03,135.024499130249,128.39716669718425,150.32199974060057,182.21749969482423,0.3982,0.0967,-1.33,BUY
2026-06-11,19.440000534057617,4.463000297546387,KLAC,KLA Corporation,2411.639892578125,1029.24,18.5,14.5,10.0,12.5,12.5,5.0,73.0,False,60.223107568339785,0.56,1689.4061943054198,1687.0517351786295,1555.8545612335206,1371.9625511932372,0.7761,0.0092,62.9,BUY
2026-06-11,19.440000534057617,4.463000297546387,ASML,ASML Holding N.V. - New York Re,1899.47998046875,9.53,22.0,13.0,6.0,12.5,14.0,5.0,72.5,False,69.29598083926352,1.62,1643.0799987792968,1494.6143615722656,1409.878587849935,1236.350881652832,1.0831,0.0113,40.47,BUY
2026-06-11,19.440000534057617,4.463000297546387,NFLX,"Netflix, Inc.",81.2699966430664,-0.89,30.0,14.5,6.0,12.5,4.0,5.0,72.0,False,31.190884760393274,1.0,85.40499954223633,91.4733331044515,89.81249993642172,99.42142993927001,0.1626,0.076,-14.18,BUY
2026-06-11,19.440000534057617,4.463000297546387,ADSK,"Autodesk, Inc.",205.57000732421875,-7.1,30.0,17.5,4.5,12.5,2.5,5.0,72.0,False,30.979004363022256,1.64,234.22100143432618,237.35116678873698,248.79349988301595,272.2985001373291,-0.2252,0.0705,-17.27,BUY
2026-06-11,19.440000534057617,4.463000297546387,COST,Costco Wholesale Corporation,975.6900024414062,-0.78,28.5,7.0,9.5,12.5,9.5,5.0,72.0,False,43.83006909937822,0.7,1004.032992553711,1000.2579121907552,977.526062520345,955.0446633911133,0.3452,0.0161,-0.29,BUY
2026-06-11,19.440000534057617,4.463000297546387,CSX,CSX Corporation,47.3650016784668,2.06,19.0,11.5,9.0,12.5,14.0,5.0,71.0,False,61.596020964958136,0.9,46.22284049987793,43.74075889587402,41.145491727193196,38.492075242996215,0.9454,0.0128,19.85,HOLD
2026-06-11,19.440000534057617,4.463000297546387,CCEP,Coca-Cola Europacific Partners ,97.69000244140625,0.18,25.5,8.5,6.0,12.5,13.0,5.0,70.5,False,63.01977475180622,1.03,93.16600112915039,93.44966367085775,94.19417514801026,91.67684280395508,0.9551,0.0404,2.76,HOLD
2026-06-11,19.440000534057617,4.463000297546387,FTNT,"Fortinet, Inc.",145.05999755859375,4.45,25.0,8.5,7.0,12.5,12.5,5.0,70.5,False,68.59374045125429,1.08,136.19649925231934,103.21699956258138,91.97099990844727,88.19059997558594,0.7464,0.0171,73.95,HOLD
2026-06-11,19.440000534057617,4.463000297546387,AXON,"Axon Enterprise, Inc.",446.20001220703125,-0.31,30.0,11.5,7.0,12.5,4.5,5.0,70.5,False,52.69750065262778,0.76,433.7940017700195,419.1203338623047,478.66333363850913,552.7090005493164,0.5722,0.0017,-12.24,HOLD
2026-06-11,19.440000534057617,4.463000297546387,ISRG,"Intuitive Surgical, Inc.",412.8999938964844,0.21,30.0,11.5,7.0,12.5,3.5,5.0,69.5,False,41.215717912213734,0.81,424.6969985961914,448.4634989420573,485.3240000406901,492.2294508361816,0.2677,0.0154,-13.57,HOLD
2026-06-11,19.440000534057617,4.463000297546387,PEP,"Pepsico, Inc.",143.72999572753906,-0.41,24.0,10.0,7.5,12.5,10.5,5.0,69.5,False,44.63193097050833,0.99,144.42924880981445,150.1432622273763,151.0759713490804,147.40464576721192,0.4425,0.0445,-5.4,HOLD
2026-06-11,19.440000534057617,4.463000297546387,INTU,Intuit Inc.,276.9100036621094,-2.57,25.0,17.5,7.0,12.5,2.5,5.0,69.5,False,32.631248101728886,0.85,329.41050415039064,379.2881612141927,445.04334767659503,530.8935665893555,0.176,0.0691,-37.83,HOLD
2026-06-11,19.440000534057617,4.463000297546387,SNDK,Sandisk Corporation,1881.510009765625,14.5,19.0,13.0,8.5,12.5,11.0,5.0,69.0,False,67.69283851261963,1.18,1593.8900024414063,1168.7589986165365,833.3581666310628,563.3955752754212,0.9528,0.0081,149.64,HOLD
2026-06-11,19.440000534057617,4.463000297546387,PCAR,PACCAR Inc.,117.58000183105469,3.15,17.0,14.0,7.0,12.5,13.0,5.0,68.5,False,54.747617624834014,1.06,113.11800003051758,116.85145009358725,118.4383066813151,110.45291637420654,0.836,0.024,2.84,HOLD
2026-06-11,19.440000534057617,4.463000297546387,PLTR,Palantir Technologies Inc.,131.0800018310547,0.67,30.0,14.5,6.0,12.5,0.5,5.0,68.5,False,41.795365719772256,0.69,139.03174896240233,141.74191614786784,150.16637496948243,160.58229995727538,0.2626,0.0056,-14.2,HOLD
2026-06-11,19.440000534057617,4.463000297546387,CDNS,"Cadence Design Systems, Inc.",383.739990234375,-0.36,21.5,8.5,10.0,12.5,10.5,5.0,68.0,False,55.07057242813001,0.86,377.60699768066405,332.8165003458659,318.27700017293296,325.29455001831053,0.5646,0.0142,32.49,HOLD
2026-06-11,19.440000534057617,4.463000297546387,MAR,Marriott International,396.8900146484375,2.76,16.5,11.5,8.0,12.5,14.0,5.0,67.5,False,67.33088259045616,1.04,376.208268737793,356.9590260823568,341.6088823954264,314.8660118103027,0.8804,0.0172,23.3,HOLD
2026-06-11,19.440000534057617,4.463000297546387,FAST,Fastenal Company,46.38999938964844,0.78,19.0,7.0,9.0,12.5,14.5,5.0,67.0,False,58.33788804522158,0.87,44.915999794006346,44.998996098836265,44.508178075154625,44.11281112670898,0.7903,0.017,3.45,HOLD
2026-06-11,19.440000534057617,4.463000297546387,SNPS,"Synopsys, Inc.",456.2900085449219,-0.92,18.5,11.5,8.5,12.5,9.5,5.0,65.5,False,39.51628528892937,0.81,493.13500061035154,463.0741689046224,462.6465024312337,463.1333016967773,0.0869,0.0405,6.44,HOLD
2026-06-11,19.440000534057617,4.463000297546387,TMUS,"T-Mobile US, Inc.",185.82000732421875,0.15,18.5,19.0,5.5,12.5,4.5,5.0,65.0,False,48.159082574227504,1.41,185.98057556152344,193.4870635986328,197.74007085164388,206.64681533813476,0.4914,0.0554,-9.58,HOLD
2026-06-11,19.440000534057617,4.463000297546387,CTAS,Cintas Corporation,181.8800048828125,0.82,20.0,10.0,6.5,12.5,11.0,5.0,65.0,False,62.14726867369591,1.09,173.94899826049806,173.30211029052734,183.34578908284504,186.6914895629883,0.954,0.0207,-1.65,HOLD
2026-06-11,19.440000534057617,4.463000297546387,ALNY,"Alnylam Pharmaceuticals, Inc.",289.3900146484375,-0.63,22.5,16.0,5.5,12.5,3.5,5.0,65.0,False,44.01287869614107,1.02,295.35450286865233,306.87933349609375,329.9529167175293,378.5827000427246,0.2401,0.0053,-8.07,HOLD
2026-06-11,19.440000534057617,4.463000297546387,ORLY,"O'Reilly Automotive, Inc.",90.0999984741211,-0.4,21.5,11.5,7.5,12.5,6.5,5.0,64.5,False,49.623125008517604,0.94,89.55899925231934,91.43683280944825,92.79466635386149,95.94259979248046,0.5723,0.0178,2.71,HOLD
2026-06-11,19.440000534057617,4.463000297546387,AMGN,Amgen Inc.,354.05999755859375,4.84,16.0,11.5,6.5,12.5,13.0,5.0,64.5,False,61.87076337772791,1.75,337.0800048828125,340.1999766031901,344.7822995503744,326.2491754150391,1.0439,0.0389,1.49,HOLD
2026-06-11,19.440000534057617,4.463000297546387,ADBE,Adobe Inc.,218.8000030517578,-6.25,27.5,17.5,2.0,12.5,0.0,5.0,64.5,True,34.32793277204149,2.56,247.70700073242188,245.09783401489258,269.6954170227051,299.09095016479495,-0.0907,0.1054,-11.06,STRONG_SELL
2026-06-11,19.440000534057617,4.463000297546387,REGN,"Regeneron Pharmaceuticals, Inc.",611.47998046875,1.63,20.0,14.0,8.5,12.5,3.5,5.0,63.5,False,37.601986814101096,0.71,631.2183227539062,703.1734466552734,735.8447046915691,694.6448742675781,0.3276,0.0511,-17.7,HOLD
2026-06-11,19.440000534057617,4.463000297546387,CHTR,"Charter Communications, Inc.",139.13999938964844,0.98,20.5,17.5,4.5,12.5,3.5,5.0,63.5,False,39.3266220553461,0.66,140.5369987487793,181.3086664835612,198.31266670227052,214.82185020446778,0.4435,0.1224,-33.43,HOLD
2026-06-11,19.440000534057617,4.463000297546387,SHOP,Shopify Inc.,110.47000122070312,2.1,20.5,13.0,7.5,12.5,4.5,5.0,63.0,False,48.69977089354706,0.82,108.93650016784667,115.2360003153483,127.1789166768392,138.3473500061035,0.5555,0.0088,-10.73,HOLD
2026-06-11,19.440000534057617,4.463000297546387,PANW,"Palo Alto Networks, Inc.",279.5299987792969,6.2,17.0,10.0,8.0,12.5,10.5,5.0,63.0,False,64.81138160341729,0.97,263.6274978637695,203.98149973551432,188.13758328755696,193.78699996948242,0.7185,0.0157,65.49,HOLD
2026-06-11,19.440000534057617,4.463000297546387,AEP,American Electric Power Company,128.47999572753906,-0.04,16.0,10.0,7.5,12.5,11.5,5.0,62.5,False,48.8889881455993,0.9,128.04999961853028,130.5140005747477,126.03605766296387,120.9391947555542,0.559,-0.0995,-1.19,HOLD
2026-06-11,19.440000534057617,4.463000297546387,WMT,Walmart Inc.,120.5,-0.07,18.0,7.0,8.5,12.5,11.5,5.0,62.5,False,45.997201260440136,0.76,121.83199920654297,124.92216835021972,122.89108543395996,115.45186771392822,0.4498,0.0072,-0.82,HOLD
2026-06-11,19.440000534057617,4.463000297546387,CTSH,Cognizant Technology Solutions ,51.18000030517578,-1.22,18.5,17.5,5.5,12.5,3.5,5.0,62.5,False,42.11019303066278,0.83,52.35487804412842,55.491064898173015,65.00261405309041,67.40708642959595,0.3879,0.0789,-14.51,HOLD
2026-06-11,19.440000534057617,4.463000297546387,PDD,PDD Holdings Inc.,81.30000305175781,-0.64,20.5,16.0,5.0,12.5,2.5,5.0,61.5,False,31.692670114324315,0.82,89.21700019836426,96.34933344523112,101.74416688283284,111.60950008392334,0.1849,0.6191,-19.28,HOLD
2026-06-11,19.440000534057617,4.463000297546387,CEG,Constellation Energy Corporatio,246.7100067138672,1.82,30.0,5.5,6.0,12.5,2.5,5.0,61.5,False,35.270524325130395,1.19,270.32565155029295,287.3412801106771,299.8155591328939,319.6172297668457,0.149,-0.0508,-22.11,HOLD
2026-06-11,19.440000534057617,4.463000297546387,ADP,"Automatic Data Processing, Inc.",225.77000427246094,-2.31,20.0,13.0,7.5,12.5,3.0,5.0,61.0,False,54.5714014281929,1.02,224.1529998779297,210.9803332010905,223.370631535848,242.8060575866699,0.5595,0.0526,8.4,HOLD
2026-06-11,19.440000534057617,4.463000297546387,PAYX,"Paychex, Inc.",99.2699966430664,-1.81,18.5,13.0,5.5,12.5,6.5,5.0,61.0,False,56.91421635004801,1.03,96.9245002746582,92.69721260070801,96.59254264831543,105.49890506744384,0.6665,,10.93,HOLD
2026-06-11,19.440000534057617,4.463000297546387,IDXX,"IDEXX Laboratories, Inc.",557.9099731445312,0.17,24.5,7.0,7.5,12.5,4.5,5.0,61.0,False,48.89940157203204,0.95,555.9929962158203,564.4641632080078,612.3341639200846,634.5391476440429,0.5413,0.0179,-3.33,HOLD
2026-06-11,19.440000534057617,4.463000297546387,KHC,The Kraft Heinz Company,24.219999313354492,0.71,12.5,14.5,6.0,12.5,10.0,5.0,60.5,False,63.413374438367796,0.71,23.19864139556885,22.432462787628175,22.794007047017416,23.38781057357788,0.9354,0.1118,11.68,HOLD
2026-06-11,19.440000534057617,4.463000297546387,TRI,Thomson Reuters Corp,80.25,-2.09,21.5,14.0,2.5,12.5,4.0,5.0,59.5,False,41.25709934829715,1.02,84.67285423278808,87.49708417256673,97.38753108978271,117.18076305389404,0.1694,0.0479,-12.56,WEAK
2026-06-11,19.440000534057617,4.463000297546387,VRSK,"Verisk Analytics, Inc.",182.0,-0.62,17.5,11.5,5.5,12.5,7.5,5.0,59.5,False,56.950145570032376,1.02,174.78350219726562,178.62783432006836,192.69170010884602,209.65213317871093,0.7545,0.0396,-10.95,WEAK
2026-06-11,19.440000534057617,4.463000297546387,MELI,"MercadoLibre, Inc.",1610.0,1.37,18.0,16.0,6.0,12.5,0.5,5.0,58.0,False,43.24977966309362,1.2,1640.0115173339843,1711.4240091959634,1848.9355885823568,1993.8093054199219,0.3386,-0.0503,-4.75,WEAK
2026-06-11,19.440000534057617,4.463000297546387,ZS,"Zscaler, Inc.",126.11000061035156,1.11,19.5,15.5,5.0,12.5,0.5,5.0,58.0,False,40.472158761216726,0.5,148.97499885559083,142.35383275349935,166.49462496439617,215.2597750854492,0.2348,0.0544,-19.16,WEAK
2026-06-11,19.440000534057617,4.463000297546387,PYPL,"PayPal Holdings, Inc.",41.2400016784668,1.33,15.0,16.0,5.5,12.5,4.0,5.0,58.0,False,32.81221245395132,0.97,43.33464164733887,45.74653065999349,48.00565347671509,55.210571918487545,0.1288,0.1123,-7.21,WEAK
2026-06-11,19.440000534057617,4.463000297546387,INTC,Intel Corporation,116.95999908447266,9.27,3.5,17.0,7.0,12.5,12.5,5.0,57.5,False,57.78848064318019,1.44,113.24699897766114,85.84383309682211,65.27391662597657,53.002499980926515,0.6492,-0.0141,159.74,WEAK
2026-06-11,19.440000534057617,4.463000297546387,INSM,Insmed Incorporated,96.72000122070312,5.27,15.0,14.0,5.5,12.5,5.5,5.0,57.5,False,36.91654628071087,1.39,104.40600090026855,129.38066622416179,143.75825010935466,154.57359981536865,0.1855,-0.0289,-32.22,WEAK
2026-06-11,19.440000534057617,4.463000297546387,XEL,Xcel Energy Inc.,78.2699966430664,0.22,14.0,10.0,7.5,12.5,8.0,5.0,57.0,False,46.584722382794624,1.18,78.89000015258789,79.5531665802002,78.36030979156494,77.6484411239624,0.384,-0.1529,-2.19,WEAK
2026-06-11,19.440000534057617,4.463000297546387,KDP,Keurig Dr Pepper Inc.,31.229999542236328,-1.48,7.0,12.5,6.0,12.5,14.0,5.0,57.0,False,66.44674515816892,2.39,29.974000263214112,28.119661712646483,28.062206141153972,27.58472843170166,0.8455,-0.3847,16.39,WEAK
2026-06-11,19.440000534057617,4.463000297546387,HON,Honeywell International Inc.,219.1199951171875,6.43,11.0,11.5,8.0,12.5,8.5,5.0,56.5,False,48.68754840650257,1.29,222.32649917602538,221.72672322591146,222.0060801188151,210.90586387634278,0.414,0.0212,-4.17,WEAK
2026-06-11,19.440000534057617,4.463000297546387,GEHC,GE HealthCare Technologies Inc.,64.51000213623047,1.18,14.0,11.5,8.5,12.5,4.5,5.0,56.0,False,51.11191032894577,0.62,63.3370002746582,66.92753009796142,73.8784603436788,74.85112783432007,0.7167,0.0506,-8.13,WEAK
2026-06-11,19.440000534057617,4.463000297546387,FANG,"Diamondback Energy, Inc.",191.58999633789062,-2.52,11.0,4.0,6.5,12.5,15.5,5.0,54.5,False,44.94261096719751,1.15,199.2484992980957,195.43323720296223,178.06661148071288,164.1954093170166,0.1583,0.0259,1.56,WEAK
2026-06-11,19.440000534057617,4.463000297546387,CRWD,"CrowdStrike Holdings, Inc.",691.530029296875,6.76,12.5,5.5,8.0,12.5,10.5,5.0,54.0,False,60.53470761894192,0.89,671.1140014648438,514.8881663004557,475.4220835367839,482.88805068969725,0.5931,0.0109,58.68,WEAK
2026-06-11,19.440000534057617,4.463000297546387,CPRT,"Copart, Inc.",31.059999465942383,-0.96,20.5,7.0,7.0,12.5,2.0,5.0,54.0,False,38.9997719166146,0.84,32.236500072479245,32.887833499908446,35.74591685930888,38.84985005378723,0.2535,0.0348,-5.88,WEAK
2026-06-11,19.440000534057617,4.463000297546387,FER,Ferrovial N.V.,67.3499984741211,4.74,8.5,7.0,7.5,12.5,13.0,5.0,53.5,False,50.7348245511591,1.43,67.01903190612794,67.17292111714681,67.45281918843587,64.64803743362427,0.5628,0.0067,5.75,WEAK
2026-06-11,19.440000534057617,4.463000297546387,ODFL,"Old Dominion Freight Line, Inc.",247.75999450683594,5.01,6.0,7.0,8.5,12.5,14.0,5.0,53.0,False,67.92460436346097,0.95,223.91364593505858,209.33131713867186,195.54762229919433,174.02874481201172,0.8503,0.0167,35.88,WEAK
2026-06-11,19.440000534057617,4.463000297546387,DASH,"DoorDash, Inc.",154.58999633789062,2.38,19.0,7.0,6.0,12.5,3.0,5.0,52.5,False,45.985787022490584,1.01,157.2484992980957,161.8994166056315,179.37370808919272,204.41454978942872,0.3115,0.0341,-6.3,WEAK
2026-06-11,19.440000534057617,4.463000297546387,TTWO,"Take-Two Interactive Software, ",212.0800018310547,0.77,12.5,11.5,8.5,12.5,2.5,5.0,52.5,False,40.57312521043066,0.63,224.59500122070312,213.82683359781902,219.9889170328776,231.11379997253417,0.2259,0.0368,3.85,WEAK
2026-06-11,19.440000534057617,4.463000297546387,TSLA,"Tesla, Inc.",399.1499938964844,4.6,16.0,7.0,5.5,12.5,6.5,5.0,52.5,False,46.28177540566373,0.95,417.5869995117188,394.0278340657552,410.68533376057945,415.4206004333496,0.2323,0.0035,1.62,WEAK
2026-06-11,19.440000534057617,4.463000297546387,CMCSA,Comcast Corporation,23.969999313354492,0.0,17.0,5.5,7.0,12.5,3.5,5.0,50.5,False,35.6014553089134,0.8,24.567499828338622,26.754957548777263,28.046096340815225,27.678505144119264,0.269,0.0469,-15.13,WEAK
2026-06-11,19.440000534057617,4.463000297546387,EXC,Exelon Corporation,45.5099983215332,-0.22,7.0,8.5,8.0,12.5,9.5,5.0,50.5,False,52.652964057807424,0.9,44.84003372192383,46.12463563283284,45.6142294883728,45.038869285583495,0.7149,-0.0603,-6.72,WEAK
2026-06-11,19.440000534057617,4.463000297546387,MSTR,Strategy Inc,120.1500015258789,4.16,14.0,11.5,3.5,12.5,2.5,5.0,49.0,False,34.25537496410216,0.94,147.64999961853027,151.19200019836427,149.0352502187093,197.34465019226073,0.1843,-0.2049,-14.52,SELL
2026-06-11,19.440000534057617,4.463000297546387,WBD,"Warner Bros. Discovery, Inc. - ",26.860000610351562,2.4,8.5,5.5,7.0,12.5,10.0,5.0,48.5,False,48.61210633832636,0.91,26.941000080108644,27.148499965667725,27.679500007629393,24.78565004348755,0.4365,0.2742,-1.79,SELL
2026-06-12,17.68000030517578,4.486999988555908,NVDA,NVIDIA Corporation,205.19000244140625,0.16,30.0,20.5,9.5,12.5,15.5,5.0,93.0,False,45.37619349944543,0.6,214.45511703491212,201.13443349202473,193.18283233642578,189.0373422241211,0.186,0.0093,15.05,STRONG_BUY
2026-06-12,17.68000030517578,4.486999988555908,GOOGL,Alphabet Inc.,359.67999267578125,0.53,30.0,18.5,10.0,12.5,16.5,5.0,92.5,False,42.46575787113977,0.76,376.2505645751953,350.1099792480469,333.6808957417806,307.56406028747557,0.2034,0.0064,17.18,STRONG_BUY
2026-06-12,17.68000030517578,4.486999988555908,AVGO,Broadcom Inc.,382.07000732421875,-0.91,30.0,20.5,9.0,12.5,13.5,5.0,90.5,False,41.40356641870176,0.71,418.72850341796874,390.62550964355466,362.0241269429525,357.27101013183596,0.1956,0.015,19.71,STRONG_BUY
2026-06-12,17.68000030517578,4.486999988555908,GOOG,Alphabet Inc.,358.1600036621094,0.45,30.0,18.5,7.5,12.5,16.5,5.0,90.0,False,43.53709352376471,0.73,373.0533905029297,347.5734527587891,332.5594439188639,307.13204734802247,0.2213,0.0064,17.22,STRONG_BUY
2026-06-12,17.68000030517578,4.486999988555908,ADI,"Analog Devices, Inc.",417.7900085449219,1.37,29.5,19.0,10.0,12.5,12.5,5.0,88.5,False,54.52249161718697,0.54,410.59510345458983,379.2268473307292,345.4144391377767,305.4490245056152,0.6379,0.019,34.95,STRONG_BUY
2026-06-12,17.68000030517578,4.486999988555908,MU,"Micron Technology, Inc.",981.6099853515625,-1.43,29.0,20.5,9.0,12.5,12.5,5.0,88.5,False,60.76656793241714,0.73,893.1274932861328,627.8415054321289,503.3036829630534,381.57496982574463,0.6756,0.0026,121.04,STRONG_BUY
2026-06-12,17.68000030517578,4.486999988555908,NXPI,NXP Semiconductors N.V.,304.8599853515625,0.76,28.0,17.5,10.0,12.5,12.5,5.0,85.5,False,53.18786163836647,0.49,309.17899932861326,259.06293970743815,241.9100866953532,231.11690452575684,0.4263,0.0354,59.31,STRONG_BUY
2026-06-12,17.68000030517578,4.486999988555908,AAPL,Apple Inc.,291.1300048828125,-1.52,26.0,16.0,9.5,12.5,16.5,5.0,85.5,False,44.08616291240674,0.75,303.8810012817383,279.60390752156576,271.3081377665202,266.456404876709,0.0844,0.0236,17.05,STRONG_BUY
2026-06-12,17.68000030517578,4.486999988555908,LRCX,Lam Research Corporation,366.80999755859375,1.18,29.0,14.5,9.0,12.5,14.0,5.0,84.0,False,68.53992997824218,0.91,317.55999755859375,275.3836649576823,246.19670588175455,204.2543967819214,0.9942,0.0095,56.76,STRONG_BUY
2026-06-12,17.68000030517578,4.486999988555908,WDC,Western Digital Corporation,562.9249877929688,6.35,30.0,17.5,6.5,12.5,12.5,5.0,84.0,False,61.407815833637315,0.95,518.0100982666015,422.013357035319,334.0636927286784,253.61471477508545,0.7838,0.0107,77.66,STRONG_BUY
2026-06-12,17.68000030517578,4.486999988555908,TXN,Texas Instruments Incorporated,301.1199951171875,1.35,28.0,17.0,9.0,12.5,12.5,5.0,84.0,False,54.8951452323368,0.65,302.1095031738281,258.6613260904948,228.89421208699545,206.32085556030273,0.4772,0.0039,60.74,STRONG_BUY
2026-06-12,17.68000030517578,4.486999988555908,STX,Seagate Technology Holdings PLC,931.0399780273438,7.25,27.5,19.0,8.0,12.5,11.0,5.0,83.0,False,64.27915553220868,0.99,851.0389953613281,662.0275573730469,513.5450762430827,403.5891479492187,0.8137,0.0077,114.6,STRONG_BUY
2026-06-12,17.68000030517578,4.486999988555908,DXCM,"DexCom, Inc.",75.37000274658203,0.16,28.5,14.0,8.0,12.5,13.5,5.0,81.5,False,62.844110124523525,0.65,72.20999965667724,65.70699971516927,67.83274987538655,67.56680002212525,0.703,0.0363,12.04,BUY
2026-06-12,17.68000030517578,4.486999988555908,ROST,"Ross Stores, Inc.",240.1300048828125,0.43,30.0,10.0,10.0,12.5,14.0,5.0,81.5,False,63.97837855074948,0.78,226.91481704711913,222.7022725423177,208.3235678354899,188.63657592773438,0.8721,0.0266,14.21,BUY
2026-06-12,17.68000030517578,4.486999988555908,CSCO,"Cisco Systems, Inc.",121.0999984741211,-0.6,26.5,14.5,10.0,12.5,12.5,5.0,81.0,False,59.04498599935688,0.57,120.80999984741212,98.11833152770996,87.85224488576253,81.1123844909668,0.5187,0.0195,55.08,BUY
2026-06-12,17.68000030517578,4.486999988555908,AMZN,"Amazon.com, Inc.",238.5500030517578,-1.23,28.5,14.5,8.5,12.5,11.5,5.0,80.5,False,34.75795531716783,1.22,257.25000152587893,246.80950037638345,235.23416684468586,232.509400100708,0.1008,0.0038,14.27,BUY
2026-06-12,17.68000030517578,4.486999988555908,MPWR,"Monolithic Power Systems, Inc.",1577.3199462890625,-0.77,29.0,13.0,8.5,12.5,12.5,5.0,80.5,False,51.466507194570305,0.66,1570.665509033203,1445.4726084391275,1258.7682037353516,1128.8626605224608,0.526,0.0063,44.64,BUY
2026-06-12,17.68000030517578,4.486999988555908,EA,Electronic Arts Inc.,203.27000427246094,0.11,26.5,15.5,10.0,12.5,11.0,5.0,80.5,False,61.24219119173947,0.88,201.9704490661621,202.03843409220377,201.95037816365559,198.29120376586914,0.8273,0.0435,1.38,BUY
2026-06-12,17.68000030517578,4.486999988555908,AMAT,"Applied Materials, Inc.",567.25,2.64,26.0,14.5,10.0,12.5,12.0,5.0,80.0,False,74.03503277550145,0.87,467.8119613647461,414.2180658976237,368.757918548584,308.5939430236816,1.0699,0.0068,59.0,BUY
2026-06-12,17.68000030517578,4.486999988555908,META,"Meta Platforms, Inc.",566.97998046875,-0.26,30.0,20.5,9.0,12.5,2.5,5.0,79.5,False,34.6613212932583,0.81,604.2084991455079,614.0769989013672,633.601714070638,657.4289053344727,0.0622,0.0178,-6.55,BUY
2026-06-12,17.68000030517578,4.486999988555908,AMD,"Advanced Micro Devices, Inc.",511.57000732421875,4.73,24.5,17.0,7.0,12.5,12.5,5.0,78.5,False,60.45382005026727,0.97,481.97350158691404,356.48916778564455,285.76866709391277,253.93155029296875,0.6958,0.0086,149.22,BUY
2026-06-12,17.68000030517578,4.486999988555908,VRTX,Vertex Pharmaceuticals Incorpor,444.92498779296875,-0.03,28.0,11.5,9.0,12.5,12.5,5.0,78.5,False,53.83643988994761,0.7,438.49024658203126,438.8050827026367,453.31095733642576,438.4273739624023,0.7425,0.0246,-2.87,BUY
2026-06-12,17.68000030517578,4.486999988555908,QCOM,QUALCOMM Incorporated,211.72000122070312,4.32,23.0,19.0,8.5,12.5,10.5,5.0,78.5,False,50.76324954132247,0.63,221.39550094604493,174.2953193664551,162.56523373921712,164.07215576171876,0.3785,0.043,61.87,BUY
2026-06-12,17.68000030517578,4.486999988555908,SBUX,Starbucks Corporation,103.04000091552734,0.74,19.0,14.0,9.0,12.5,18.5,5.0,78.0,False,58.55860164714625,0.65,100.5310001373291,98.6616335550944,95.81140327453613,90.68387393951416,0.6447,-0.0111,8.15,BUY
2026-06-12,17.68000030517578,4.486999988555908,DDOG,"Datadog, Inc.",229.89999389648438,-1.85,26.0,15.5,7.5,12.5,10.5,5.0,77.0,False,57.629172691468774,0.93,231.4025001525879,168.00600039164226,146.84354184468586,149.5931504058838,0.4797,0.0114,76.93,BUY
2026-06-12,17.68000030517578,4.486999988555908,BKNG,Booking Holdings Inc. Common St,164.94000244140625,0.83,30.0,16.0,8.5,12.5,4.5,5.0,76.5,False,50.080122534027694,0.86,162.73324584960938,169.14065399169922,179.42094497680665,190.79850494384766,0.6121,0.0554,-3.74,BUY
2026-06-12,17.68000030517578,4.486999988555908,MSFT,Microsoft Corporation,390.739990234375,0.1,28.0,18.5,8.0,12.5,4.5,5.0,76.5,False,37.19546555355801,0.92,419.5685317993164,404.5121297200521,418.67047653198244,451.8730322265625,0.09,0.0128,0.66,BUY
2026-06-12,17.68000030517578,4.486999988555908,MCHP,Microchip Technology Incorporat,95.23999786376953,2.47,19.5,17.5,8.5,12.5,12.5,5.0,75.5,False,54.69267310086744,0.61,93.44275245666503,84.04061196645101,77.8148294766744,71.17026821136474,0.6564,0.0221,51.24,BUY
2026-06-12,17.68000030517578,4.486999988555908,BKR,Baker Hughes Company,63.13999938964844,-0.54,25.5,10.0,8.0,12.5,14.0,5.0,75.0,False,46.25471645823034,0.91,64.57400016784668,63.801869519551595,59.51399799982707,54.53228322982788,0.2362,0.0503,4.35,BUY
2026-06-12,17.68000030517578,4.486999988555908,ARM,Arm Holdings plc,380.80999755859375,11.27,25.5,13.0,6.5,12.5,12.5,5.0,75.0,False,63.80993441441242,1.26,324.14349975585935,226.3889175415039,171.6639586130778,162.26657527923584,0.7289,0.0019,193.34,BUY
2026-06-12,17.68000030517578,4.486999988555908,LITE,Lumentum Holdings Inc.,921.5599975585938,3.59,20.5,17.5,7.0,12.5,12.5,5.0,75.0,False,51.69984518709481,0.72,905.8200073242188,872.2861673990885,686.3371676127116,497.32507553100584,0.5799,0.0013,19.35,BUY
2026-06-12,17.68000030517578,4.486999988555908,ASML,ASML Holding N.V. - New York Re,1863.550048828125,-1.89,22.0,13.0,7.5,12.5,14.0,5.0,74.0,False,65.8601516469192,1.35,1657.032000732422,1503.1365865071614,1416.802426147461,1241.8726989746094,0.9324,0.0115,36.68,BUY
2026-06-12,17.68000030517578,4.486999988555908,ADSK,"Autodesk, Inc.",198.42999267578125,-3.47,30.0,17.5,4.5,12.5,4.5,5.0,74.0,False,28.185717350013007,2.01,232.44950103759766,236.5170000712077,247.95341657002766,271.87840003967284,-0.1689,0.0731,-19.87,BUY
2026-06-12,17.68000030517578,4.486999988555908,NFLX,"Netflix, Inc.",80.33999633789062,-1.14,30.0,14.5,6.0,12.5,6.0,5.0,74.0,False,29.045305352152837,1.04,85.07499923706055,91.23399976094564,89.6986665725708,99.21008491516113,0.1346,0.0768,-12.43,BUY
2026-06-12,17.68000030517578,4.486999988555908,ROP,"Roper Technologies, Inc.",334.9700012207031,0.68,30.0,15.5,6.0,12.5,4.5,5.0,73.5,False,50.63838089637187,1.03,329.22449798583983,343.80757293701174,362.5299029032389,408.27855758666993,0.7075,0.0642,-4.94,BUY
2026-06-12,17.68000030517578,4.486999988555908,MDLZ,"Mondelez International, Inc.",62.9900016784668,-0.58,23.0,12.5,8.0,12.5,12.0,5.0,73.0,False,58.92873342979753,1.05,61.852000045776364,59.675939623514815,58.33503119150797,58.26035507202148,0.807,0.0352,12.47,BUY
2026-06-12,17.68000030517578,4.486999988555908,LIN,Linde plc,523.5700073242188,1.58,15.5,13.0,10.0,12.5,17.0,5.0,73.0,False,62.105487957444396,0.93,507.27160186767577,500.7387893676758,480.381879679362,463.71928131103516,1.0419,0.0194,7.23,BUY
2026-06-12,17.68000030517578,4.486999988555908,WDAY,"Workday, Inc.",130.8000030517578,0.21,30.0,17.5,3.5,12.5,4.5,5.0,73.0,False,46.66213658037377,1.13,135.62699928283692,128.37233352661133,149.59466641743978,181.75709968566895,0.3842,0.0965,-1.93,BUY
2026-06-12,17.68000030517578,4.486999988555908,GILD,"Gilead Sciences, Inc.",125.58999633789062,-0.22,30.0,11.5,8.5,12.5,5.5,5.0,73.0,False,40.42198278089605,0.64,129.7955005645752,133.79416643778484,135.68501923878986,128.3303782272339,0.2088,0.0509,-11.0,BUY
2026-06-12,17.68000030517578,4.486999988555908,FTNT,"Fortinet, Inc.",146.3000030517578,0.85,25.0,8.5,9.0,12.5,12.5,5.0,72.5,False,69.4536880461326,0.73,137.41849937438965,104.26549962361653,92.52558326721191,88.53384998321533,0.7583,0.0169,76.01,BUY
2026-06-12,17.68000030517578,4.486999988555908,MNST,Monster Beverage Corporation,92.83000183105469,0.87,25.5,8.5,9.0,12.5,12.0,5.0,72.5,False,71.62013331166962,0.82,88.69299964904785,80.48250020345053,80.00916690826416,75.53950016021729,1.0752,0.0186,25.89,BUY
2026-06-12,17.68000030517578,4.486999988555908,ABNB,"Airbnb, Inc.",132.27999877929688,1.08,24.0,14.0,9.0,12.5,8.0,5.0,72.5,False,46.61099769934464,0.68,133.20750045776367,134.17916666666667,132.6535415649414,128.93257499694823,0.3772,0.0406,1.14,BUY
2026-06-12,17.68000030517578,4.486999988555908,CSX,CSX Corporation,47.56999969482422,0.42,19.0,11.5,10.0,12.5,14.0,5.0,72.0,False,62.730678706100065,0.89,46.31260719299316,43.875027910868326,41.23879747390747,38.57015746116638,0.9499,0.0128,23.97,BUY
2026-06-12,17.68000030517578,4.486999988555908,MRVL,"Marvell Technology, Inc.",279.70001220703125,-0.36,15.0,14.5,9.0,12.5,15.5,5.0,71.5,False,62.99387569476082,0.74,233.6599998474121,168.2277842203776,125.52110385894775,108.4535304069519,0.7383,0.0093,212.57,HOLD
2026-06-12,17.68000030517578,4.486999988555908,COST,Costco Wholesale Corporation,982.3499755859375,0.68,28.5,7.0,9.5,12.5,8.5,5.0,71.0,False,46.270284522644616,0.67,1001.0879913330078,1000.3220764160156,978.5858200073242,955.2695748901367,0.3962,0.016,0.92,HOLD
2026-06-12,17.68000030517578,4.486999988555908,KLAC,KLA Corporation,254.5399932861328,5.55,18.5,13.0,10.0,12.5,12.0,5.0,71.0,False,75.67908684173105,0.82,200.93880081176758,180.0546620686849,161.47788626352946,140.8991700744629,1.1515,0.0087,68.61,HOLD
2026-06-12,17.68000030517578,4.486999988555908,SNDK,Sandisk Corporation,1980.0999755859375,5.24,19.0,13.0,8.5,12.5,12.0,5.0,70.0,False,70.60135296506915,0.98,1623.7590026855469,1189.199164835612,848.0301663716634,573.0593251609803,1.0162,0.0077,156.46,HOLD
2026-06-12,17.68000030517578,4.486999988555908,PLTR,Palantir Technologies Inc.,127.98999786376953,-2.36,30.0,14.5,5.0,12.5,2.5,5.0,69.5,False,39.3105253821648,0.92,138.74474906921387,141.32891604105632,149.68554159800212,160.4178999710083,0.1895,0.0057,-17.79,HOLD
2026-06-12,17.68000030517578,4.486999988555908,APP,Applovin Corporation,496.7699890136719,3.8,30.0,15.5,5.0,12.5,1.5,5.0,69.5,False,45.472147739809124,0.92,533.7130065917969,472.58516998291014,498.11550165812173,541.8544261169434,0.3146,0.0191,12.92,HOLD
2026-06-12,17.68000030517578,4.486999988555908,PCAR,PACCAR Inc.,118.5199966430664,0.8,17.0,14.0,8.0,12.5,13.0,5.0,69.5,False,56.27390475318071,0.84,113.41399993896485,116.9212023417155,118.51368986765543,110.55503070831298,0.8617,0.0238,5.35,HOLD
2026-06-12,17.68000030517578,4.486999988555908,ISRG,"Intuitive Surgical, Inc.",411.05999755859375,-0.45,30.0,11.5,7.0,12.5,3.5,5.0,69.5,False,40.41647896854246,0.71,423.8469985961914,447.35233205159506,484.0670832316081,491.9134507751465,0.2546,0.0155,-14.35,HOLD
2026-06-12,17.68000030517578,4.486999988555908,PEP,"Pepsico, Inc.",144.27000427246094,0.38,24.0,10.0,8.5,12.5,9.5,5.0,69.5,False,46.173249006720326,0.69,144.28664321899413,150.01540552775066,151.0573387145996,147.41898834228516,0.4986,0.0444,-4.55,HOLD
2026-06-12,17.68000030517578,4.486999988555908,FAST,Fastenal Company,46.56999969482422,0.39,19.0,7.0,9.0,12.5,16.5,5.0,69.0,False,59.36671211499621,0.67,45.04549980163574,45.027811749776205,44.54722932179769,44.09983020782471,0.793,0.0169,5.23,HOLD
2026-06-12,17.68000030517578,4.486999988555908,CDNS,"Cadence Design Systems, Inc.",384.9599914550781,0.32,21.5,8.5,10.0,12.5,10.5,5.0,68.0,False,55.53757398196854,0.57,379.21299743652344,334.40516662597656,318.8591667175293,325.49919998168946,0.5623,0.0141,33.95,HOLD
2026-06-12,17.68000030517578,4.486999988555908,INTU,Intuit Inc.,276.7300109863281,-0.07,25.0,17.5,7.0,12.5,0.5,5.0,67.5,False,32.59617912494524,0.7,324.33250427246094,376.4767690022787,441.8028190612793,529.0017066955567,0.2056,0.0691,-39.02,HOLD
2026-06-12,17.68000030517578,4.486999988555908,AXON,"Axon Enterprise, Inc.",441.7300109863281,-1.0,30.0,11.5,7.0,12.5,1.5,5.0,67.5,False,51.37568328971596,0.61,436.47100219726565,418.0090006510417,477.65041681925453,551.0725505065918,0.5316,0.0018,-12.04,HOLD
2026-06-12,17.68000030517578,4.486999988555908,CCEP,Coca-Cola Europacific Partners ,99.33999633789062,1.69,24.0,8.5,7.0,12.5,10.0,5.0,67.0,False,66.74589131415851,0.68,93.63950080871582,93.52092170715332,94.26616579691569,91.7387523651123,1.0248,0.0397,6.01,HOLD
2026-06-12,17.68000030517578,4.486999988555908,MAR,Marriott International,402.5400085449219,1.42,14.5,11.5,9.0,12.5,14.0,5.0,66.5,False,69.96550044244017,0.77,378.6965850830078,358.30328267415365,342.4165069580078,315.5478225708008,0.9373,0.0169,24.14,HOLD
2026-06-12,17.68000030517578,4.486999988555908,AMGN,Amgen Inc.,355.20001220703125,0.32,16.0,11.5,8.0,12.5,13.0,5.0,66.0,False,62.54776721758062,0.98,338.1545043945313,340.3058817545573,345.0775266011556,326.6081234741211,0.9876,0.0388,2.28,HOLD
2026-06-12,17.68000030517578,4.486999988555908,SNPS,"Synopsys, Inc.",453.8900146484375,-0.53,18.5,11.5,7.0,12.5,11.5,5.0,66.0,False,38.82001176996407,0.6,490.32850189208983,463.49450225830077,462.6111691792806,462.42275177001954,0.1133,0.0407,5.99,HOLD
2026-06-12,17.68000030517578,4.486999988555908,TMUS,"T-Mobile US, Inc.",189.10000610351562,1.77,18.5,19.0,6.5,12.5,4.5,5.0,66.0,False,53.23286316555935,0.82,186.07685470581055,193.21364771525066,197.6639367421468,206.3595450592041,0.6606,0.0545,-7.97,HOLD
2026-06-12,17.68000030517578,4.486999988555908,REGN,"Regeneron Pharmaceuticals, Inc.",612.1400146484375,0.11,20.0,14.0,10.0,12.5,3.5,5.0,65.0,False,37.88292093391289,0.57,626.2349822998046,700.9922760009765,734.7234120686849,694.7789007568359,0.3376,0.051,-16.87,HOLD
2026-06-12,17.68000030517578,4.486999988555908,ADBE,Adobe Inc.,204.02000427246094,-6.76,27.5,17.5,2.0,12.5,0.0,5.0,64.5,True,29.380734409920024,3.56,246.05750122070313,244.3981674194336,268.4305004119873,298.3365001678467,-0.1766,0.1096,-17.06,STRONG_SELL
2026-06-12,17.68000030517578,4.486999988555908,ORLY,"O'Reilly Automotive, Inc.",91.0199966430664,1.02,21.5,11.5,7.5,12.5,6.5,5.0,64.5,False,52.888405101494364,0.92,89.62599906921386,91.4918327331543,92.78824965159099,95.88179977416992,0.6836,0.0176,3.54,HOLD
2026-06-12,17.68000030517578,4.486999988555908,ALNY,"Alnylam Pharmaceuticals, Inc.",282.8500061035156,-2.26,22.5,16.0,5.5,12.5,2.5,5.0,64.0,False,40.22938882684098,1.33,294.8245025634766,306.34683380126955,329.00966669718423,377.740950012207,0.0306,0.0054,-9.08,HOLD
2026-06-12,17.68000030517578,4.486999988555908,WMT,Walmart Inc.,121.04000091552734,0.45,18.0,7.0,10.0,12.5,11.5,5.0,64.0,False,47.39888548338748,0.55,121.26099891662598,124.91452992757162,122.9466142654419,115.5796873474121,0.491,0.0071,0.36,HOLD
2026-06-12,17.68000030517578,4.486999988555908,PANW,"Palo Alto Networks, Inc.",279.6199951171875,0.03,17.0,10.0,9.0,12.5,10.5,5.0,64.0,False,64.84240333332014,0.7,265.69799728393554,205.82666625976563,188.91874987284342,194.26394996643066,0.699,0.0157,64.73,HOLD
2026-06-12,17.68000030517578,4.486999988555908,AEP,American Electric Power Company,129.22999572753906,0.58,16.0,10.0,8.5,12.5,11.5,5.0,63.5,False,50.885474342040276,0.76,128.08149909973145,130.50073890686036,126.16425342559815,121.0349807357788,0.6562,-0.0989,1.13,HOLD
2026-06-12,17.68000030517578,4.486999988555908,CTAS,Cintas Corporation,176.27999877929688,-3.08,20.0,10.0,6.5,12.5,9.5,5.0,63.5,False,52.32346760472865,0.91,174.48799819946288,173.1578244527181,183.24028561909992,186.51580253601074,0.6145,0.0214,-2.79,HOLD
2026-06-12,17.68000030517578,4.486999988555908,ADP,"Automatic Data Processing, Inc.",226.2100067138672,0.19,20.0,13.0,8.5,12.5,3.5,5.0,62.5,False,55.044348837769185,0.81,225.04500045776368,211.27916666666667,223.09878641764323,242.4496817779541,0.5511,0.0525,7.38,HOLD
2026-06-12,17.68000030517578,4.486999988555908,PDD,PDD Holdings Inc.,81.55999755859375,0.32,20.5,16.0,6.5,12.5,2.0,5.0,62.5,False,32.44179449065463,0.44,88.51599998474121,96.03000005086263,101.54225018819173,111.39775005340576,0.2247,0.6171,-16.29,HOLD
2026-06-12,17.68000030517578,4.486999988555908,IDXX,"IDEXX Laboratories, Inc.",560.8800048828125,0.53,24.5,7.0,8.5,12.5,4.5,5.0,62.0,False,50.270406716724516,0.83,557.3939971923828,564.1934967041016,611.1989974975586,634.1349478149414,0.5848,0.0178,-3.27,HOLD
2026-06-12,17.68000030517578,4.486999988555908,KHC,The Kraft Heinz Company,24.389999389648438,0.7,12.5,14.5,7.5,12.5,10.0,5.0,62.0,False,64.80875543768323,0.56,23.273389053344726,22.477513726552328,22.798022937774657,23.379968328475954,0.937,0.1111,14.12,HOLD
2026-06-12,17.68000030517578,4.486999988555908,PAYX,"Paychex, Inc.",100.62999725341797,1.37,18.5,13.0,6.5,12.5,6.5,5.0,62.0,False,59.67082142665213,0.87,97.51450004577637,92.8828961690267,96.50088837941487,105.33408882141113,0.7552,,11.14,HOLD
2026-06-12,17.68000030517578,4.486999988555908,CHTR,"Charter Communications, Inc.",145.82000732421875,4.8,20.5,17.5,3.5,12.5,2.5,5.0,61.5,False,47.06139586905093,1.06,140.42799911499023,180.25566660563152,197.807000096639,214.2176001739502,0.7222,0.1168,-31.1,HOLD
2026-06-12,17.68000030517578,4.486999988555908,CEG,Constellation Energy Corporatio,253.75999450683594,2.86,30.0,5.5,7.0,12.5,0.5,5.0,60.5,False,39.927535462037454,0.81,269.2720008850098,286.2918149312337,298.93016306559247,319.309508972168,0.2743,-0.0494,-19.69,HOLD
2026-06-12,17.68000030517578,4.486999988555908,CTSH,Cognizant Technology Solutions ,52.16999816894531,1.93,18.5,17.5,5.5,12.5,1.0,5.0,60.0,False,46.489375020601784,0.72,52.6769998550415,55.36276728312175,64.74776048660279,67.31538984298706,0.4399,0.0774,-14.64,HOLD
2026-06-12,17.68000030517578,4.486999988555908,SHOP,Shopify Inc.,108.23999786376953,-2.02,20.5,13.0,6.5,12.5,2.5,5.0,60.0,False,46.35488629158423,0.93,109.4775001525879,114.97750027974446,126.69091663360595,138.1842999649048,0.4513,0.0089,-11.55,HOLD
2026-06-12,17.68000030517578,4.486999988555908,XEL,Xcel Energy Inc.,79.22000122070312,1.21,14.0,10.0,7.5,12.5,9.5,5.0,58.5,False,51.030803561204586,0.91,78.8495002746582,79.5398333231608,78.41622460683188,77.69003673553466,0.5706,-0.1511,-0.39,WEAK
2026-06-12,17.68000030517578,4.486999988555908,VRSK,"Verisk Analytics, Inc.",183.8000030517578,0.99,17.5,11.5,5.5,12.5,6.0,5.0,58.0,False,59.079183143948825,1.11,176.131502532959,178.28466771443684,192.4065486907959,209.23803672790527,0.8209,0.0392,-8.87,WEAK
2026-06-12,17.68000030517578,4.486999988555908,KDP,Keurig Dr Pepper Inc.,31.709999084472656,1.54,6.5,12.5,7.5,12.5,14.0,5.0,58.0,False,69.82345475771909,1.03,30.104500198364256,28.200945091247558,28.09624562263489,27.602245073318482,0.917,-0.3789,17.83,WEAK
2026-06-12,17.68000030517578,4.486999988555908,MELI,"MercadoLibre, Inc.",1589.5999755859375,-1.27,18.0,16.0,6.0,12.5,0.5,5.0,58.0,False,41.16902600753778,1.1,1639.1230163574219,1709.7463419596354,1845.8117553710938,1989.7296551513673,0.2383,-0.0509,-4.64,WEAK
2026-06-12,17.68000030517578,4.486999988555908,TRI,Thomson Reuters Corp,81.41000366210938,1.45,21.5,14.0,2.5,12.5,2.0,5.0,57.5,False,43.386389718478526,1.18,84.8209888458252,87.32427825927735,97.00319010416666,116.74223018646241,0.226,0.0472,-10.69,WEAK
2026-06-12,17.68000030517578,4.486999988555908,PYPL,"PayPal Holdings, Inc.",41.529998779296875,0.7,15.0,16.0,6.5,12.5,2.0,5.0,57.0,False,35.277198991560525,0.8,43.166540718078615,45.69797236124675,47.85952126185099,55.070334606170654,0.211,0.1115,-5.71,WEAK
2026-06-12,17.68000030517578,4.486999988555908,HON,Honeywell International Inc.,220.30999755859375,0.54,11.0,11.5,8.0,12.5,8.5,5.0,56.5,False,49.71673816990764,0.9,222.51549911499023,221.58750127156574,222.2084622701009,210.97565658569337,0.4403,0.021,-3.28,WEAK
2026-06-12,17.68000030517578,4.486999988555908,ZS,"Zscaler, Inc.",129.52000427246094,2.7,19.5,15.5,3.5,12.5,0.5,5.0,56.5,False,42.78088127429717,0.63,147.76599922180176,141.91266606648762,165.6482083638509,214.56897514343262,0.2922,0.0529,-16.65,WEAK
2026-06-12,17.68000030517578,4.486999988555908,ODFL,"Old Dominion Freight Line, Inc.",245.75,-0.81,6.0,7.0,10.0,12.5,15.5,5.0,56.0,False,65.91673791741545,0.54,226.27322998046876,210.3881690979004,196.27780214945474,174.49010906219482,0.7936,0.0169,34.93,WEAK
2026-06-12,17.68000030517578,4.486999988555908,INTC,Intel Corporation,124.56999969482422,6.51,3.5,17.0,7.0,12.5,11.0,5.0,56.0,False,62.426502253076364,1.14,113.67899894714355,87.16949977874756,66.00966663360596,53.50359997749329,0.9065,-0.0133,169.75,WEAK
2026-06-12,17.68000030517578,4.486999988555908,INSM,Insmed Incorporated,97.8499984741211,1.17,15.0,14.0,5.5,12.5,3.5,5.0,55.5,False,38.38616924280879,1.2,103.5175006866455,128.6331662495931,143.18575007120768,154.40199981689454,0.2501,-0.0286,-32.05,WEAK
2026-06-12,17.68000030517578,4.486999988555908,CRWD,"CrowdStrike Holdings, Inc.",682.7999877929688,-1.26,12.5,5.5,9.5,12.5,10.5,5.0,55.5,False,58.71620030593098,0.58,676.2565002441406,519.0046661376953,477.1349166870117,484.2140505981445,0.5324,0.0111,59.47,WEAK
2026-06-12,17.68000030517578,4.486999988555908,TSLA,"Tesla, Inc.",406.42999267578125,1.82,15.5,7.0,5.5,12.5,9.5,5.0,55.0,False,48.88422608231856,1.32,415.7434997558594,394.25533396402994,410.04416707356773,415.6944003295898,0.3569,0.0034,6.87,WEAK
2026-06-12,17.68000030517578,4.486999988555908,GEHC,GE HealthCare Technologies Inc.,65.18000030517578,1.04,14.0,11.5,8.5,12.5,3.0,5.0,54.5,False,53.62495803925039,0.66,63.462500381469724,66.84359938303629,73.73456761042277,74.80707231521606,0.8059,0.05,-7.34,WEAK
2026-06-12,17.68000030517578,4.486999988555908,DASH,"DoorDash, Inc.",150.5800018310547,-2.59,19.0,7.0,7.0,12.5,4.0,5.0,54.5,False,42.78810274282933,0.81,157.09249954223634,161.65924987792968,178.70404141743978,203.9234998321533,0.0662,0.035,-5.45,WEAK
2026-06-12,17.68000030517578,4.486999988555908,CPRT,"Copart, Inc.",30.75,-1.0,20.5,7.0,7.0,12.5,2.0,5.0,54.0,False,36.86817344717625,0.78,32.1414999961853,32.850333499908444,35.67533351580302,38.76035004615784,0.218,0.0338,-5.44,WEAK
2026-06-12,17.68000030517578,4.486999988555908,TTWO,"Take-Two Interactive Software, ",211.75,-0.16,12.5,11.5,10.0,12.5,2.5,5.0,54.0,False,40.23248023421694,0.53,223.06200103759767,213.95233357747395,219.6980837504069,231.01844993591308,0.2416,0.0368,4.96,WEAK
2026-06-12,17.68000030517578,4.486999988555908,EXC,Exelon Corporation,46.209999084472656,1.54,7.0,8.5,9.0,12.5,11.0,5.0,53.0,False,57.56488868933299,0.77,44.95121669769287,46.081616465250654,45.636854298909505,45.053645038604735,0.8889,-0.0594,-2.84,WEAK
2026-06-12,17.68000030517578,4.486999988555908,FANG,"Diamondback Energy, Inc.",192.1300048828125,0.28,11.0,4.0,7.5,12.5,12.5,5.0,52.5,False,45.46047737759147,0.84,198.84199981689454,195.49136301676432,178.45663414001464,164.4493187713623,0.2115,0.0259,1.51,WEAK
2026-06-12,17.68000030517578,4.486999988555908,CMCSA,Comcast Corporation,24.5,2.21,17.0,5.5,8.5,12.5,3.5,5.0,52.0,False,43.84611242444253,0.83,24.533999824523924,26.692597421010337,28.01927768389384,27.64842082977295,0.4865,0.0459,-14.48,WEAK
2026-06-12,17.68000030517578,4.486999988555908,FER,Ferrovial N.V.,67.94000244140625,0.88,8.5,4.0,7.5,12.5,14.5,5.0,52.0,False,52.882682073079756,0.91,67.04604988098144,67.2438206354777,67.47036101023356,64.72000654220581,0.6679,0.0066,8.04,WEAK
2026-06-12,17.68000030517578,4.486999988555908,WBD,"Warner Bros. Discovery, Inc. - ",26.979999542236328,0.45,8.5,5.5,8.0,12.5,10.0,5.0,49.5,False,50.81928607972813,0.71,26.93400001525879,27.142333285013834,27.674249998728435,24.861550040245056,0.5364,0.273,-2.35,SELL
2026-06-12,17.68000030517578,4.486999988555908,MSTR,Strategy Inc,123.97000122070312,3.18,14.0,11.5,3.5,12.5,0.5,5.0,47.0,False,37.21610431522279,0.9,144.49999961853027,150.9155002593994,148.74966684977213,196.20770027160646,0.2471,-0.1986,-10.32,SELL
2026-06-15,17.68000030517578,4.468999862670898,AVGO,Broadcom Inc.,393.94000244140625,3.11,30.0,20.5,9.0,12.5,15.5,5.0,92.5,False,45.286162888666645,0.8,417.16600341796874,391.8716684977214,362.4819699605306,357.7480209350586,0.31,0.0145,27.13,STRONG_BUY
2026-06-15,17.68000030517578,4.468999862670898,NVDA,NVIDIA Corporation,212.4499969482422,3.54,30.0,20.5,9.5,12.5,12.5,5.0,90.0,False,51.40305036072657,0.75,213.8247314453125,201.70273132324218,193.44683621724445,189.19279983520508,0.4506,0.009,23.16,STRONG_BUY
2026-06-15,17.68000030517578,4.468999862670898,GOOGL,Alphabet Inc.,369.3500061035156,2.69,30.0,18.5,10.0,12.5,12.5,5.0,88.5,False,49.94844816836107,0.84,374.89090728759766,351.15003509521483,334.2024742126465,308.37636192321776,0.395,0.0062,22.78,STRONG_BUY
2026-06-15,17.68000030517578,4.468999862670898,MU,"Micron Technology, Inc.",1087.989990234375,10.84,29.0,20.5,10.0,12.5,11.0,5.0,88.0,False,66.56115052051986,0.8,911.293994140625,638.5732813517253,510.1560910542806,386.42702289581297,0.8489,0.0024,157.38,STRONG_BUY
2026-06-15,17.68000030517578,4.468999862670898,ADI,"Analog Devices, Inc.",427.5799865722656,2.34,29.5,19.0,10.0,12.5,11.0,5.0,87.0,False,57.6842776920366,0.79,411.15662384033203,381.1933135986328,346.7039723714193,306.3263468170166,0.8033,0.0186,38.56,STRONG_BUY
2026-06-15,17.68000030517578,4.468999862670898,GOOG,Alphabet Inc.,367.1099853515625,2.5,30.0,18.5,7.5,12.5,12.5,5.0,86.0,False,50.34747189682226,0.72,371.7547180175781,348.5995173136393,333.0503000895182,307.92951148986816,0.4074,0.0062,22.94,STRONG_BUY
2026-06-15,17.68000030517578,4.468999862670898,WDC,Western Digital Corporation,653.530029296875,16.09,29.0,19.0,7.5,12.5,12.0,5.0,85.0,False,71.25800349576458,1.4,526.5921325683594,427.62481791178385,338.00193265279137,256.48012950897214,1.1497,0.0092,123.03,STRONG_BUY
2026-06-15,17.68000030517578,4.468999862670898,NXPI,NXP Semiconductors N.V.,315.8800048828125,3.61,28.0,17.5,9.0,12.5,12.5,5.0,84.5,False,57.458287258427575,0.88,310.3979995727539,261.1383244832357,242.6665719350179,231.52474647521973,0.5971,0.0342,65.92,STRONG_BUY
2026-06-15,17.68000030517578,4.468999862670898,EA,Electronic Arts Inc.,203.1199951171875,-0.07,26.5,15.5,10.0,12.5,14.5,5.0,84.0,False,59.48718407189181,0.51,202.1039260864258,202.08209381103515,201.9469217936198,198.4462393951416,0.7656,0.0436,1.4,STRONG_BUY
2026-06-15,17.68000030517578,4.468999862670898,ROST,"Ross Stores, Inc.",236.77000427246094,-1.4,30.0,10.0,10.0,12.5,15.5,5.0,83.0,False,59.56069113553547,0.61,228.1366325378418,223.1443094889323,208.78275947570802,189.07573364257811,0.7559,0.027,12.33,STRONG_BUY
2026-06-15,17.68000030517578,4.468999862670898,STX,Seagate Technology Holdings PLC,1018.7999877929688,9.43,27.5,19.0,9.0,12.5,9.0,5.0,82.0,False,70.84958401477219,1.36,862.2054962158203,671.7768371582031,519.5761614481609,407.85320487976077,1.0402,0.007,148.18,BUY
2026-06-15,17.68000030517578,4.468999862670898,LRCX,Lam Research Corporation,388.9200134277344,6.03,29.0,14.5,9.0,12.5,12.0,5.0,82.0,False,72.69440230776144,1.31,322.76999816894534,277.9658317565918,248.00384051005045,205.6831367492676,1.0835,0.0089,70.31,BUY
2026-06-15,17.68000030517578,4.468999862670898,TXN,Texas Instruments Incorporated,313.3399963378906,4.06,26.0,17.0,9.0,12.5,12.5,5.0,82.0,False,60.04052872602723,0.88,302.64000244140624,260.76135737101237,230.05320091247557,206.88101203918458,0.7406,0.0037,68.24,BUY
2026-06-15,17.68000030517578,4.468999862670898,CSCO,"Cisco Systems, Inc.",120.16999816894531,-0.77,27.0,14.5,10.0,12.5,12.5,5.0,81.5,False,57.501869107957454,0.89,120.90799980163574,98.81971689860026,88.20714314778645,81.37672203063966,0.452,0.0196,55.6,BUY
2026-06-15,17.68000030517578,4.468999862670898,AAPL,Apple Inc.,296.4200134277344,1.82,26.0,16.0,8.5,12.5,12.5,5.0,80.5,False,49.50100378098522,0.91,303.6905014038086,280.39872690836586,271.50195032755533,266.78930549621583,0.2673,0.0232,19.64,BUY
2026-06-15,17.68000030517578,4.468999862670898,MPWR,"Monolithic Power Systems, Inc.",1652.2900390625,4.75,29.0,13.0,7.5,12.5,12.5,5.0,79.5,False,55.987654535886676,0.98,1575.7790100097657,1454.8356150309244,1264.7567789713542,1132.8160470581054,0.7882,0.0061,54.89,BUY
2026-06-15,17.68000030517578,4.468999862670898,AMAT,"Applied Materials, Inc.",585.780029296875,3.27,26.0,14.5,9.0,12.5,12.0,5.0,79.0,False,76.13570455014408,1.36,475.2970687866211,418.0349583943685,371.5079793294271,310.7045405578613,1.0499,0.0065,64.26,BUY
2026-06-15,17.68000030517578,4.468999862670898,AMZN,"Amazon.com, Inc.",246.02000427246094,3.13,26.5,14.5,8.5,12.5,11.5,5.0,78.5,False,43.21896660635314,0.98,256.34400100708007,247.43050053914388,235.3897501627604,232.59390014648437,0.2822,0.0037,19.79,BUY
2026-06-15,17.68000030517578,4.468999862670898,QCOM,QUALCOMM Incorporated,220.80999755859375,4.29,23.0,19.0,8.5,12.5,10.5,5.0,78.5,False,53.73752980230189,0.64,222.39857330322266,175.79553756713867,162.95955657958984,164.39384552001954,0.4794,0.0412,70.61,BUY
2026-06-15,17.68000030517578,4.468999862670898,DXCM,"DexCom, Inc.",74.22000122070312,-1.53,28.5,14.0,8.0,12.5,10.0,5.0,78.0,False,59.135173638867485,0.68,72.83949966430664,65.82283312479655,67.90074990590414,67.55600004196167,0.6148,0.0369,10.86,BUY
2026-06-15,17.68000030517578,4.468999862670898,AMD,"Advanced Micro Devices, Inc.",547.260009765625,6.98,24.5,17.0,8.0,12.5,11.0,5.0,78.0,False,65.24225026484908,1.0,488.13150177001955,362.1890012105306,288.5505839029948,255.8322003173828,0.8901,0.008,171.82,BUY
2026-06-15,17.68000030517578,4.468999862670898,SBUX,Starbucks Corporation,101.58999633789062,-1.41,19.0,14.0,9.0,12.5,18.5,5.0,78.0,False,54.144823853221006,0.84,100.26949996948242,98.76694030761719,95.93088124593099,90.76197547912598,0.5808,-0.0113,10.41,BUY
2026-06-15,17.68000030517578,4.468999862670898,BKR,Baker Hughes Company,62.459999084472656,-1.08,25.5,10.0,8.0,12.5,17.0,5.0,78.0,False,44.3105727069782,0.98,64.49099998474121,63.83440850575765,59.66455211639404,54.623319473266605,0.1466,0.0509,3.84,BUY
2026-06-15,17.68000030517578,4.468999862670898,META,"Meta Platforms, Inc.",593.47998046875,4.67,30.0,20.5,8.0,12.5,1.5,5.0,77.5,False,46.308513472364574,0.92,603.1709991455078,613.8566650390625,633.062326558431,656.6681585693359,0.386,0.017,-0.03,BUY
2026-06-15,17.68000030517578,4.468999862670898,DDOG,"Datadog, Inc.",233.08999633789062,1.39,26.0,15.5,7.5,12.5,10.5,5.0,77.0,False,59.0759235967978,0.91,232.65800018310546,169.72516695658365,147.61604181925455,150.09995040893554,0.5061,0.0113,86.35,BUY
2026-06-15,17.68000030517578,4.468999862670898,BKNG,Booking Holdings Inc. Common St,174.63999938964844,5.88,29.5,16.0,7.5,12.5,6.0,5.0,76.5,False,61.38517915276874,1.25,163.77807083129883,169.19563954671224,179.08695538838705,190.5579871368408,1.0298,0.0523,1.22,BUY
2026-06-15,17.68000030517578,4.468999862670898,VRTX,Vertex Pharmaceuticals Incorpor,450.4599914550781,1.24,28.0,11.5,8.0,12.5,11.0,5.0,76.0,False,57.11963192825209,1.12,439.1659957885742,438.6786661783854,453.2631655375163,438.73429901123046,0.8956,0.0243,-0.78,BUY
2026-06-15,17.68000030517578,4.468999862670898,MDLZ,"Mondelez International, Inc.",61.5,-2.37,23.0,12.5,8.0,12.5,15.0,5.0,76.0,False,49.56960987854652,1.27,61.90500011444092,59.76752109527588,58.401370429992674,58.266920261383056,0.3837,0.0361,10.36,BUY
2026-06-15,17.68000030517578,4.468999862670898,LITE,Lumentum Holdings Inc.,957.239990234375,3.87,20.5,17.5,7.5,12.5,12.5,5.0,75.5,False,54.429260337845655,0.89,905.147006225586,875.3713338216146,691.2189175923666,501.4820755004883,0.7689,0.0013,35.52,BUY
2026-06-15,17.68000030517578,4.468999862670898,ADSK,"Autodesk, Inc.",198.60000610351562,0.09,30.0,17.5,6.0,12.5,4.5,5.0,75.5,False,28.35137912450338,1.11,230.54850158691406,235.6995002746582,247.1077500661214,271.4416500091553,-0.0419,0.073,-19.92,BUY
2026-06-15,17.68000030517578,4.468999862670898,MSFT,Microsoft Corporation,399.760009765625,2.31,28.0,18.5,9.0,12.5,2.5,5.0,75.5,False,42.831459841541744,0.86,418.50612487792966,404.7051427205404,417.9704294840495,451.35407684326174,0.2413,0.0125,4.91,BUY
2026-06-15,17.68000030517578,4.468999862670898,WDAY,"Workday, Inc.",129.60000610351562,-0.92,30.0,17.5,6.0,12.5,4.5,5.0,75.5,False,45.632727769264356,0.58,135.85649948120118,128.30933354695637,148.85274976094564,181.2565496826172,0.3469,0.0974,-4.68,BUY
2026-06-15,17.68000030517578,4.468999862670898,ASML,ASML Holding N.V. - New York Re,1892.6600341796875,1.56,22.0,13.0,7.5,12.5,14.0,5.0,74.0,False,67.27582315504151,1.22,1676.5744995117188,1511.9573872884114,1423.8051727294921,1247.5062451171875,0.9338,0.0113,44.0,BUY
2026-06-15,17.68000030517578,4.468999862670898,ABNB,"Airbnb, Inc.",138.9600067138672,5.05,21.0,14.0,8.0,12.5,13.0,5.0,73.5,False,58.71330327163407,1.17,133.51300048828125,134.3153335571289,132.6842082977295,128.978125,1.0971,0.0387,8.12,BUY
2026-06-15,17.68000030517578,4.468999862670898,ROP,"Roper Technologies, Inc.",332.45001220703125,-0.75,30.0,15.5,6.0,12.5,4.5,5.0,73.5,False,48.21283223740196,1.13,329.8019989013672,343.47571055094403,361.60906041463215,407.313981628418,0.5993,0.0647,-5.76,BUY
2026-06-15,17.68000030517578,4.468999862670898,LIN,Linde plc,521.47998046875,-0.4,15.5,13.0,10.0,12.5,17.0,5.0,73.0,False,60.3277666786895,1.19,508.11987152099607,501.2925221761068,481.23842061360676,463.9451873779297,0.9111,0.0195,7.17,BUY
2026-06-15,17.68000030517578,4.468999862670898,MCHP,Microchip Technology Incorporat,100.31999969482422,5.33,18.0,17.5,7.5,12.5,12.5,5.0,73.0,False,60.67336713895111,1.01,93.78968658447266,84.6630464553833,78.11576458613078,71.34517024993896,1.0012,0.021,60.11,BUY
2026-06-15,17.68000030517578,4.468999862670898,MNST,Monster Beverage Corporation,93.2300033569336,0.43,25.5,8.5,9.0,12.5,12.0,5.0,72.5,False,72.44452840600815,0.83,89.0,80.8073336283366,80.15058358510335,75.69700017929077,1.0234,0.0185,26.52,BUY
2026-06-15,17.68000030517578,4.468999862670898,GILD,"Gilead Sciences, Inc.",124.30000305175781,-1.03,30.0,11.5,8.5,12.5,4.5,5.0,72.0,False,38.30384841242486,0.81,129.53150062561036,133.51399981180828,135.69095147450764,128.393091506958,0.1572,0.0514,-9.41,BUY
2026-06-15,17.68000030517578,4.468999862670898,CSX,CSX Corporation,47.38999938964844,-0.38,19.0,11.5,9.0,12.5,14.0,5.0,71.0,False,61.022842549867576,1.12,46.40608425140381,44.02532170613607,41.33147242863973,38.646673650741576,0.8454,0.0128,24.54,HOLD
2026-06-15,17.68000030517578,4.468999862670898,SNDK,Sandisk Corporation,2107.860107421875,6.45,19.0,13.0,9.5,12.5,12.0,5.0,71.0,False,73.8826721777884,0.81,1658.7715087890624,1211.4619995117187,863.6155839284261,583.3564257049561,1.0732,0.0072,197.0,HOLD
2026-06-15,17.68000030517578,4.468999862670898,ADBE,Adobe Inc.,206.36000061035156,1.15,27.5,17.5,5.5,12.5,2.5,5.0,70.5,False,31.07436096434907,1.33,243.99550094604493,243.7376673380534,267.18466720581057,297.58655014038084,-0.0263,0.1084,-16.84,HOLD
2026-06-15,17.68000030517578,4.468999862670898,COST,Costco Wholesale Corporation,979.4500122070312,-0.3,28.5,7.0,9.5,12.5,8.0,5.0,70.5,False,45.34649570493427,0.73,997.6129943847657,1000.4234497070313,979.637782796224,955.4392617797852,0.3966,0.016,0.88,HOLD
2026-06-15,17.68000030517578,4.468999862670898,ARM,Arm Holdings plc,412.54998779296875,8.33,25.5,10.0,6.5,12.5,11.0,5.0,70.5,False,67.63119556070225,1.05,334.31299896240233,231.10108388264973,174.15162518819173,163.62602519989014,0.8336,0.0017,211.71,HOLD
2026-06-15,17.68000030517578,4.468999862670898,APP,Applovin Corporation,520.8599853515625,4.85,30.0,15.5,3.5,12.5,3.5,5.0,70.0,False,50.53190913014339,1.55,534.706005859375,473.934169514974,496.44458491007487,542.1440260314941,0.4298,0.0182,17.74,HOLD
2026-06-15,17.68000030517578,4.468999862670898,NFLX,"Netflix, Inc.",81.66999816894531,1.66,30.0,14.5,6.0,12.5,2.0,5.0,70.0,False,35.84233836671207,0.98,84.8074993133545,91.06616643269857,89.59266656239828,99.00668491363525,0.2617,0.0756,-11.05,HOLD
2026-06-15,17.68000030517578,4.468999862670898,MRVL,"Marvell Technology, Inc.",308.8800048828125,10.43,15.0,14.5,9.0,12.5,14.0,5.0,70.0,False,67.700434181303,0.89,240.2595001220703,171.88436419169108,127.3952081044515,109.62468349456788,0.849,0.0084,251.54,HOLD
2026-06-15,17.68000030517578,4.468999862670898,FAST,Fastenal Company,46.099998474121094,-1.01,19.0,7.0,9.0,12.5,16.5,5.0,69.0,False,55.511958730995644,0.82,45.187499809265134,45.05857524871826,44.58228139877319,44.083318367004395,0.6826,0.0171,5.91,HOLD
2026-06-15,17.68000030517578,4.468999862670898,PCAR,PACCAR Inc.,120.69000244140625,1.83,16.5,14.0,8.0,12.5,13.0,5.0,69.0,False,59.65677456071385,0.89,113.93250007629395,117.05769309997558,118.5949759165446,110.66217346191407,0.9444,0.0234,8.81,HOLD
2026-06-15,17.68000030517578,4.468999862670898,PEP,"Pepsico, Inc.",146.25,1.37,24.0,10.0,8.0,12.5,9.5,5.0,69.0,False,51.50398304352042,1.02,144.22077178955078,149.93374303181966,151.06509590148926,147.44015213012696,0.6742,0.0437,-1.5,HOLD
2026-06-15,17.68000030517578,4.468999862670898,KLAC,KLA Corporation,256.4200134277344,0.74,18.5,13.0,8.0,12.5,12.0,5.0,69.0,False,76.11171086122488,1.44,204.74970092773438,181.81234029134114,162.57932999928792,141.73871307373048,1.0523,0.0086,71.32,HOLD
2026-06-15,17.68000030517578,4.468999862670898,INTU,Intuit Inc.,281.7699890136719,1.82,25.0,17.5,8.5,12.5,0.5,5.0,69.0,False,34.71206915287465,0.58,318.77100372314453,373.6089772542318,438.5842224121094,527.1170169067383,0.257,0.0679,-37.96,HOLD
2026-06-15,17.68000030517578,4.468999862670898,FTNT,"Fortinet, Inc.",149.49000549316406,2.18,25.0,8.5,9.0,12.5,9.0,5.0,69.0,False,71.6075164995617,0.79,138.753999710083,105.37166633605958,93.10266666412353,88.89065002441406,0.8245,0.0166,83.65,HOLD
2026-06-15,17.68000030517578,4.468999862670898,ISRG,"Intuitive Surgical, Inc.",416.54998779296875,1.34,30.0,11.5,6.0,12.5,3.5,5.0,68.5,False,43.9113279614624,1.01,423.61849822998045,446.2959986368815,482.7677500406901,491.6404507446289,0.3653,0.0153,-12.85,HOLD
2026-06-15,17.68000030517578,4.468999862670898,PLTR,Palantir Technologies Inc.,134.7100067138672,5.25,30.0,14.5,5.0,12.5,1.5,5.0,68.5,False,46.72813151002235,0.97,138.78074913024903,140.97941627502442,149.19662494659423,160.30784999847413,0.3822,0.0054,-10.6,HOLD
2026-06-15,17.68000030517578,4.468999862670898,CDNS,"Cadence Design Systems, Inc.",394.5,2.48,21.5,8.5,10.0,12.5,10.5,5.0,68.0,False,59.11616268309427,0.76,381.5759979248047,336.1901667277018,319.52241668701174,325.7372999572754,0.6468,0.0138,38.96,HOLD
2026-06-15,17.68000030517578,4.468999862670898,AXON,"Axon Enterprise, Inc.",443.2099914550781,0.34,30.0,11.5,7.0,12.5,1.5,5.0,67.5,False,51.80670672491379,0.81,439.0375015258789,417.02616729736326,476.39216664632164,549.4402005004882,0.5259,0.0018,-10.69,HOLD
2026-06-15,17.68000030517578,4.468999862670898,CCEP,Coca-Cola Europacific Partners ,99.41000366210938,0.07,24.0,8.5,7.0,12.5,10.0,5.0,67.0,False,66.89829037287207,0.75,94.14200096130371,93.61593856811524,94.33486455281576,91.80466445922852,0.9686,0.0397,9.66,HOLD
2026-06-15,17.68000030517578,4.468999862670898,AMGN,Amgen Inc.,350.5299987792969,-1.31,16.0,11.5,8.0,12.5,13.0,5.0,66.0,False,58.00431856124288,1.37,339.3655044555664,340.3597579956055,345.3095235188802,326.9515994262695,0.8212,0.0393,1.55,HOLD
2026-06-15,17.68000030517578,4.468999862670898,ORLY,"O'Reilly Automotive, Inc.",90.26000213623047,-0.83,21.5,11.5,8.5,12.5,6.5,5.0,65.5,False,50.004968486537095,0.84,89.71449928283691,91.53099937438965,92.78208300272624,95.81284976959229,0.5724,0.0178,3.39,HOLD
2026-06-15,17.68000030517578,4.468999862670898,MAR,Marriott International,400.6300048828125,-0.47,14.5,11.5,8.0,12.5,14.0,5.0,65.5,False,67.9699264758623,1.0,381.10437164306643,359.57628326416017,343.1804898579915,316.2110400390625,0.8757,0.017,25.54,HOLD
2026-06-15,17.68000030517578,4.468999862670898,SNPS,"Synopsys, Inc.",454.3800048828125,0.11,18.5,11.5,6.0,12.5,11.5,5.0,65.0,False,39.05611174121759,1.08,487.92650146484374,463.930002339681,462.5332524617513,461.6788018798828,0.1602,0.0407,8.1,HOLD
2026-06-15,17.68000030517578,4.468999862670898,TMUS,"T-Mobile US, Inc.",188.86000061035156,-0.13,18.5,19.0,5.5,12.5,4.5,5.0,65.0,False,52.825448115234806,1.05,186.30883178710937,192.93672892252604,197.6150038401286,206.0702904510498,0.635,0.0545,-8.92,HOLD
2026-06-15,17.68000030517578,4.468999862670898,CTAS,Cintas Corporation,174.74000549316406,-0.87,20.0,10.0,7.5,12.5,9.5,5.0,64.5,False,49.9835544647151,0.82,174.80949859619142,173.0478754679362,183.14118461608888,186.33137275695802,0.4952,0.0216,-2.3,HOLD
2026-06-15,17.68000030517578,4.468999862670898,PANW,"Palo Alto Networks, Inc.",284.5400085449219,1.76,17.0,10.0,9.0,12.5,10.5,5.0,64.0,False,66.57712982872309,0.77,267.7834976196289,207.7399996439616,189.73258323669432,194.74860000610352,0.7449,0.0154,74.62,HOLD
2026-06-15,17.68000030517578,4.468999862670898,AEP,American Electric Power Company,129.30999755859375,0.06,16.0,10.0,8.5,12.5,11.5,5.0,63.5,False,51.10487668914965,0.67,128.28949890136718,130.52604014078776,126.30206317901612,121.12989650726318,0.6483,-0.0988,3.65,HOLD
2026-06-15,17.68000030517578,4.468999862670898,REGN,"Regeneron Pharmaceuticals, Inc.",614.97998046875,0.46,20.0,14.0,8.5,12.5,3.5,5.0,63.5,False,39.152353666309565,0.62,622.1235473632812,698.969438680013,733.4657989501953,694.9305633544922,0.372,0.0508,-15.96,HOLD
2026-06-15,17.68000030517578,4.468999862670898,SHOP,Shopify Inc.,112.48999786376953,3.93,20.5,13.0,7.5,12.5,4.5,5.0,63.0,False,51.179524659525086,0.74,110.08800010681152,114.81283353169759,126.2152498881022,138.04729995727538,0.6,0.0086,-3.67,HOLD
2026-06-15,17.68000030517578,4.468999862670898,CHTR,"Charter Communications, Inc.",143.7100067138672,-1.45,20.5,17.5,4.5,12.5,2.5,5.0,62.5,False,45.10539976158449,0.88,140.59699935913085,179.1236666361491,197.2962501525879,213.59040023803712,0.6274,0.1185,-32.53,HOLD
2026-06-15,17.68000030517578,4.468999862670898,IDXX,"IDEXX Laboratories, Inc.",570.0,1.63,24.5,7.0,7.5,12.5,6.0,5.0,62.5,False,54.32296201823655,0.9,559.4544982910156,564.029330444336,610.1128306070964,633.7806478881836,0.8231,0.0175,-1.26,HOLD
2026-06-15,17.68000030517578,4.468999862670898,WMT,Walmart Inc.,120.81999969482422,-0.18,18.0,7.0,8.5,12.5,11.5,5.0,62.5,False,46.8651827073265,0.78,120.72949905395508,124.91799964904786,123.00421098073323,115.70625785827637,0.504,0.0071,1.71,HOLD
2026-06-15,17.68000030517578,4.468999862670898,ALNY,"Alnylam Pharmaceuticals, Inc.",287.79998779296875,1.75,22.5,16.0,5.5,12.5,0.5,5.0,62.0,False,44.14319079737137,1.03,294.8655014038086,305.9585001627604,328.0727498372396,376.90904998779297,0.2208,0.0053,-7.81,HOLD
2026-06-15,17.68000030517578,4.468999862670898,MELI,"MercadoLibre, Inc.",1646.3599853515625,3.57,18.0,16.0,6.0,12.5,4.5,5.0,62.0,False,48.581344652432065,0.96,1644.1005126953125,1709.4035074869792,1842.8846720377603,1985.894305419922,0.5134,-0.0492,0.65,HOLD
2026-06-15,17.68000030517578,4.468999862670898,CTSH,Cognizant Technology Solutions ,50.81999969482422,-2.59,18.5,17.5,4.5,12.5,4.0,5.0,62.0,False,41.84123648557737,1.24,52.87799987792969,55.19111677805583,64.46807235081991,67.21384504318237,0.1904,0.0794,-17.55,HOLD
2026-06-15,17.68000030517578,4.468999862670898,PDD,PDD Holdings Inc.,83.55000305175781,2.44,20.5,16.0,5.0,12.5,2.0,5.0,61.0,False,38.04263892505499,0.62,87.90200004577636,95.79866676330566,101.32591686248779,111.20440006256104,0.3234,0.6024,-13.14,HOLD
2026-06-15,17.68000030517578,4.468999862670898,PAYX,"Paychex, Inc.",100.9000015258789,0.27,18.5,13.0,5.5,12.5,6.5,5.0,61.0,False,60.21504231860609,1.12,97.98250007629395,93.05547294616699,96.4274440129598,105.1676708984375,0.761,,10.42,HOLD
2026-06-15,17.68000030517578,4.468999862670898,ADP,"Automatic Data Processing, Inc.",223.22000122070312,-1.32,20.0,13.0,8.5,12.5,1.5,5.0,60.5,False,52.896467244753666,0.84,223.95337448120117,209.95243657430012,221.17742716471355,240.27422599792482,0.4642,0.0532,7.77,HOLD
2026-06-15,17.68000030517578,4.468999862670898,TRI,Thomson Reuters Corp,80.47000122070312,-1.15,21.5,14.0,3.5,12.5,4.0,5.0,60.5,False,42.05605103914544,0.75,84.7390064239502,87.14623158772787,96.60972423553467,116.30005970001221,0.1672,0.0477,-11.89,HOLD
2026-06-15,17.68000030517578,4.468999862670898,CEG,Constellation Energy Corporatio,262.3500061035156,3.39,30.0,5.5,7.0,12.5,0.0,5.0,60.0,False,45.10947638132981,0.88,269.029500579834,285.3979972839355,298.163298924764,319.0479261016846,0.4032,-0.0478,-6.82,HOLD
2026-06-15,17.68000030517578,4.468999862670898,KHC,The Kraft Heinz Company,23.989999771118164,-1.64,12.5,14.5,6.0,12.5,9.5,5.0,60.0,False,59.09746354501234,0.74,23.347289562225342,22.521136411031087,22.80063738822937,23.369235620498657,0.7545,0.1129,13.24,HOLD
2026-06-15,17.68000030517578,4.468999862670898,VRSK,"Verisk Analytics, Inc.",180.4600067138672,-1.82,17.5,11.5,5.5,12.5,7.5,5.0,59.5,False,53.765755610271675,1.2,177.02700271606446,177.9308344523112,192.0980525970459,208.81026809692383,0.6679,0.0399,-10.55,WEAK
2026-06-15,17.68000030517578,4.468999862670898,HON,Honeywell International Inc.,227.41000366210938,3.22,11.0,11.5,6.5,12.5,13.0,5.0,59.5,False,55.457186485715376,1.51,223.2239990234375,221.58136494954428,222.4615165710449,211.08702278137207,0.6159,0.0204,3.23,WEAK
2026-06-15,17.68000030517578,4.468999862670898,XEL,Xcel Energy Inc.,79.3499984741211,0.16,14.0,10.0,7.5,12.5,9.5,5.0,58.5,False,51.62418400036938,1.07,78.92100028991699,79.53683331807454,78.4809388478597,77.73066917419433,0.5826,-0.1508,3.36,WEAK
2026-06-15,17.68000030517578,4.468999862670898,ZS,"Zscaler, Inc.",130.4199981689453,0.69,19.5,15.5,5.0,12.5,0.5,5.0,58.0,False,43.40476092082339,0.47,146.23449897766113,141.49633280436197,164.79712498982747,213.85572509765626,0.3206,0.0526,-13.9,WEAK
2026-06-15,17.68000030517578,4.468999862670898,INTC,Intel Corporation,127.86000061035156,2.64,3.5,17.0,7.0,12.5,12.5,5.0,57.5,False,64.25507468732171,0.99,114.63349914550781,88.53083311716715,66.76833330790201,54.0186499786377,0.9533,-0.0129,191.45,WEAK
2026-06-15,17.68000030517578,4.468999862670898,KDP,Keurig Dr Pepper Inc.,31.770000457763672,0.19,7.0,12.5,7.5,12.5,12.0,5.0,56.5,False,70.22681108782976,1.25,30.24650020599365,28.281906827290854,28.132505575815838,27.61631050109863,0.885,-0.3781,20.54,WEAK
2026-06-15,17.68000030517578,4.468999862670898,GEHC,GE HealthCare Technologies Inc.,64.76000213623047,-0.64,14.0,11.5,8.5,12.5,4.5,5.0,56.0,False,51.826468477051236,0.71,63.66250057220459,66.75050322214763,73.5840942700704,74.76006860733033,0.7148,0.0504,-6.98,WEAK
2026-06-15,17.68000030517578,4.468999862670898,TTWO,"Take-Two Interactive Software, ",216.22999572753906,2.12,10.5,11.5,10.0,12.5,6.5,5.0,56.0,False,46.766723198980884,0.56,221.7515007019043,214.19366683959962,219.4383337656657,230.93944992065428,0.3624,0.0361,7.78,WEAK
2026-06-15,17.68000030517578,4.468999862670898,INSM,Insmed Incorporated,97.45999908447266,-0.4,15.0,14.0,5.5,12.5,3.5,5.0,55.5,False,38.056640783500264,1.0,102.93350067138672,127.85749956766765,142.54091676076254,154.21664981842042,0.2583,-0.0287,-28.34,WEAK
2026-06-15,17.68000030517578,4.468999862670898,DASH,"DoorDash, Inc.",168.08999633789062,11.63,19.0,7.0,6.0,12.5,6.0,5.0,55.5,False,56.88606943121533,1.32,157.53699951171876,161.80641657511393,178.15270805358887,203.53569984436035,1.0898,0.0313,7.31,WEAK
2026-06-15,17.68000030517578,4.468999862670898,TSLA,"Tesla, Inc.",411.1499938964844,1.16,15.5,7.0,5.5,12.5,9.5,5.0,55.0,False,50.55671587699162,0.92,415.18899993896486,394.7695007324219,409.4604169209798,416.0021502685547,0.4378,0.0034,11.74,WEAK
2026-06-15,17.68000030517578,4.468999862670898,CPRT,"Copart, Inc.",30.299999237060547,-1.46,20.5,7.0,6.0,12.5,4.0,5.0,55.0,False,33.9659901738049,1.1,32.0414999961853,32.8133334795634,35.60225017865499,38.66880003929138,0.1649,0.0343,-7.79,WEAK
2026-06-15,17.68000030517578,4.468999862670898,FANG,"Diamondback Energy, Inc.",189.9600067138672,-1.13,11.0,4.0,6.5,12.5,15.5,5.0,54.5,False,43.682391665758445,1.36,198.1620002746582,195.50287958780925,178.81926434834799,164.6771588897705,0.1598,0.0261,-0.8,WEAK
2026-06-15,17.68000030517578,4.468999862670898,PYPL,"PayPal Holdings, Inc.",42.4900016784668,2.31,15.0,16.0,4.0,12.5,2.0,5.0,54.5,False,42.76338969062368,1.5,43.077836418151854,45.67205893198649,47.71832507451375,54.93752498626709,0.3949,0.1089,-3.14,WEAK
2026-06-15,17.68000030517578,4.468999862670898,CRWD,"CrowdStrike Holdings, Inc.",692.9099731445312,1.48,12.5,5.5,8.0,12.5,10.5,5.0,54.0,False,60.20705614583924,0.67,681.197998046875,523.4168324788411,478.898499806722,485.5655505371094,0.5627,0.0109,69.42,WEAK
2026-06-15,17.68000030517578,4.468999862670898,ODFL,"Old Dominion Freight Line, Inc.",237.4199981689453,-3.39,6.0,7.0,7.5,12.5,15.5,5.0,53.5,False,58.23394900685239,0.99,228.0010871887207,211.30968322753907,196.94820607503254,174.9131018447876,0.6491,0.0175,29.25,WEAK
2026-06-15,17.68000030517578,4.468999862670898,EXC,Exelon Corporation,46.18000030517578,-0.06,7.0,8.5,9.0,12.5,11.0,5.0,53.0,False,57.29058513741102,0.84,45.11142463684082,46.058571434021,45.66430419286092,45.06841676712036,0.877,-0.0594,0.38,WEAK
2026-06-15,17.68000030517578,4.468999862670898,FER,Ferrovial N.V.,68.51000213623047,0.84,8.5,4.0,7.5,12.5,14.5,5.0,52.0,False,54.927169597900956,0.93,67.15950012207031,67.33758913675943,67.49339561462402,64.79511951446533,0.749,0.0066,12.23,WEAK
2026-06-15,17.68000030517578,4.468999862670898,CMCSA,Comcast Corporation,23.969999313354492,-2.16,17.0,5.5,7.0,12.5,3.5,5.0,50.5,False,38.5333753027878,0.71,24.49449977874756,26.61464916865031,27.99338394800822,27.615097608566284,0.2954,0.0469,-16.44,WEAK
2026-06-15,17.68000030517578,4.468999862670898,WBD,"Warner Bros. Discovery, Inc. - ",26.829999923706055,-0.56,8.5,5.5,7.0,12.5,10.0,5.0,48.5,False,48.041547956673845,1.32,26.926500034332275,27.128999964396158,27.66641666094462,24.934950041770936,0.4239,0.2745,-2.15,SELL
2026-06-15,17.68000030517578,4.468999862670898,MSTR,Strategy Inc,131.13999938964844,5.78,14.0,11.5,3.5,12.5,0.5,5.0,47.0,False,42.45441086032354,0.99,142.18599967956544,150.79716682434082,148.46900011698406,195.15310028076172,0.3542,-0.1878,-3.33,SELL
2026-06-16,16.40999984741211,4.427999973297119,NVDA,NVIDIA Corporation,207.41000366210938,-2.37,30.0,20.5,9.5,12.5,13.5,5.0,91.0,False,47.486052498292885,0.72,213.0921714782715,202.2845822652181,193.64636777242023,189.3301979827881,0.2913,0.0092,18.23,STRONG_BUY
2026-06-16,16.40999984741211,4.427999973297119,AVGO,Broadcom Inc.,376.7099914550781,-4.37,30.0,20.5,8.0,12.5,13.5,5.0,89.5,False,41.03573198299907,0.9,414.96600341796875,392.985834757487,362.78175938924153,358.0971220397949,0.1997,0.0152,16.81,STRONG_BUY
2026-06-16,16.40999984741211,4.427999973297119,GOOGL,Alphabet Inc.,373.25,1.06,30.0,18.5,10.0,12.5,12.5,5.0,88.5,False,52.62457105995703,0.74,373.71825408935547,352.3571965535482,334.73474578857423,309.1874215698242,0.4904,0.0061,23.64,STRONG_BUY
2026-06-16,16.40999984741211,4.427999973297119,MU,"Micron Technology, Inc.",1020.760009765625,-6.18,29.0,20.5,9.0,12.5,12.5,5.0,88.5,False,60.48153233142022,0.8,928.254995727539,648.5405746459961,516.3594060262044,390.9217064666748,0.6985,0.0025,152.55,STRONG_BUY
2026-06-16,16.40999984741211,4.427999973297119,ADI,"Analog Devices, Inc.",416.0,-2.71,29.5,19.0,9.0,12.5,12.5,5.0,87.5,False,52.99127058790752,0.82,411.08479461669924,382.9835678100586,347.885572052002,307.15193489074704,0.591,0.0191,33.62,STRONG_BUY
2026-06-16,16.40999984741211,4.427999973297119,GOOG,Alphabet Inc.,371.1000061035156,1.09,30.0,18.5,7.5,12.5,12.5,5.0,86.0,False,53.06540494249375,0.69,370.6660415649414,349.80767923990885,333.55176951090493,308.7261853027344,0.5094,0.0062,24.18,STRONG_BUY
2026-06-16,16.40999984741211,4.427999973297119,ROST,"Ross Stores, Inc.",234.49000549316406,-0.96,30.0,10.0,10.0,12.5,18.5,5.0,86.0,False,56.69966302787206,0.56,229.3277847290039,223.5395304361979,209.23731028238933,189.50963539123535,0.6729,0.0272,10.26,STRONG_BUY
2026-06-16,16.40999984741211,4.427999973297119,EA,Electronic Arts Inc.,203.02000427246094,-0.05,26.5,15.5,10.0,12.5,14.5,5.0,84.0,False,58.288142603816254,0.49,202.211922454834,202.12708435058593,201.94371325174967,198.60880210876465,0.7172,0.0436,1.04,STRONG_BUY
2026-06-16,16.40999984741211,4.427999973297119,NXPI,NXP Semiconductors N.V.,302.8900146484375,-4.11,28.0,17.5,8.0,12.5,12.5,5.0,83.5,False,51.49496059141226,1.06,310.95850067138673,263.01345876057945,243.2926720937093,231.8607373046875,0.351,0.0357,57.43,STRONG_BUY
2026-06-16,16.40999984741211,4.427999973297119,MPWR,"Monolithic Power Systems, Inc.",1498.77001953125,-9.29,30.0,13.0,7.5,12.5,15.5,5.0,83.5,False,46.44611984288671,1.36,1576.4010131835937,1462.0364939371746,1269.3991841634115,1136.0409170532228,0.2039,0.0067,39.52,STRONG_BUY
2026-06-16,16.40999984741211,4.427999973297119,LRCX,Lam Research Corporation,369.3399963378906,-5.03,29.0,14.5,8.0,12.5,14.0,5.0,83.0,False,64.5632802430188,1.12,327.33899841308596,280.3154983520508,249.6229216257731,207.0118867111206,0.8736,0.0094,58.3,STRONG_BUY
2026-06-16,16.40999984741211,4.427999973297119,TXN,Texas Instruments Incorporated,305.7099914550781,-2.44,28.0,17.0,8.0,12.5,12.5,5.0,83.0,False,55.76312881629372,0.92,302.8955017089844,262.75246251424153,231.12776565551758,207.40977867126466,0.5632,0.0038,62.89,STRONG_BUY
2026-06-16,16.40999984741211,4.427999973297119,STX,Seagate Technology Holdings PLC,1031.3399658203125,1.23,27.5,19.0,6.5,12.5,12.0,5.0,82.5,False,71.65196339974496,1.62,876.7304931640625,682.1239379882812,525.8238393147786,412.1544534301758,1.0093,0.0069,155.71,BUY
2026-06-16,16.40999984741211,4.427999973297119,WDC,Western Digital Corporation,681.0800170898438,4.22,29.0,19.0,5.0,12.5,12.0,5.0,82.5,False,73.47495746065833,2.23,537.7181121826172,434.09242451985676,342.20568834940593,259.4764387130737,1.127,0.0088,131.1,BUY
2026-06-16,16.40999984741211,4.427999973297119,AMD,"Advanced Micro Devices, Inc.",507.2900085449219,-7.3,26.5,17.0,8.0,12.5,12.5,5.0,81.5,False,56.92860567771283,0.84,492.4465026855469,367.28833465576173,290.98675066630045,257.52575035095214,0.6072,0.0087,150.29,BUY
2026-06-16,16.40999984741211,4.427999973297119,CSCO,"Cisco Systems, Inc.",119.56999969482422,-0.5,27.0,14.5,10.0,12.5,12.5,5.0,81.5,False,56.47637252781966,0.63,120.94249992370605,99.52535832722982,88.55959701538086,81.63319217681885,0.4103,0.0197,52.52,BUY
2026-06-16,16.40999984741211,4.427999973297119,DXCM,"DexCom, Inc.",73.16000366210938,-1.43,30.0,14.0,9.5,12.5,10.0,5.0,81.0,False,55.86254616824809,0.47,73.24300003051758,65.92633323669433,67.94849993387858,67.54640005111695,0.4913,0.0374,10.95,BUY
2026-06-16,16.40999984741211,4.427999973297119,AAPL,Apple Inc.,299.239990234375,0.95,25.5,16.0,9.5,12.5,12.5,5.0,81.0,False,52.160660241729445,0.74,303.7605010986328,281.256697845459,271.74172223409016,267.1259870910645,0.3544,0.023,19.1,BUY
2026-06-16,16.40999984741211,4.427999973297119,BKR,Baker Hughes Company,61.52000045776367,-1.5,27.0,10.0,9.0,12.5,17.0,5.0,80.5,False,41.70126938431944,0.81,64.25650005340576,63.8572608311971,59.80023959477742,54.705751953125,0.0504,0.0516,-1.29,BUY
2026-06-16,16.40999984741211,4.427999973297119,AMZN,"Amazon.com, Inc.",246.0,-0.01,26.5,14.5,9.5,12.5,11.5,5.0,79.5,False,43.20280828345742,0.84,255.40100173950196,248.10766728719076,235.53616689046223,232.6659001159668,0.3023,0.0037,17.06,BUY
2026-06-16,16.40999984741211,4.427999973297119,VRTX,Vertex Pharmaceuticals Incorpor,453.1700134277344,0.6,28.0,11.5,9.0,12.5,13.0,5.0,79.0,False,58.66943251481288,0.88,439.99549713134763,438.66483306884766,453.2036656697591,439.03989913940427,0.9245,0.0242,0.43,BUY
2026-06-16,16.40999984741211,4.427999973297119,QCOM,QUALCOMM Incorporated,214.07000732421875,-3.05,23.0,19.0,8.5,12.5,10.5,5.0,78.5,False,51.26471652273142,0.88,222.9575424194336,177.20633799235026,163.30621045430502,164.67679138183593,0.3822,0.0425,67.4,BUY
2026-06-16,16.40999984741211,4.427999973297119,META,"Meta Platforms, Inc.",600.2100219726562,1.13,30.0,20.5,9.0,12.5,1.5,5.0,78.5,False,48.986659812032194,0.62,602.1182586669922,613.4157470703125,631.9797831217448,655.3206262207032,0.4774,0.0168,-0.55,BUY
2026-06-16,16.40999984741211,4.427999973297119,SBUX,Starbucks Corporation,101.68000030517578,0.09,19.0,14.0,9.0,12.5,18.5,5.0,78.0,False,54.3747053781411,0.8,100.02350006103515,98.92809524536133,96.0688902537028,90.83876178741455,0.6083,-0.0113,9.0,BUY
2026-06-16,16.40999984741211,4.427999973297119,AMAT,"Applied Materials, Inc.",568.22998046875,-3.0,26.0,14.5,8.0,12.5,12.0,5.0,78.0,False,70.33193780289294,1.25,483.05574188232424,421.5618469238281,374.0901776631673,312.7230076599121,0.909,0.0067,57.26,BUY
2026-06-16,16.40999984741211,4.427999973297119,DDOG,"Datadog, Inc.",231.11000061035156,-0.85,26.0,15.5,8.5,12.5,10.5,5.0,78.0,False,57.75768374210349,0.65,233.77249984741212,171.49233360290526,148.35995852152507,150.55070037841796,0.4603,0.0114,78.84,BUY
2026-06-16,16.40999984741211,4.427999973297119,MSFT,Microsoft Corporation,393.8299865722656,-1.48,28.0,18.5,9.0,12.5,4.5,5.0,77.5,False,40.272731292924036,0.85,417.06639099121094,404.9182306925456,417.22926177978513,450.7910626220703,0.1927,0.0127,3.05,BUY
2026-06-16,16.40999984741211,4.427999973297119,BKNG,Booking Holdings Inc. Common St,175.72000122070312,0.62,29.5,16.0,7.5,12.5,6.0,5.0,76.5,False,62.406013794496296,0.94,164.83001327514648,169.24884160359701,178.75757064819337,190.31566925048827,1.0122,0.052,0.16,BUY
2026-06-16,16.40999984741211,4.427999973297119,MCHP,Microchip Technology Incorporat,95.62999725341797,-4.68,19.5,17.5,7.5,12.5,14.0,5.0,76.0,False,53.634234648199,1.01,93.95634841918945,85.21262092590332,78.36665296554565,71.50348449707032,0.6283,0.022,49.38,BUY
2026-06-16,16.40999984741211,4.427999973297119,MDLZ,"Mondelez International, Inc.",62.150001525878906,1.06,23.0,12.5,8.0,12.5,15.0,5.0,76.0,False,53.071159169800815,1.19,61.930500221252444,59.87456258138021,58.47468185424805,58.27907451629639,0.5631,0.0357,10.25,BUY
2026-06-16,16.40999984741211,4.427999973297119,LIN,Linde plc,518.1699829101562,-0.63,16.0,13.0,10.0,12.5,18.5,5.0,75.0,False,57.51968054099824,1.02,508.5658889770508,501.8185012817383,482.0501564025879,464.15730743408204,0.7849,0.0196,8.74,BUY
2026-06-16,16.40999984741211,4.427999973297119,COST,Costco Wholesale Corporation,986.6799926757812,0.74,28.5,7.0,10.0,12.5,11.5,5.0,74.5,False,48.1271071414847,0.58,993.1234954833984,1000.6860961914062,980.7966959635417,955.6678005981445,0.4596,0.0159,2.32,BUY
2026-06-16,16.40999984741211,4.427999973297119,ASML,ASML Holding N.V. - New York Re,1803.8900146484375,-4.69,22.0,13.0,6.5,12.5,15.5,5.0,74.5,False,59.212347703974615,0.94,1693.1494995117187,1520.1159016927083,1430.060196940104,1252.7284704589845,0.735,0.0119,32.0,BUY
2026-06-16,16.40999984741211,4.427999973297119,ROP,"Roper Technologies, Inc.",337.3299865722656,1.47,30.0,15.5,7.0,12.5,4.5,5.0,74.5,False,52.91616168739404,0.82,330.11799774169924,343.2181991577148,360.69354654947915,406.3840901184082,0.7622,0.0637,-4.33,BUY
2026-06-16,16.40999984741211,4.427999973297119,GILD,"Gilead Sciences, Inc.",127.2300033569336,2.36,30.0,11.5,7.5,12.5,8.0,5.0,74.5,False,46.7274811910956,1.07,128.64667358398438,132.50438245137533,134.84990310668945,127.64648265838623,0.4056,0.0502,-6.75,BUY
2026-06-16,16.40999984741211,4.427999973297119,LITE,Lumentum Holdings Inc.,875.3599853515625,-8.55,20.5,17.5,6.0,12.5,12.5,5.0,74.0,False,47.75938670048672,1.04,904.6660064697265,878.1881673177083,695.2645840962728,505.1811254119873,0.3495,0.0014,20.09,BUY
2026-06-16,16.40999984741211,4.427999973297119,ABNB,"Airbnb, Inc.",141.1999969482422,1.61,21.0,14.0,8.0,12.5,13.0,5.0,73.5,False,61.83729207177938,0.94,133.85800018310547,134.52666676839192,132.71962496439616,129.03182495117187,1.1428,0.0381,6.49,BUY
2026-06-16,16.40999984741211,4.427999973297119,ARM,Arm Holdings plc,396.3399963378906,-3.93,25.5,10.0,6.5,12.5,14.0,5.0,73.5,False,63.91918448496877,0.92,343.3739990234375,235.50091705322265,176.51037515004475,164.8949751663208,0.75,0.0018,189.53,BUY
2026-06-16,16.40999984741211,4.427999973297119,ADSK,"Autodesk, Inc.",201.3800048828125,1.4,30.0,17.5,6.0,12.5,2.5,5.0,73.5,False,31.148266871380144,1.0,228.4430015563965,234.92266693115235,246.282000096639,271.00610008239744,0.0709,0.072,-18.61,BUY
2026-06-16,16.40999984741211,4.427999973297119,FTNT,"Fortinet, Inc.",147.02000427246094,-1.65,25.0,8.5,9.0,12.5,12.5,5.0,72.5,False,67.63111897442587,0.79,139.77999992370604,106.4653330485026,93.6466667175293,89.22930004119873,0.7281,0.0168,77.62,BUY
2026-06-16,16.40999984741211,4.427999973297119,MNST,Monster Beverage Corporation,92.94999694824219,-0.3,25.5,8.5,9.0,12.5,12.0,5.0,72.5,False,70.89209104859975,0.86,89.22049980163574,81.12833353678386,80.27800019582112,75.85165016174317,0.9238,0.0185,25.68,BUY
2026-06-16,16.40999984741211,4.427999973297119,NFLX,"Netflix, Inc.",78.72000122070312,-3.61,30.0,14.5,4.5,12.5,6.0,5.0,72.5,False,29.168115902907033,1.78,84.2609992980957,90.84783312479655,89.47174987792968,98.78455993652344,0.0867,0.0784,-15.7,BUY
2026-06-16,16.40999984741211,4.427999973297119,SNDK,Sandisk Corporation,1991.550048828125,-5.52,19.0,13.0,8.5,12.5,14.0,5.0,72.0,False,66.59529434909814,0.87,1691.6985107421874,1232.82599995931,878.2030843098959,593.0598259544372,0.8873,0.0077,183.5,BUY
2026-06-16,16.40999984741211,4.427999973297119,CSX,CSX Corporation,46.900001525878906,-1.03,19.0,11.5,10.0,12.5,14.0,5.0,72.0,False,56.51243680466882,0.81,46.44814395904541,44.17276598612467,41.419732856750485,38.720148153305054,0.6579,0.013,20.81,BUY
2026-06-16,16.40999984741211,4.427999973297119,APP,Applovin Corporation,515.2000122070312,-1.09,30.0,15.5,5.0,12.5,3.5,5.0,71.5,False,49.372702244877864,1.36,535.8470062255859,475.1476694742839,494.62458521525065,542.3012760925293,0.3937,0.0184,12.26,HOLD
2026-06-16,16.40999984741211,4.427999973297119,KLAC,KLA Corporation,237.3300018310547,-7.44,18.5,13.0,8.0,12.5,14.0,5.0,71.0,False,63.717522167251644,1.17,207.83395080566407,183.27324091593425,163.50507469177245,142.48025890350343,0.8149,0.0093,57.22,HOLD
2026-06-16,16.40999984741211,4.427999973297119,WDAY,"Workday, Inc.",126.7699966430664,-2.18,30.0,17.5,3.5,12.5,2.5,5.0,71.0,False,43.21160954752024,1.02,135.75099906921386,128.15616671244302,148.09258302052817,180.7478996658325,0.2821,0.0996,-7.51,HOLD
2026-06-16,16.40999984741211,4.427999973297119,ADBE,Adobe Inc.,207.32000732421875,0.47,27.5,17.5,5.5,12.5,2.5,5.0,70.5,False,31.797034736103612,0.96,241.57950134277343,243.05716756184896,265.93291727701825,296.85335021972656,0.059,0.1119,-16.28,HOLD
2026-06-16,16.40999984741211,4.427999973297119,MRVL,"Marvell Technology, Inc.",278.6700134277344,-9.78,15.0,14.5,8.0,12.5,15.5,5.0,70.5,False,59.29266237835893,1.0,245.74650115966796,175.0644307454427,129.01165294647217,110.63260953903199,0.6757,0.0093,209.24,HOLD
2026-06-16,16.40999984741211,4.427999973297119,AXON,"Axon Enterprise, Inc.",435.3900146484375,-1.76,30.0,11.5,7.0,12.5,4.5,5.0,70.5,False,49.31901764924285,0.63,440.83850250244143,416.0115010579427,475.0188334147135,547.7076504516601,0.4652,0.0018,-14.17,HOLD
2026-06-16,16.40999984741211,4.427999973297119,ISRG,"Intuitive Surgical, Inc.",417.07000732421875,0.12,30.0,11.5,7.0,12.5,3.5,5.0,69.5,False,44.24492325204128,0.74,422.4759979248047,445.2809987386068,481.4114166259766,491.35660079956057,0.3928,0.0153,-12.75,HOLD
2026-06-16,16.40999984741211,4.427999973297119,FAST,Fastenal Company,46.04999923706055,-0.11,19.0,7.0,9.0,12.5,16.5,5.0,69.0,False,55.10206639039423,0.73,45.28999977111816,45.10060761769613,44.62186288833618,44.066654930114744,0.6544,0.0171,4.15,HOLD
2026-06-16,16.40999984741211,4.427999973297119,PEP,"Pepsico, Inc.",146.1199951171875,-0.09,24.0,10.0,8.0,12.5,9.5,5.0,69.0,False,51.145821955996084,0.94,144.1513687133789,149.8944455464681,151.0808427174886,147.46384048461914,0.673,0.0438,-2.14,HOLD
2026-06-16,16.40999984741211,4.427999973297119,PCAR,PACCAR Inc.,121.04000091552734,0.29,16.5,14.0,8.0,12.5,13.0,5.0,69.0,False,60.19171854521396,0.87,114.40050010681152,117.22643508911133,118.66890405019124,110.77478404998779,0.9072,0.0233,6.21,HOLD
2026-06-16,16.40999984741211,4.427999973297119,PLTR,Palantir Technologies Inc.,133.25,-1.08,30.0,14.5,6.0,12.5,0.0,5.0,68.0,False,45.42900002095753,0.75,138.6862491607666,140.68891639709472,148.69054164886475,160.18350002288818,0.3437,0.0055,-17.15,HOLD
2026-06-16,16.40999984741211,4.427999973297119,CDNS,"Cadence Design Systems, Inc.",387.8500061035156,-1.69,21.5,8.5,10.0,12.5,10.5,5.0,68.0,False,55.74791187603495,0.66,383.6689987182617,337.9226669311523,320.1080833435059,325.90509994506834,0.5513,0.014,32.59,HOLD
2026-06-16,16.40999984741211,4.427999973297119,INTU,Intuit Inc.,280.989990234375,-0.28,25.0,17.5,7.0,12.5,0.5,5.0,67.5,False,34.53140440101858,0.64,312.6625030517578,370.72286834716795,435.3267028808594,525.203447265625,0.2623,0.0681,-38.33,HOLD
2026-06-16,16.40999984741211,4.427999973297119,AMGN,Amgen Inc.,347.8399963378906,-0.77,16.0,11.5,8.0,12.5,14.5,5.0,67.5,False,55.50332883767574,1.18,340.5380035400391,340.4038701375326,345.48616587320964,327.2931745910644,0.7246,0.0396,0.2,HOLD
2026-06-16,16.40999984741211,4.427999973297119,CCEP,Coca-Cola Europacific Partners ,99.23999786376953,-0.17,24.0,8.5,7.0,12.5,10.0,5.0,67.0,False,66.10600188496826,0.76,94.48350067138672,93.75907770792644,94.40849539438884,91.86826553344727,0.8967,0.0398,8.33,HOLD
2026-06-16,16.40999984741211,4.427999973297119,SNPS,"Synopsys, Inc.",448.3800048828125,-1.32,18.5,11.5,7.0,12.5,11.5,5.0,66.0,False,37.164783172586496,0.8,485.4240020751953,464.39766896565754,462.2594192504883,460.8598519897461,0.1446,0.0412,3.68,HOLD
2026-06-16,16.40999984741211,4.427999973297119,MAR,Marriott International,399.1000061035156,-0.38,14.5,11.5,8.0,12.5,14.0,5.0,65.5,False,66.33768064512552,1.25,383.13575134277346,360.9091150919596,343.90192260742185,316.86372619628906,0.821,0.0171,22.47,HOLD
2026-06-16,16.40999984741211,4.427999973297119,ORLY,"O'Reilly Automotive, Inc.",90.68000030517578,0.47,21.5,11.5,8.5,12.5,6.5,5.0,65.5,False,51.57616590086799,0.61,89.66149940490723,91.58733266194662,92.7731663386027,95.74629978179932,0.6385,0.0177,2.23,HOLD
2026-06-16,16.40999984741211,4.427999973297119,PANW,"Palo Alto Networks, Inc.",279.8999938964844,-1.63,17.0,10.0,10.0,12.5,10.5,5.0,65.0,False,63.39997279397315,0.53,269.40099716186523,209.6891662597656,190.485999806722,195.19299995422364,0.658,0.0157,70.62,HOLD
2026-06-16,16.40999984741211,4.427999973297119,SHOP,Shopify Inc.,113.2300033569336,0.66,20.5,13.0,9.0,12.5,4.5,5.0,64.5,False,51.989188055034816,0.57,110.63000030517578,114.75366694132487,125.74491659800212,137.9057500076294,0.6129,0.0086,-6.5,HOLD
2026-06-16,16.40999984741211,4.427999973297119,ALNY,"Alnylam Pharmaceuticals, Inc.",281.8999938964844,-2.05,22.5,16.0,5.5,12.5,2.5,5.0,64.0,False,40.72057852251141,1.13,294.6470016479492,305.45399983723956,327.02416636149087,376.05690002441406,0.0246,0.0054,-8.07,HOLD
2026-06-16,16.40999984741211,4.427999973297119,HON,Honeywell International Inc.,229.49000549316406,0.91,11.0,11.5,9.0,12.5,14.5,5.0,63.5,False,57.00572759395867,0.76,223.83699951171874,221.7347094217936,222.75788243611655,211.20832664489745,0.6567,0.0202,3.47,HOLD
2026-06-16,16.40999984741211,4.427999973297119,CTAS,Cintas Corporation,176.7100067138672,1.13,20.0,10.0,6.5,12.5,9.5,5.0,63.5,False,52.88613484636367,1.04,174.91949920654298,173.01214752197265,183.0218510945638,186.18101280212403,0.6225,0.0213,-2.22,HOLD
2026-06-16,16.40999984741211,4.427999973297119,CHTR,"Charter Communications, Inc.",141.77999877929688,-1.34,20.5,17.5,4.5,12.5,3.5,5.0,63.5,False,43.33134638185723,0.75,140.62549896240233,177.9365000406901,196.7609167734782,212.98115020751953,0.5472,0.1201,-34.55,HOLD
2026-06-16,16.40999984741211,4.427999973297119,REGN,"Regeneron Pharmaceuticals, Inc.",614.72998046875,-0.04,20.0,14.0,8.5,12.5,3.5,5.0,63.5,False,39.07664893090611,0.88,621.4230010986328,697.0186543782552,732.1113591512044,695.1175817871094,0.3801,0.0508,-16.41,HOLD
2026-06-16,16.40999984741211,4.427999973297119,TMUS,"T-Mobile US, Inc.",184.36000061035156,-2.38,18.5,17.5,5.5,12.5,4.5,5.0,63.5,False,45.7546893941252,1.05,186.0457748413086,192.55364583333332,197.53657150268555,205.76246101379394,0.4099,0.0559,-11.21,HOLD
2026-06-16,16.40999984741211,4.427999973297119,IDXX,"IDEXX Laboratories, Inc.",573.0,0.53,24.5,7.0,8.5,12.5,6.0,5.0,63.5,False,55.60459493636582,0.77,560.8149993896484,563.9583302815755,609.0368306477865,633.4104977416993,0.8795,0.0174,-0.95,HOLD
2026-06-16,16.40999984741211,4.427999973297119,AEP,American Electric Power Company,129.75,0.34,16.0,10.0,7.5,12.5,11.5,5.0,62.5,False,52.36523685970848,1.08,128.3929988861084,130.60930709838868,126.44247233072916,121.23243598937988,0.6945,-0.0985,2.17,HOLD
2026-06-16,16.40999984741211,4.427999973297119,WMT,Walmart Inc.,121.02999877929688,0.17,18.0,7.0,8.5,12.5,11.5,5.0,62.5,False,47.473163452831294,0.8,120.11399917602539,124.9552781422933,123.07816638946534,115.8337292098999,0.5475,0.0071,0.45,HOLD
2026-06-16,16.40999984741211,4.427999973297119,PDD,PDD Holdings Inc.,81.58999633789062,-2.35,20.5,16.0,6.5,12.5,2.0,5.0,62.5,False,34.967738982167845,0.59,87.23299980163574,95.55533332824707,101.07325013478597,111.00125003814698,0.268,0.6169,-15.23,HOLD
2026-06-16,16.40999984741211,4.427999973297119,CEG,Constellation Energy Corporatio,268.0,2.15,30.0,5.5,6.0,12.5,2.5,5.0,61.5,False,48.27027064804017,0.91,269.32950057983396,285.17212142944334,297.4234920501709,318.796615524292,0.4806,-0.0468,-7.37,HOLD
2026-06-16,16.40999984741211,4.427999973297119,MELI,"MercadoLibre, Inc.",1674.0799560546875,1.68,18.0,14.0,7.0,12.5,4.5,5.0,61.0,False,51.77684548798978,0.81,1648.5090087890626,1710.0421732584634,1840.2215881347656,1981.9032550048828,0.6591,-0.0484,0.48,HOLD
2026-06-16,16.40999984741211,4.427999973297119,CTSH,Cognizant Technology Solutions ,51.04999923706055,0.45,18.5,17.5,4.5,12.5,2.0,5.0,60.0,False,42.8889055330327,1.09,52.86049976348877,55.01469357808431,64.19194755554199,67.1163521194458,0.2306,0.0791,-17.0,HOLD
2026-06-16,16.40999984741211,4.427999973297119,VRSK,"Verisk Analytics, Inc.",179.61000061035156,-0.47,19.0,11.5,4.0,12.5,7.5,5.0,59.5,False,53.156518117490585,1.5,176.997802734375,177.0951281229655,191.24894116719562,207.82376762390138,0.631,0.0401,-9.88,WEAK
2026-06-16,16.40999984741211,4.427999973297119,ADP,"Automatic Data Processing, Inc.",222.0,-0.55,20.0,13.0,7.5,12.5,1.5,5.0,59.5,False,51.34639460764955,1.01,223.9903091430664,210.2004597981771,220.89682935078937,239.90483840942383,0.4025,0.0535,6.66,WEAK
2026-06-16,16.40999984741211,4.427999973297119,PAYX,"Paychex, Inc.",100.27999877929688,-0.61,18.5,13.0,5.5,12.5,5.0,5.0,59.5,False,58.27052014465868,1.12,98.27200012207031,93.20389404296876,96.32766170501709,104.99781455993653,0.6851,,8.63,WEAK
2026-06-16,16.40999984741211,4.427999973297119,XEL,Xcel Energy Inc.,78.9800033569336,-0.47,14.0,10.0,8.5,12.5,9.5,5.0,59.5,False,52.32554591584367,0.81,78.4331672668457,78.99777056376139,77.95490144093831,77.1958044052124,0.6055,-0.1515,3.41,WEAK
2026-06-16,16.40999984741211,4.427999973297119,INTC,Intel Corporation,117.05000305175781,-8.45,3.5,17.0,7.0,12.5,14.0,5.0,59.0,False,54.81557857526089,1.02,115.07749938964844,89.75049985249838,67.44066667556763,54.479249992370605,0.569,-0.0141,165.96,WEAK
2026-06-16,16.40999984741211,4.427999973297119,KHC,The Kraft Heinz Company,23.799999237060547,-0.79,12.5,14.5,5.0,12.5,9.5,5.0,59.0,False,56.54828597762285,0.96,23.39057273864746,22.56470273335775,22.804566399256387,23.35872428894043,0.6621,0.1138,14.24,WEAK
2026-06-16,16.40999984741211,4.427999973297119,PYPL,"PayPal Holdings, Inc.",43.650001525878906,2.73,15.0,16.0,5.5,12.5,4.5,5.0,58.5,False,50.25122300257127,1.26,43.04837818145752,45.6684689839681,47.58638143539429,54.80848247528076,0.6091,0.1061,-3.73,WEAK
2026-06-16,16.40999984741211,4.427999973297119,ZS,"Zscaler, Inc.",127.2300033569336,-2.45,19.5,15.5,5.0,12.5,0.5,5.0,58.0,False,41.670464893530536,0.52,143.8614990234375,141.09233283996582,163.9236249923706,213.08977504730225,0.3054,0.0539,-16.19,WEAK
2026-06-16,16.40999984741211,4.427999973297119,TRI,Thomson Reuters Corp,81.1500015258789,0.85,21.5,14.0,2.5,12.5,2.0,5.0,57.5,False,43.407903273370636,0.93,84.33025016784669,86.97658576965333,96.21084868113199,115.84496673583985,0.2445,0.0473,-8.81,WEAK
2026-06-16,16.40999984741211,4.427999973297119,TSLA,"Tesla, Inc.",404.6600036621094,-1.58,15.5,7.0,6.5,12.5,9.5,5.0,56.0,False,48.220428597573715,0.84,414.92250061035156,395.38116760253905,408.7598335266113,416.2955502319336,0.3432,0.0035,6.25,WEAK
2026-06-16,16.40999984741211,4.427999973297119,KDP,Keurig Dr Pepper Inc.,32.0,0.72,6.5,12.5,7.5,12.5,12.0,5.0,56.0,False,71.78374421541763,0.95,30.375000190734863,28.375953515370686,28.167814795176188,27.633620672225952,0.8895,-0.3754,21.59,WEAK
2026-06-16,16.40999984741211,4.427999973297119,INSM,Insmed Incorporated,95.5199966430664,-1.99,15.0,14.0,5.5,12.5,3.5,5.0,55.5,False,36.383454567638154,0.91,102.3520004272461,127.18283284505209,141.87225011189778,154.01939979553222,0.2056,-0.0293,-33.66,WEAK
2026-06-16,16.40999984741211,4.427999973297119,FANG,"Diamondback Energy, Inc.",188.1199951171875,-0.97,11.0,4.0,7.5,12.5,15.5,5.0,55.5,False,42.176025426482255,0.87,197.2870002746582,195.4467658996582,179.16384239196776,164.88544105529786,0.1278,0.0264,-1.37,WEAK
2026-06-16,16.40999984741211,4.427999973297119,DASH,"DoorDash, Inc.",170.02999877929688,1.15,19.0,7.0,6.0,12.5,6.0,5.0,55.5,False,58.11748315944108,0.9,157.90499954223634,162.0295832316081,177.6122080485026,203.14919982910158,1.0867,0.031,6.28,WEAK
2026-06-16,16.40999984741211,4.427999973297119,CRWD,"CrowdStrike Holdings, Inc.",679.489990234375,-1.94,12.5,5.5,9.5,12.5,10.5,5.0,55.5,False,57.25156631178879,0.58,684.2309967041016,527.9249989827474,480.5347496032715,486.75300048828126,0.4733,0.0111,64.4,WEAK
2026-06-16,16.40999984741211,4.427999973297119,ODFL,"Old Dominion Freight Line, Inc.",231.6199951171875,-2.44,8.0,7.0,7.5,12.5,14.0,5.0,54.0,False,53.553586119243676,1.0,229.38850784301758,212.1085637410482,197.55440216064454,175.32756175994874,0.5378,0.0179,23.56,WEAK
2026-06-16,16.40999984741211,4.427999973297119,EXC,Exelon Corporation,46.59000015258789,0.89,7.0,8.5,8.0,12.5,13.0,5.0,54.0,False,60.089720326269116,0.9,45.26290740966797,46.06828263600667,45.69607117970784,45.08830602645874,0.9859,-0.0589,-0.3,WEAK
2026-06-16,16.40999984741211,4.427999973297119,CPRT,"Copart, Inc.",30.739999771118164,1.45,20.5,7.0,6.0,12.5,2.0,5.0,53.0,False,39.020528609524845,0.95,31.90650005340576,32.77800013224284,35.530416838328044,38.57875003814697,0.2733,0.0351,-7.94,WEAK
2026-06-16,16.40999984741211,4.427999973297119,GEHC,GE HealthCare Technologies Inc.,63.22999954223633,-2.36,14.0,11.5,7.5,12.5,2.5,5.0,53.0,False,45.80033582595157,0.99,63.74850063323974,66.64406763712564,73.41212870279948,74.7081106185913,0.3901,0.0516,-11.71,WEAK
2026-06-16,16.40999984741211,4.427999973297119,TTWO,"Take-Two Interactive Software, ",229.97000122070312,6.35,10.5,8.5,8.0,12.5,8.0,5.0,52.5,False,60.88943858038992,1.2,221.142000579834,214.68266677856445,219.2832504272461,230.9147999572754,0.7438,0.0339,14.5,WEAK
2026-06-16,16.40999984741211,4.427999973297119,FER,Ferrovial N.V.,69.58999633789062,1.58,8.5,4.0,7.5,12.5,13.0,5.0,50.5,False,58.59328632838882,0.97,67.27949981689453,67.48005676269531,67.53780886332194,64.87298578262329,0.8954,0.0064,11.47,WEAK
2026-06-16,16.40999984741211,4.427999973297119,CMCSA,Comcast Corporation,23.65999984741211,-1.29,17.0,5.5,6.0,12.5,3.5,5.0,49.5,False,35.800934994505354,0.91,24.430999755859375,26.530875237782798,27.967272408803304,27.581311645507814,0.2071,0.0475,-17.49,SELL
2026-06-16,16.40999984741211,4.427999973297119,WBD,"Warner Bros. Discovery, Inc. - ",26.600000381469727,-0.86,8.5,5.5,7.0,12.5,11.0,5.0,49.5,False,44.06440008602913,1.04,26.901500034332276,27.115333302815756,27.64849999745687,25.0076500415802,0.266,0.2769,-2.92,SELL
2026-06-16,16.40999984741211,4.427999973297119,MSTR,Strategy Inc,122.80999755859375,-6.35,14.0,11.5,3.5,12.5,0.5,5.0,47.0,False,38.44154834749125,0.96,139.9949993133545,150.5830000559489,148.1230833689372,194.07295028686522,0.2677,-0.2005,-11.14,SELL
2026-06-17,18.440000534057617,4.463000297546387,GOOGL,Alphabet Inc.,363.7900085449219,-2.53,30.0,18.5,10.0,12.5,15.5,5.0,91.5,False,46.17531112128581,0.76,372.5363250732422,353.3890350341797,335.15015207926433,309.9448501586914,0.3161,0.0063,25.33,STRONG_BUY
2026-06-17,18.440000534057617,4.463000297546387,NVDA,NVIDIA Corporation,204.64999389648438,-1.33,30.0,20.5,9.5,12.5,13.5,5.0,91.0,False,45.44382216748318,0.69,212.30701217651367,202.77148996988933,193.7769551595052,189.48370658874512,0.2198,0.0093,16.95,STRONG_BUY
2026-06-17,18.440000534057617,4.463000297546387,GOOG,Alphabet Inc.,362.1000061035156,-2.43,30.0,18.5,7.5,12.5,15.5,5.0,89.0,False,46.83748467140953,0.69,369.5376174926758,350.8620101928711,333.9420384724935,309.4720767211914,0.3336,0.0063,25.28,STRONG_BUY
2026-06-17,18.440000534057617,4.463000297546387,MU,"Micron Technology, Inc.",1043.18994140625,2.2,29.0,20.5,9.0,12.5,12.5,5.0,88.5,False,61.73722007335181,0.82,945.4774932861328,659.1907368977865,522.7523020426432,395.5434685134888,0.7309,0.0025,163.86,STRONG_BUY
2026-06-17,18.440000534057617,4.463000297546387,ADI,"Analog Devices, Inc.",414.45001220703125,-0.37,29.5,19.0,9.0,12.5,12.5,5.0,87.5,False,52.377028378712815,0.63,411.14838256835935,384.70211435953775,349.0467165629069,307.98427879333497,0.561,0.0192,29.13,STRONG_BUY
2026-06-17,18.440000534057617,4.463000297546387,AVGO,Broadcom Inc.,392.8999938964844,4.3,30.0,20.5,8.0,12.5,10.5,5.0,86.5,False,46.15016896855239,0.94,414.05750274658203,394.159001159668,363.1510195414225,358.58315078735353,0.3359,0.0146,23.44,STRONG_BUY
2026-06-17,18.440000534057617,4.463000297546387,STX,Seagate Technology Holdings PLC,1066.0699462890625,3.37,27.5,19.0,9.0,12.5,12.0,5.0,85.0,False,73.80268514587289,1.24,893.3664916992187,693.1698298136394,532.3613484700521,416.6540654754639,1.0451,0.0067,151.3,STRONG_BUY
2026-06-17,18.440000534057617,4.463000297546387,ROST,"Ross Stores, Inc.",233.25,-0.53,30.0,10.0,9.0,12.5,18.5,5.0,85.0,False,55.148109710202185,0.63,230.37709350585936,223.88247985839843,209.6821075439453,189.94670196533204,0.6135,0.0274,8.3,STRONG_BUY
2026-06-17,18.440000534057617,4.463000297546387,NXPI,NXP Semiconductors N.V.,298.20001220703125,-1.55,28.0,17.5,9.0,12.5,12.5,5.0,84.5,False,49.497544552307716,0.63,311.1545013427734,264.77693328857424,243.90422821044922,232.19408157348633,0.2567,0.0362,52.62,STRONG_BUY
2026-06-17,18.440000534057617,4.463000297546387,AAPL,Apple Inc.,295.95001220703125,-1.1,26.0,16.0,9.5,12.5,15.5,5.0,84.5,False,48.92330330981066,0.84,303.60950164794923,282.00155614217124,271.94251352945963,267.44831031799316,0.2573,0.0233,17.72,STRONG_BUY
2026-06-17,18.440000534057617,4.463000297546387,TXN,Texas Instruments Incorporated,301.8800048828125,-1.25,28.0,17.0,9.0,12.5,12.5,5.0,84.0,False,53.6952349827425,0.85,302.87400207519534,264.6558558146159,232.18474731445312,207.92728187561036,0.4777,0.0039,55.89,STRONG_BUY
2026-06-17,18.440000534057617,4.463000297546387,CSCO,"Cisco Systems, Inc.",117.33000183105469,-1.87,28.5,14.5,10.0,12.5,12.5,5.0,83.0,False,52.6978067522233,0.69,121.0400001525879,100.17427164713541,88.89412644704183,81.88013393402099,0.2493,0.0201,45.89,STRONG_BUY
2026-06-17,18.440000534057617,4.463000297546387,EA,Electronic Arts Inc.,203.02000427246094,0.0,26.5,15.5,9.0,12.5,14.5,5.0,83.0,False,58.28814114486677,1.2,202.2874496459961,202.1617510477702,201.93651212056477,198.76657829284667,0.6966,0.0436,0.79,STRONG_BUY
2026-06-17,18.440000534057617,4.463000297546387,LRCX,Lam Research Corporation,374.17999267578125,1.31,29.0,14.5,8.0,12.5,14.0,5.0,83.0,False,65.58793340210495,1.03,332.3789978027344,282.66333160400393,251.2831682840983,208.38444232940674,0.888,0.0093,56.67,STRONG_BUY
2026-06-17,18.440000534057617,4.463000297546387,MPWR,"Monolithic Power Systems, Inc.",1448.2099609375,-3.37,30.0,13.0,7.0,12.5,15.5,5.0,83.0,False,43.798748214589075,1.41,1575.4060119628907,1468.269955444336,1273.6336227416991,1139.125874633789,0.0282,0.0069,31.73,STRONG_BUY
2026-06-17,18.440000534057617,4.463000297546387,WDC,Western Digital Corporation,712.1300048828125,4.56,29.0,19.0,5.0,12.5,12.0,5.0,82.5,False,75.7456297250484,1.74,550.5405532836915,441.0493718465169,346.65578587849933,262.63647468566893,1.1131,0.0085,136.61,BUY
2026-06-17,18.440000534057617,4.463000297546387,AMD,"Advanced Micro Devices, Inc.",512.47998046875,1.02,26.5,17.0,8.0,12.5,12.5,5.0,81.5,False,57.68264942128337,0.83,497.3680023193359,372.45166778564453,293.466583887736,259.2750002288818,0.628,0.0086,149.54,BUY
2026-06-17,18.440000534057617,4.463000297546387,AMZN,"Amazon.com, Inc.",237.5,-3.46,28.5,14.5,8.5,12.5,11.5,5.0,80.5,False,36.891414529334234,1.01,254.30900192260742,248.56366729736328,235.58083356221516,232.7084001159668,0.1636,0.0038,14.6,BUY
2026-06-17,18.440000534057617,4.463000297546387,QCOM,QUALCOMM Incorporated,212.97000122070312,-0.51,23.0,19.0,10.0,12.5,10.5,5.0,80.0,False,50.853420615865595,0.52,223.86153335571288,178.62454312642416,163.63932558695475,164.95458068847657,0.3475,0.0427,66.13,BUY
2026-06-17,18.440000534057617,4.463000297546387,DDOG,"Datadog, Inc.",226.6300048828125,-1.94,26.5,15.5,10.0,12.5,10.5,5.0,80.0,False,54.77918356715381,0.53,234.34650039672852,173.11566708882648,149.07162526448568,151.00045043945312,0.3814,0.0116,84.9,BUY
2026-06-17,18.440000534057617,4.463000297546387,META,"Meta Platforms, Inc.",567.5800170898438,-5.44,30.0,20.5,8.0,12.5,2.5,5.0,78.5,False,39.43898086348122,1.09,600.3946594238281,612.817069498698,631.1783157348633,654.4770932006836,0.1355,0.0177,-4.19,BUY
2026-06-17,18.440000534057617,4.463000297546387,BKR,Baker Hughes Company,60.06999969482422,-2.36,27.0,11.5,9.0,12.5,13.0,5.0,78.0,False,37.98540729990532,0.83,63.98649997711182,63.81973425547282,59.92690518697103,54.78177459716797,-0.0576,0.0529,-5.07,BUY
2026-06-17,18.440000534057617,4.463000297546387,DXCM,"DexCom, Inc.",71.2300033569336,-2.64,30.0,14.0,8.0,12.5,8.5,5.0,78.0,False,50.39405834796637,0.63,73.45700035095214,66.01449991861979,67.98491662343343,67.52585008621216,0.2144,0.0384,6.95,BUY
2026-06-17,18.440000534057617,4.463000297546387,BKNG,Booking Holdings Inc. Common St,171.6300048828125,-2.33,30.0,16.0,8.5,12.5,6.0,5.0,78.0,False,56.33245834183515,0.69,165.7038902282715,169.18549880981445,178.38339360555014,190.0633989715576,0.8031,0.0532,0.25,BUY
2026-06-17,18.440000534057617,4.463000297546387,VRTX,Vertex Pharmaceuticals Incorpor,458.989990234375,1.28,28.0,11.5,8.0,12.5,13.0,5.0,78.0,False,61.85771372052446,1.06,441.22949676513673,438.7939997355143,453.2018323262533,439.3797491455078,1.0097,0.0239,2.31,BUY
2026-06-17,18.440000534057617,4.463000297546387,AMAT,"Applied Materials, Inc.",592.9199829101562,4.35,26.0,14.5,8.0,12.5,12.0,5.0,78.0,False,73.40359025190041,1.24,492.38150177001955,425.42150014241537,376.86798528035484,314.887373046875,0.9631,0.0065,58.74,BUY
2026-06-17,18.440000534057617,4.463000297546387,MCHP,Microchip Technology Incorporat,94.11000061035156,-1.59,19.5,17.5,8.5,12.5,14.0,5.0,77.0,False,51.54696585445465,0.81,94.09427337646484,85.71414286295573,78.61221084594726,71.65542428970338,0.5012,0.0223,44.11,BUY
2026-06-17,18.440000534057617,4.463000297546387,SBUX,Starbucks Corporation,99.81999969482422,-1.83,19.5,14.0,9.0,12.5,16.5,5.0,76.5,False,48.91700198796283,0.81,99.69550018310547,99.03704109191895,96.21041412353516,90.905414352417,0.5088,-0.0115,9.16,BUY
2026-06-17,18.440000534057617,4.463000297546387,MDLZ,"Mondelez International, Inc.",60.86000061035156,-2.08,23.0,12.5,8.0,12.5,15.0,5.0,76.0,False,46.213210632831725,1.11,61.90900020599365,59.949363708496094,58.53855304718017,58.2839990234375,0.2058,0.0364,7.36,BUY
2026-06-17,18.440000534057617,4.463000297546387,ADSK,"Autodesk, Inc.",193.07000732421875,-4.13,30.0,17.5,6.0,12.5,4.5,5.0,75.5,False,27.67103588477171,0.95,225.88850173950195,234.0165003458659,245.41108360290528,270.3979500579834,0.0219,0.0751,-19.35,BUY
2026-06-17,18.440000534057617,4.463000297546387,LIN,Linde plc,515.8499755859375,-0.45,16.0,13.0,10.0,12.5,18.5,5.0,75.0,False,55.56732414683742,0.84,509.1346496582031,502.47361653645834,482.8293947855631,464.37687133789063,0.697,0.0197,7.84,BUY
2026-06-17,18.440000534057617,4.463000297546387,LITE,Lumentum Holdings Inc.,869.97998046875,-0.61,20.5,17.5,7.0,12.5,12.5,5.0,75.0,False,47.34881989138514,0.83,903.6605041503906,880.538666788737,699.2860005696615,508.86697532653807,0.3289,0.0014,8.48,BUY
2026-06-17,18.440000534057617,4.463000297546387,ARM,Arm Holdings plc,418.8800048828125,5.69,25.5,10.0,7.5,12.5,14.0,5.0,74.5,False,66.65943995171894,0.87,353.1604995727539,240.20075047810872,179.067541885376,166.2978252029419,0.8468,0.0017,210.37,BUY
2026-06-17,18.440000534057617,4.463000297546387,GILD,"Gilead Sciences, Inc.",125.44999694824219,-1.4,30.0,11.5,8.5,12.5,7.0,5.0,74.5,False,43.385641506414224,0.88,128.43677673339843,132.3211612701416,134.86473350524903,127.72322341918945,0.3039,0.0509,-8.57,BUY
2026-06-17,18.440000534057617,4.463000297546387,MNST,Monster Beverage Corporation,91.66000366210938,-1.39,25.5,8.5,9.0,12.5,14.0,5.0,74.5,False,64.07922050703719,0.72,89.48600006103516,81.4233336130778,80.39458357493082,75.99790018081666,0.7522,0.0188,25.56,BUY
2026-06-17,18.440000534057617,4.463000297546387,ABNB,"Airbnb, Inc.",140.5399932861328,-0.47,21.0,14.0,9.0,12.5,13.0,5.0,74.5,False,60.38741716042658,0.86,134.32699966430664,134.6591667175293,132.7533748626709,129.08187492370607,0.994,0.0383,8.11,BUY
2026-06-17,18.440000534057617,4.463000297546387,NFLX,"Netflix, Inc.",76.95999908447266,-2.24,30.0,14.5,6.0,12.5,6.0,5.0,74.0,False,26.05130736166801,1.39,83.6424991607666,90.57416648864746,89.33391653696695,98.56523494720459,0.0233,0.0802,-15.35,BUY
2026-06-17,18.440000534057617,4.463000297546387,WDAY,"Workday, Inc.",121.83000183105469,-3.9,30.0,17.5,4.5,12.5,4.5,5.0,74.0,False,39.29262331707415,0.72,135.37549934387206,127.90233345031739,147.31249968210855,180.2029496383667,0.183,0.1037,-5.77,BUY
2026-06-17,18.440000534057617,4.463000297546387,APP,Applovin Corporation,479.489990234375,-6.93,30.0,15.5,5.0,12.5,5.5,5.0,73.5,False,42.714845257574964,1.08,535.9765060424804,475.49000244140626,492.5499183654785,542.3057760620118,0.2081,0.0197,10.0,BUY
2026-06-17,18.440000534057617,4.463000297546387,ROP,"Roper Technologies, Inc.",329.9700012207031,-2.18,30.0,15.5,6.0,12.5,4.5,5.0,73.5,False,46.113821028988426,1.27,330.1709976196289,342.84134572347006,359.7159538269043,405.4187910461426,0.4927,0.0652,-4.37,BUY
2026-06-17,18.440000534057617,4.463000297546387,CSX,CSX Corporation,45.56999969482422,-2.84,19.0,11.5,8.0,12.5,17.0,5.0,73.0,False,46.47190989495603,1.05,46.42968521118164,44.28524939219157,41.49649588267008,38.78707184791565,0.2071,0.0133,17.6,BUY
2026-06-17,18.440000534057617,4.463000297546387,ASML,ASML Holding N.V. - New York Re,1867.8299560546875,3.54,22.0,13.0,6.5,12.5,14.0,5.0,73.0,False,62.68189954314177,1.19,1713.5690002441406,1528.469150797526,1436.8076924641928,1258.374038696289,0.8496,0.0115,33.76,BUY
2026-06-17,18.440000534057617,4.463000297546387,CCEP,Coca-Cola Europacific Partners ,97.12000274658203,-2.14,25.5,8.5,7.0,12.5,14.5,5.0,73.0,False,57.034808941548576,0.85,94.74650077819824,93.85088793436687,94.4628105799357,91.9211205291748,0.6987,0.0406,6.4,BUY
2026-06-17,18.440000534057617,4.463000297546387,COST,Costco Wholesale Corporation,965.5900268554688,-2.14,28.5,7.0,9.5,12.5,10.5,5.0,73.0,False,41.49513283611154,0.74,986.6869995117188,1000.707085164388,981.7400548299154,955.7990548706055,0.3367,0.0162,-0.7,BUY
2026-06-17,18.440000534057617,4.463000297546387,MSFT,Microsoft Corporation,378.9100036621094,-3.79,28.0,18.5,6.5,12.5,2.5,5.0,73.0,False,34.66208712016609,1.1,415.18599700927734,404.86385955810545,416.3477490743001,450.16810653686525,0.0627,0.0131,1.88,BUY
2026-06-17,18.440000534057617,4.463000297546387,KLAC,KLA Corporation,238.72999572753906,0.59,18.5,14.5,8.0,12.5,14.0,5.0,72.5,False,64.17822234114115,1.11,211.0675506591797,184.73623504638672,164.43991781870525,143.2397582244873,0.8011,0.0093,52.62,BUY
2026-06-17,18.440000534057617,4.463000297546387,ADBE,Adobe Inc.,196.27999877929688,-5.33,27.5,17.5,5.5,12.5,4.5,5.0,72.5,False,28.142712199154403,1.38,238.64400100708008,242.20116755167643,264.6317504882812,296.0512501525879,0.0097,0.1182,-17.83,BUY
2026-06-17,18.440000534057617,4.463000297546387,SNDK,Sandisk Corporation,1958.800048828125,-1.64,19.0,13.0,8.5,12.5,14.0,5.0,72.0,False,64.66131453063034,0.82,1720.4740112304687,1253.7645009358723,892.4855847676595,602.5914761924744,0.8169,0.0078,178.84,BUY
2026-06-17,18.440000534057617,4.463000297546387,ISRG,"Intuitive Surgical, Inc.",402.17999267578125,-3.57,30.0,11.5,6.0,12.5,5.5,5.0,70.5,False,37.38790009905975,0.93,420.5059982299805,444.0166651407878,479.9517496744792,491.0010008239746,0.1347,0.0158,-14.78,HOLD
2026-06-17,18.440000534057617,4.463000297546387,AXON,"Axon Enterprise, Inc.",423.010009765625,-2.84,30.0,11.5,7.0,12.5,4.5,5.0,70.5,False,45.58694136580184,0.8,442.37200317382815,414.6070012410482,473.61875,546.0862506103516,0.3718,0.0018,-7.36,HOLD
2026-06-17,18.440000534057617,4.463000297546387,FTNT,"Fortinet, Inc.",144.13999938964844,-1.96,25.0,8.5,7.0,12.5,12.5,5.0,70.5,False,63.2226807924344,1.19,140.60499992370606,107.4881664276123,94.17566668192545,89.55615005493163,0.6186,0.0172,81.67,HOLD
2026-06-17,18.440000534057617,4.463000297546387,MRVL,"Marvell Technology, Inc.",289.5400085449219,3.9,15.0,14.5,9.0,12.5,14.0,5.0,70.0,False,61.16167959080122,0.82,251.410001373291,178.38818270365397,130.69471035003662,111.76655040740967,0.7128,0.009,213.65,HOLD
2026-06-17,18.440000534057617,4.463000297546387,INTU,Intuit Inc.,269.0799865722656,-4.24,25.0,17.5,7.0,12.5,2.5,5.0,69.5,False,31.809044041491376,0.6,306.13100280761716,367.61400146484374,431.9788057963053,523.2362895202637,0.1653,0.0711,-37.59,HOLD
2026-06-17,18.440000534057617,4.463000297546387,AMGN,Amgen Inc.,341.6600036621094,-1.78,17.5,11.5,8.0,12.5,14.5,5.0,69.0,False,50.15313259858654,1.2,341.08350372314453,340.31239522298176,345.61048685709636,327.593572845459,0.5185,0.0403,-1.2,HOLD
2026-06-17,18.440000534057617,4.463000297546387,PLTR,Palantir Technologies Inc.,130.6300048828125,-1.97,30.0,14.5,6.0,12.5,0.5,5.0,68.5,False,43.11262044781429,0.8,138.45474967956542,140.1854165395101,148.16137498219808,160.05310001373292,0.2789,0.0056,-15.6,HOLD
2026-06-17,18.440000534057617,4.463000297546387,PCAR,PACCAR Inc.,117.33999633789062,-3.06,17.0,14.0,5.5,12.5,14.5,5.0,68.5,False,52.297026436309416,1.56,114.79850006103516,117.28266830444336,118.72103048960368,110.87231990814209,0.661,0.024,1.64,HOLD
2026-06-17,18.440000534057617,4.463000297546387,MAR,Marriott International,394.6099853515625,-1.13,16.5,11.5,7.0,12.5,15.5,5.0,68.0,False,61.65816019834071,1.06,384.9670806884766,362.05466918945314,344.58328221639,317.50583709716796,0.7159,0.0173,21.92,HOLD
2026-06-17,18.440000534057617,4.463000297546387,CDNS,"Cadence Design Systems, Inc.",389.6000061035156,0.45,21.5,8.5,10.0,12.5,10.5,5.0,68.0,False,56.451108542069164,0.82,386.2429992675781,339.5406672159831,320.713666788737,326.100950012207,0.5484,0.014,37.03,HOLD
2026-06-17,18.440000534057617,4.463000297546387,SNPS,"Synopsys, Inc.",461.739990234375,2.98,18.5,11.5,8.5,12.5,9.5,5.0,65.5,False,43.702235826987156,0.85,483.8175018310547,464.8853352864583,462.1450024922689,460.15095184326174,0.2917,0.04,11.1,HOLD
2026-06-17,18.440000534057617,4.463000297546387,PANW,"Palo Alto Networks, Inc.",282.1300048828125,0.8,17.0,10.0,10.0,12.5,10.5,5.0,65.0,False,64.28218062728234,0.56,271.50099716186526,211.65716629028321,191.26941655476887,195.6510499572754,0.6734,0.0156,79.46,HOLD
2026-06-17,18.440000534057617,4.463000297546387,PEP,"Pepsico, Inc.",141.58999633789062,-3.1,24.0,10.0,7.5,12.5,5.5,5.0,64.5,False,40.5612599581304,1.14,143.7906478881836,149.76579360961915,151.08638381958008,147.45684692382812,0.2944,0.0452,-4.99,HOLD
2026-06-17,18.440000534057617,4.463000297546387,CHTR,"Charter Communications, Inc.",132.0,-6.9,20.5,17.5,3.5,12.5,5.5,5.0,64.5,False,35.67434580962386,1.25,140.10049896240236,176.5263333638509,196.15025011698404,212.3132502746582,0.1831,0.129,-39.34,HOLD
2026-06-17,18.440000534057617,4.463000297546387,IDXX,"IDEXX Laboratories, Inc.",546.0900268554688,-4.7,24.5,7.0,7.5,12.5,7.5,5.0,64.0,False,43.74713091677356,1.0,560.7950012207032,563.4179972330729,607.9016642252604,632.9054977416993,0.0442,0.0183,-4.23,HOLD
2026-06-17,18.440000534057617,4.463000297546387,ALNY,"Alnylam Pharmaceuticals, Inc.",282.7200012207031,0.29,22.5,16.0,5.5,12.5,2.5,5.0,64.0,False,41.4006232996957,1.18,294.06800231933596,305.05499979654945,326.0576662699381,375.23794998168944,0.1068,0.0054,-8.22,HOLD
2026-06-17,18.440000534057617,4.463000297546387,ORLY,"O'Reilly Automotive, Inc.",88.4000015258789,-2.51,21.5,11.5,7.5,12.5,5.5,5.0,63.5,False,43.57095176120747,1.14,89.48549957275391,91.58233273824057,92.74258302052816,95.66989978790284,0.3474,0.0182,0.47,HOLD
2026-06-17,18.440000534057617,4.463000297546387,HON,Honeywell International Inc.,228.61000061035156,-0.38,11.0,11.5,9.0,12.5,14.5,5.0,63.5,False,56.116845160438956,0.84,224.4099998474121,221.84835815429688,223.05070775349935,211.33380531311036,0.6175,0.0203,3.74,HOLD
2026-06-17,18.440000534057617,4.463000297546387,PAYX,"Paychex, Inc.",97.58000183105469,-2.69,19.0,13.0,5.5,12.5,8.0,5.0,63.0,False,50.60631908657487,1.18,98.42700004577637,93.29168294270833,96.21173076629638,104.81087673187255,0.4176,,9.08,HOLD
2026-06-17,18.440000534057617,4.463000297546387,AEP,American Electric Power Company,128.27000427246094,-1.14,16.0,10.0,7.5,12.5,11.5,5.0,62.5,False,47.893316363045415,1.24,128.3604991912842,130.6305123647054,126.56619764963786,121.3312889099121,0.487,-0.0996,0.31,HOLD
2026-06-17,18.440000534057617,4.463000297546387,CEG,Constellation Energy Corporatio,267.1700134277344,-0.31,30.0,5.5,7.0,12.5,2.5,5.0,62.5,False,47.83450992700421,0.78,269.654500579834,284.8031130472819,296.64752031962075,318.5987718963623,0.4636,-0.0469,-9.25,HOLD
2026-06-17,18.440000534057617,4.463000297546387,PDD,PDD Holdings Inc.,79.86000061035156,-2.12,20.5,16.0,6.5,12.5,2.0,5.0,62.5,False,32.47284086206554,0.45,86.35900001525879,95.28216667175293,100.80491682688395,110.79945003509522,0.2199,0.6303,-18.58,HOLD
2026-06-17,18.440000534057617,4.463000297546387,FAST,Fastenal Company,44.880001068115234,-2.54,19.0,7.0,9.0,12.5,10.0,5.0,62.5,False,46.45744867967845,0.85,45.355499839782716,45.111700948079424,44.65194158554077,44.04670021057129,0.3982,0.0175,0.51,HOLD
2026-06-17,18.440000534057617,4.463000297546387,REGN,"Regeneron Pharmaceuticals, Inc.",607.9299926757812,-1.11,20.0,14.0,7.5,12.5,3.5,5.0,62.5,False,36.98199168222381,1.01,620.3515014648438,694.8936279296875,730.6519668579101,695.2651712036132,0.2803,0.0514,-17.91,HOLD
2026-06-17,18.440000534057617,4.463000297546387,KHC,The Kraft Heinz Company,23.200000762939453,-2.52,12.5,14.5,5.0,12.5,12.5,5.0,62.0,False,49.314206438299536,0.92,23.407293701171874,22.60416227976481,22.807117970784507,23.34174235343933,0.4166,0.1168,10.79,HOLD
2026-06-17,18.440000534057617,4.463000297546387,CTSH,Cognizant Technology Solutions ,48.81999969482422,-4.37,18.5,17.5,4.5,12.5,4.0,5.0,62.0,False,36.09896083371935,1.1,52.75749969482422,54.803255271911624,63.8974863688151,67.00510204315185,-0.0289,0.0827,-18.39,HOLD
2026-06-17,18.440000534057617,4.463000297546387,WMT,Walmart Inc.,118.12999725341797,-2.4,19.5,7.0,8.5,12.5,8.5,5.0,61.0,False,40.56955496977757,0.8,119.31049919128418,124.91594378153484,123.14206619262696,115.94237670898437,0.4161,0.0073,-3.03,HOLD
2026-06-17,18.440000534057617,4.463000297546387,ADP,"Automatic Data Processing, Inc.",218.75999450683594,-1.46,20.0,13.0,6.0,12.5,4.5,5.0,61.0,False,47.37582931527106,1.08,223.9893020629883,210.3776107788086,220.61162503560385,239.51949325561523,0.2438,0.0543,7.58,HOLD
2026-06-17,18.440000534057617,4.463000297546387,TMUS,"T-Mobile US, Inc.",181.30999755859375,-1.65,18.5,17.5,4.0,12.5,3.5,5.0,61.0,False,41.68231932188266,1.21,185.4924644470215,192.11492233276368,197.41696815490724,205.42800575256348,0.2697,0.0568,-13.71,HOLD
2026-06-17,18.440000534057617,4.463000297546387,MELI,"MercadoLibre, Inc.",1631.8199462890625,-2.52,18.0,14.0,7.0,12.5,4.5,5.0,61.0,False,46.98303693962062,0.88,1650.3570068359375,1709.471173095703,1837.1945048014322,1977.6978051757812,0.3793,-0.0496,1.23,HOLD
2026-06-17,18.440000534057617,4.463000297546387,INTC,Intel Corporation,121.0999984741211,3.46,3.5,17.0,8.0,12.5,14.0,5.0,60.0,False,57.343921132306704,0.87,115.59249916076661,91.03533318837484,68.14691667556762,54.962999982833864,0.6913,-0.0136,174.85,HOLD
2026-06-17,18.440000534057617,4.463000297546387,SHOP,Shopify Inc.,108.08999633789062,-4.54,20.5,13.0,6.5,12.5,2.5,5.0,60.0,False,46.25144437728253,0.99,110.98400001525879,114.53683357238769,125.23291657765706,137.73979999542237,0.3644,0.009,-6.94,HOLD
2026-06-17,18.440000534057617,4.463000297546387,KDP,Keurig Dr Pepper Inc.,30.889999389648438,-3.47,7.0,12.5,7.5,12.5,15.5,5.0,60.0,False,56.443305746882324,1.21,30.477000141143797,28.452161026000976,28.19665946960449,27.64635521888733,0.6049,-0.3889,18.9,HOLD
2026-06-17,18.440000534057617,4.463000297546387,CTAS,Cintas Corporation,169.63999938964844,-4.0,20.0,10.0,6.5,12.5,6.0,5.0,60.0,False,43.19739964446642,1.12,174.79149932861327,172.827503712972,182.8546287536621,185.98681602478027,0.1608,0.0222,-4.51,HOLD
2026-06-17,18.440000534057617,4.463000297546387,TRI,Thomson Reuters Corp,79.25,-2.34,21.5,14.0,2.5,12.5,4.0,5.0,59.5,False,40.56046871055657,1.17,83.95800018310547,86.81420669555663,95.79573733011881,115.3835131072998,0.1385,0.0485,-7.23,WEAK
2026-06-17,18.440000534057617,4.463000297546387,XEL,Xcel Energy Inc.,77.45999908447266,-1.92,14.0,10.0,7.5,12.5,9.5,5.0,58.5,False,45.443415858980494,1.02,78.34950790405273,79.01587079366048,77.99741350809732,77.23198066711426,0.3293,-0.1545,0.11,WEAK
2026-06-17,18.440000534057617,4.463000297546387,ZS,"Zscaler, Inc.",124.37999725341797,-2.24,19.5,15.5,5.0,12.5,0.5,5.0,58.0,False,40.127799867814666,0.42,141.3179988861084,140.6353327433268,163.04912490844725,212.3264250946045,0.2928,0.0551,-10.78,WEAK
2026-06-17,18.440000534057617,4.463000297546387,PYPL,"PayPal Holdings, Inc.",42.08000183105469,-3.6,15.0,16.0,5.5,12.5,3.5,5.0,57.5,False,42.20375046760689,1.02,42.96807861328125,45.61412665049235,47.445081043243405,54.670945739746095,0.3399,0.11,-4.5,WEAK
2026-06-17,18.440000534057617,4.463000297546387,VRSK,"Verisk Analytics, Inc.",175.35000610351562,-2.37,19.0,11.5,4.0,12.5,4.5,5.0,56.5,False,46.96268562300192,1.59,177.25302200317384,176.69585596720378,190.89922752380372,207.3719882965088,0.3998,0.0411,-9.71,WEAK
2026-06-17,18.440000534057617,4.463000297546387,GEHC,GE HealthCare Technologies Inc.,61.150001525878906,-3.29,16.0,11.5,6.0,12.5,5.5,5.0,56.5,False,39.137806646240335,1.06,63.727000617980956,66.46964836120605,73.22799186706543,74.64570301055909,-0.0264,0.0533,-13.78,WEAK
2026-06-17,18.440000534057617,4.463000297546387,ODFL,"Old Dominion Freight Line, Inc.",218.36000061035156,-5.72,8.0,7.0,7.5,12.5,16.5,5.0,56.5,False,44.70695025785599,1.29,230.09644927978516,212.6235242207845,198.05575002034504,175.6694122314453,0.2871,0.019,18.16,WEAK
2026-06-17,18.440000534057617,4.463000297546387,DASH,"DoorDash, Inc.",165.66000366210938,-2.57,19.0,7.0,6.0,12.5,6.0,5.0,55.5,False,54.35163959839309,1.07,158.45550003051758,162.12425003051757,177.05354143778484,202.7512498474121,0.8346,0.0318,7.06,WEAK
2026-06-17,18.440000534057617,4.463000297546387,INSM,Insmed Incorporated,98.44999694824219,3.07,15.0,14.0,5.5,12.5,3.5,5.0,55.5,False,40.629044295689816,0.92,101.90400009155273,126.4239995320638,141.21958338419597,153.83114974975587,0.3495,-0.0284,-29.24,WEAK
2026-06-17,18.440000534057617,4.463000297546387,CRWD,"CrowdStrike Holdings, Inc.",682.9600219726562,0.51,12.5,5.5,9.5,12.5,10.5,5.0,55.5,False,57.82803009515851,0.59,687.5349975585938,532.4191660563151,482.23574981689455,488.0493005371094,0.4724,0.0111,73.79,WEAK
2026-06-17,18.440000534057617,4.463000297546387,CPRT,"Copart, Inc.",29.520000457763672,-3.97,20.5,7.0,6.0,12.5,4.0,5.0,55.0,False,31.76112769383012,1.11,31.72650012969971,32.71350015004476,35.45016682942708,38.48230003356934,0.0937,0.0352,-10.11,WEAK
2026-06-17,18.440000534057617,4.463000297546387,TTWO,"Take-Two Interactive Software, ",228.02999877929688,-0.84,10.5,8.5,8.0,12.5,9.5,5.0,54.0,False,58.52840708707096,0.93,220.6365005493164,215.1358334859212,219.10658378601073,230.88859992980957,0.7226,0.0342,19.16,WEAK
2026-06-17,18.440000534057617,4.463000297546387,CMCSA,Comcast Corporation,22.690000534057617,-4.1,17.0,5.5,6.0,12.5,7.5,5.0,53.5,False,28.896167669084505,1.26,24.32549982070923,26.431099383036294,27.93216191927592,27.540863542556764,-0.0398,0.0495,-21.44,WEAK
2026-06-17,18.440000534057617,4.463000297546387,FANG,"Diamondback Energy, Inc.",185.47999572753906,-1.4,11.0,4.0,7.5,12.5,13.5,5.0,53.5,False,40.04242916118425,0.89,196.1724998474121,195.35924962361653,179.48889236450196,165.08253555297853,0.0672,0.0268,-5.36,WEAK
2026-06-17,18.440000534057617,4.463000297546387,TSLA,"Tesla, Inc.",396.3800048828125,-2.05,16.0,7.0,6.5,12.5,6.5,5.0,53.5,False,45.34160290090927,0.89,414.53600158691404,395.64000091552737,408.01666692097984,416.60810028076173,0.2284,0.0035,3.49,WEAK
2026-06-17,18.440000534057617,4.463000297546387,WBD,"Warner Bros. Discovery, Inc. - ",26.239999771118164,-1.35,8.5,5.5,8.0,12.5,13.0,5.0,52.5,False,38.66840004645598,0.83,26.85900001525879,27.095999972025552,27.624249998728434,25.080650038719178,0.0588,0.2807,-3.81,WEAK
2026-06-17,18.440000534057617,4.463000297546387,FER,Ferrovial N.V.,68.7300033569336,-1.24,8.5,4.0,7.5,12.5,14.5,5.0,52.0,False,54.77283378148301,1.11,67.46650009155273,67.58508421579997,67.56919625600179,64.94787546157836,0.7273,0.0065,10.37,WEAK
2026-06-17,18.440000534057617,4.463000297546387,EXC,Exelon Corporation,45.560001373291016,-2.21,7.0,8.5,8.0,12.5,9.5,5.0,50.5,False,51.03976282982127,1.06,45.33069324493408,46.04877389272054,45.719991556803386,45.10343467712402,0.5898,-0.0602,-2.75,WEAK
2026-06-17,18.440000534057617,4.463000297546387,MSTR,Strategy Inc,116.55999755859375,-5.09,14.0,11.5,3.5,12.5,0.5,5.0,47.0,False,35.71390054911417,0.94,137.59149894714355,150.22233339945475,147.77874997456868,192.98370025634765,0.2118,-0.2102,-14.45,SELL
2026-06-18,16.399999618530273,4.450999736785889,NVDA,NVIDIA Corporation,210.69000244140625,2.95,30.0,20.5,8.5,12.5,15.5,5.0,92.0,False,50.46454643589859,1.36,211.68101959228517,203.36638946533202,193.9628698984782,189.68439224243164,0.4609,0.0091,18.05,STRONG_BUY
2026-06-18,16.399999618530273,4.450999736785889,AVGO,Broadcom Inc.,411.3500061035156,4.7,30.0,20.5,8.0,12.5,15.5,5.0,91.5,False,51.33096078949356,1.14,413.73700256347655,395.71000111897786,363.6665456136068,359.1572048950195,0.4815,0.0139,29.03,STRONG_BUY
2026-06-18,16.399999618530273,4.450999736785889,GOOGL,Alphabet Inc.,368.0299987792969,1.17,30.0,18.5,9.5,12.5,15.5,5.0,91.0,False,49.18140672284926,1.36,371.5039321899414,354.6850911458333,335.6030537923177,310.7312557220459,0.4231,0.0062,26.58,STRONG_BUY
2026-06-18,16.399999618530273,4.450999736785889,MU,"Micron Technology, Inc.",1133.989990234375,8.7,29.0,20.5,9.0,12.5,14.0,5.0,90.0,False,66.3926391255458,1.13,965.5774932861328,671.5011713663737,529.8151858011881,400.62187660217285,0.9161,0.0023,196.91,STRONG_BUY
2026-06-18,16.399999618530273,4.450999736785889,GOOG,Alphabet Inc.,367.4599914550781,1.48,30.0,18.5,6.5,12.5,15.5,5.0,88.0,False,50.55903824836638,1.06,368.6771926879883,352.1692423502604,334.37705459594724,310.2524446105957,0.4713,0.0062,26.97,STRONG_BUY
2026-06-18,16.399999618530273,4.450999736785889,ADI,"Analog Devices, Inc.",434.4599914550781,4.83,29.0,19.0,7.5,12.5,14.0,5.0,87.0,False,58.98647845617224,1.92,413.02324829101565,386.59393310546875,350.3677352905273,308.9265805053711,0.8817,0.0183,35.28,STRONG_BUY
2026-06-18,16.399999618530273,4.450999736785889,ROST,"Ross Stores, Inc.",232.8000030517578,-0.19,30.0,10.0,8.0,12.5,18.5,5.0,84.0,False,54.564573785968165,1.04,231.14890213012694,224.1728510538737,210.11427459716796,190.3612523651123,0.5743,0.0274,7.97,STRONG_BUY
2026-06-18,16.399999618530273,4.450999736785889,LRCX,Lam Research Corporation,389.0400085449219,3.97,29.0,14.5,7.5,12.5,14.0,5.0,82.5,False,68.63782033667826,1.87,337.01597595214844,284.97488021850586,252.87553418477376,209.7017906188965,0.9641,0.0089,66.77,BUY
2026-06-18,16.399999618530273,4.450999736785889,STX,Seagate Technology Holdings PLC,1070.22998046875,0.39,27.5,19.0,6.5,12.5,12.0,5.0,82.5,False,74.05658674746846,2.12,909.3244903564453,703.9366628011068,538.9068214416504,421.1590933227539,0.9957,0.0066,159.0,BUY
2026-06-18,16.399999618530273,4.450999736785889,WDC,Western Digital Corporation,746.22998046875,4.79,29.0,19.0,5.0,12.5,12.0,5.0,82.5,False,77.9755100050792,1.95,564.8770431518554,448.47034606933596,351.37914136250816,265.9591812515259,1.1003,0.0081,152.05,BUY
2026-06-18,16.399999618530273,4.450999736785889,NXPI,NXP Semiconductors N.V.,313.2699890136719,5.05,28.0,17.5,6.5,12.5,12.5,5.0,82.0,False,55.47397576054635,1.7,311.3105010986328,266.7416666666667,244.64733657836913,232.61356994628906,0.5368,0.0345,58.53,BUY
2026-06-18,16.399999618530273,4.450999736785889,TXN,Texas Instruments Incorporated,322.8599853515625,6.95,26.0,17.0,7.5,12.5,12.5,5.0,80.5,False,62.00674790510787,2.05,303.7730010986328,266.8094210306803,233.41614952087403,208.5627653503418,0.8978,0.0036,64.91,BUY
2026-06-18,16.399999618530273,4.450999736785889,AAPL,Apple Inc.,298.010009765625,0.7,25.5,16.0,8.5,12.5,12.5,5.0,80.0,False,50.97504666192744,1.47,303.39750213623046,282.7782501220703,272.14841181437174,267.79300064086914,0.3313,0.0231,18.08,BUY
2026-06-18,16.399999618530273,4.450999736785889,CSCO,"Cisco Systems, Inc.",119.54000091552734,1.88,27.0,14.5,8.0,12.5,12.5,5.0,79.5,False,55.83720175209075,2.02,121.2995002746582,100.82620150248209,89.2470724105835,82.1444687652588,0.3696,0.0197,46.87,BUY
2026-06-18,16.399999618530273,4.450999736785889,MDLZ,"Mondelez International, Inc.",60.119998931884766,-1.22,23.0,14.5,6.0,12.5,18.0,5.0,79.0,False,42.796767286537495,2.45,61.8230001449585,60.006543922424314,58.592409960428874,58.283518104553224,0.0643,0.0369,5.59,BUY
2026-06-18,16.399999618530273,4.450999736785889,MPWR,"Monolithic Power Systems, Inc.",1563.699951171875,7.97,29.0,13.0,6.0,12.5,12.5,5.0,78.0,False,50.70984689751158,2.28,1575.927508544922,1476.00842183431,1278.7499420166016,1142.8485012817382,0.4545,0.0064,40.06,BUY
2026-06-18,16.399999618530273,4.450999736785889,DDOG,"Datadog, Inc.",223.0,-1.6,26.5,15.5,7.5,12.5,10.5,5.0,77.5,False,52.42032594552572,1.39,234.8845001220703,174.78950042724608,149.77962532043458,151.4420004272461,0.3103,0.0118,80.87,BUY
2026-06-18,16.399999618530273,4.450999736785889,SBUX,Starbucks Corporation,100.6500015258789,0.83,19.5,14.0,8.0,12.5,18.5,5.0,77.5,False,51.26761545138826,1.18,99.40300025939942,99.19047393798829,96.35301024119059,90.96842025756835,0.599,-0.0114,9.21,BUY
2026-06-18,16.399999618530273,4.450999736785889,DXCM,"DexCom, Inc.",72.47000122070312,1.74,30.0,14.0,7.0,12.5,8.5,5.0,77.0,False,53.54083692658162,1.3,73.508500289917,66.11233329772949,68.02699998219808,67.51670007705688,0.3638,0.0378,8.42,BUY
2026-06-18,16.399999618530273,4.450999736785889,BKNG,Booking Holdings Inc. Common St,171.77999877929688,0.09,30.0,16.0,6.0,12.5,7.5,5.0,77.0,False,56.49966159270108,2.3,166.46506881713867,169.1952382405599,178.00806427001953,189.83042198181153,0.7912,0.0532,1.59,BUY
2026-06-18,16.399999618530273,4.450999736785889,AMD,"Advanced Micro Devices, Inc.",537.3699951171875,4.86,24.5,17.0,7.0,12.5,11.0,5.0,77.0,False,61.191606694515414,1.34,501.85750274658204,377.9850011189779,296.1526672363281,261.1502501678467,0.8133,0.0082,143.96,BUY
2026-06-18,16.399999618530273,4.450999736785889,AMZN,"Amazon.com, Inc.",244.38999938964844,2.9,26.5,14.5,7.0,12.5,11.5,5.0,77.0,False,44.02914561605998,1.52,253.2780014038086,249.18283386230468,235.68091684977213,232.8036501312256,0.321,0.0037,15.44,BUY
2026-06-18,16.399999618530273,4.450999736785889,QCOM,QUALCOMM Incorporated,226.11000061035156,6.17,23.0,19.0,6.5,12.5,10.5,5.0,76.5,False,55.45128246794061,1.88,225.07879409790038,180.25643475850424,164.08177528381347,165.30761878967286,0.5151,0.0402,74.1,BUY
2026-06-18,16.399999618530273,4.450999736785889,AMAT,"Applied Materials, Inc.",617.1099853515625,4.08,26.0,14.5,6.5,12.5,12.0,5.0,76.5,False,76.02285752163112,1.8,501.9210006713867,429.48123931884766,379.8428029378255,317.1885696411133,0.9911,0.0062,67.29,BUY
2026-06-18,16.399999618530273,4.450999736785889,META,"Meta Platforms, Inc.",577.219970703125,1.7,30.0,20.5,8.0,12.5,0.5,5.0,76.5,False,42.97510183780855,1.41,599.0306701660156,612.5645528157552,630.435471089681,653.6996505737304,0.2636,0.0174,-2.88,BUY
2026-06-18,16.399999618530273,4.450999736785889,VRTX,Vertex Pharmaceuticals Incorpor,451.6300048828125,-1.6,28.0,11.5,6.5,12.5,12.5,5.0,76.0,False,55.97693504792158,1.94,442.288996887207,438.8441665649414,453.1071657816569,439.63289916992187,0.771,0.0243,-0.73,BUY
2026-06-18,16.399999618530273,4.450999736785889,LITE,Lumentum Holdings Inc.,850.0,-2.3,22.5,17.5,6.0,12.5,12.5,5.0,76.0,False,45.775015810366334,1.13,902.7570037841797,881.338833618164,703.0700004577636,512.4542003631592,0.2365,0.0014,9.37,BUY
2026-06-18,16.399999618530273,4.450999736785889,EA,Electronic Arts Inc.,202.14999389648438,-0.43,26.5,15.5,5.5,12.5,10.0,5.0,75.0,False,48.43633459179421,2.69,202.3249710083008,202.17375869750975,201.9178190867106,198.9224974822998,0.4519,0.0438,0.0,BUY
2026-06-18,16.399999618530273,4.450999736785889,MCHP,Microchip Technology Incorporat,99.7699966430664,6.01,18.0,17.5,7.5,12.5,14.0,5.0,74.5,False,58.087823439825755,1.28,94.40525016784667,86.28860537211101,78.9048532485962,71.8425262260437,0.8897,0.0211,53.88,BUY
2026-06-18,16.399999618530273,4.450999736785889,LIN,Linde plc,512.1500244140625,-0.72,16.0,13.0,9.0,12.5,18.5,5.0,74.0,False,52.50644314510436,2.0,509.4905014038086,503.037326558431,483.57945607503257,464.59840911865234,0.5783,0.0198,4.35,BUY
2026-06-18,16.399999618530273,4.450999736785889,ASML,ASML Holding N.V. - New York Re,1929.6800537109375,3.31,22.0,13.0,7.5,12.5,14.0,5.0,74.0,False,65.71959024386715,1.2,1732.5465026855468,1537.3576497395834,1444.0400522867837,1264.4122802734375,0.9349,0.0111,38.74,BUY
2026-06-18,16.399999618530273,4.450999736785889,ARM,Arm Holdings plc,439.4599914550781,4.91,25.5,10.0,6.0,12.5,14.0,5.0,73.0,False,68.97622165940543,2.42,362.29699859619143,245.27575022379557,181.8001251220703,167.83342517852782,0.9252,0.0016,179.79,BUY
2026-06-18,16.399999618530273,4.450999736785889,NFLX,"Netflix, Inc.",77.37999725341797,0.55,30.0,14.5,4.5,12.5,6.0,5.0,72.5,False,28.027757640656475,2.31,83.10699920654297,90.348499806722,89.19841651916504,98.34507991790771,0.103,0.0798,-16.15,BUY
2026-06-18,16.399999618530273,4.450999736785889,MNST,Monster Beverage Corporation,91.33999633789062,-0.35,25.5,8.5,6.5,12.5,14.0,5.0,72.0,False,62.475246092340385,1.82,89.7090000152588,81.72900021870932,80.51058355967204,76.14125017166138,0.694,0.0189,24.76,BUY
2026-06-18,16.399999618530273,4.450999736785889,CCEP,Coca-Cola Europacific Partners ,96.93000030517578,-0.2,25.5,8.5,6.0,12.5,14.5,5.0,72.0,False,56.28929090674523,1.44,94.92900085449219,93.94513816833496,94.5158722559611,91.97998954772949,0.6666,0.0407,5.08,BUY
2026-06-18,16.399999618530273,4.450999736785889,ADSK,"Autodesk, Inc.",193.82000732421875,0.39,30.0,17.5,2.5,12.5,4.5,5.0,72.0,False,28.44740855274796,2.7,223.39800186157225,233.25700047810872,244.54116706848146,269.77125007629394,0.0902,0.0748,-17.67,BUY
2026-06-18,16.399999618530273,4.450999736785889,BKR,Baker Hughes Company,58.40999984741211,-2.76,27.0,11.5,6.0,12.5,9.5,5.0,71.5,False,34.22544120648155,1.99,63.56749992370605,63.73859424591065,60.03882732391357,54.84969486236572,-0.1351,0.0544,-6.41,HOLD
2026-06-18,16.399999618530273,4.450999736785889,MSFT,Microsoft Corporation,379.3999938964844,0.13,28.0,18.5,5.0,12.5,2.5,5.0,71.5,False,34.98244628179371,1.5,413.1484970092773,404.98828582763673,415.4606129964193,449.55540115356445,0.1196,0.0131,2.47,HOLD
2026-06-18,16.399999618530273,4.450999736785889,CSX,CSX Corporation,45.630001068115234,0.13,19.0,11.5,6.5,12.5,17.0,5.0,71.5,False,46.930004945265736,1.55,46.42120513916016,44.399895922342935,41.57218551635742,38.85587930679321,0.2335,0.0133,15.67,HOLD
2026-06-18,16.399999618530273,4.450999736785889,APP,Applovin Corporation,469.7099914550781,-2.04,30.0,15.5,3.5,12.5,4.5,5.0,71.0,False,41.0809608697031,1.77,535.3480056762695,476.05333557128904,490.40166829427085,542.2456759643554,0.1664,0.0202,7.56,HOLD
2026-06-18,16.399999618530273,4.450999736785889,ADBE,Adobe Inc.,195.16000366210938,-0.57,27.5,17.5,4.0,12.5,4.5,5.0,71.0,False,27.793734147078055,1.91,235.73350143432617,241.4726676940918,263.3165837605794,295.29890014648436,0.0658,0.1188,-17.74,HOLD
2026-06-18,16.399999618530273,4.450999736785889,ABNB,"Airbnb, Inc.",142.41000366210938,1.33,21.0,14.0,6.5,12.5,12.0,5.0,71.0,False,63.032177487872694,1.92,134.6699996948242,134.8660001118978,132.80029157002767,129.15597496032714,1.0341,0.0378,8.04,HOLD
2026-06-18,16.399999618530273,4.450999736785889,GILD,"Gilead Sciences, Inc.",123.76000213623047,-1.35,30.0,11.5,7.5,12.5,4.0,5.0,70.5,False,40.429278068362734,1.43,128.1329418182373,132.09702377319337,134.86152979532878,127.79278163909912,0.2219,0.0516,-9.9,HOLD
2026-06-18,16.399999618530273,4.450999736785889,SNDK,Sandisk Corporation,2184.75,11.54,19.0,13.0,8.5,12.5,12.0,5.0,70.0,False,70.93311836007516,1.07,1760.0835083007812,1278.4690012613933,908.6078347524007,613.2598761940003,1.035,0.007,222.3,HOLD
2026-06-18,16.399999618530273,4.450999736785889,ROP,"Roper Technologies, Inc.",330.2550048828125,0.09,30.0,15.5,2.5,12.5,4.5,5.0,70.0,False,46.40115261377902,3.06,330.52774810791016,342.5947560628255,358.72547251383463,404.4912879943848,0.4898,0.0651,-4.51,HOLD
2026-06-18,16.399999618530273,4.450999736785889,KLAC,KLA Corporation,259.55999755859375,8.73,18.5,14.5,7.5,12.5,12.0,5.0,70.0,False,70.23423014033611,1.82,214.89820022583007,186.45524571736652,165.54149519602458,144.11617809295655,0.958,0.0085,68.34,HOLD
2026-06-18,16.399999618530273,4.450999736785889,WDAY,"Workday, Inc.",116.93000030517578,-4.02,30.0,17.5,2.0,12.5,2.5,5.0,69.5,False,35.822217270018356,1.92,134.8914993286133,127.69633356730144,146.4798329671224,179.64314964294434,0.1027,0.108,-7.98,HOLD
2026-06-18,16.399999618530273,4.450999736785889,AXON,"Axon Enterprise, Inc.",423.3999938964844,0.09,30.0,11.5,6.0,12.5,4.5,5.0,69.5,False,45.72626877153157,1.36,443.62000274658203,414.05366770426434,472.22083307902017,544.4853004455566,0.362,0.0018,-7.99,HOLD
2026-06-18,16.399999618530273,4.450999736785889,FTNT,"Fortinet, Inc.",144.72999572753906,0.41,25.0,8.5,5.5,12.5,12.5,5.0,69.0,False,63.74406580368481,2.01,141.341499710083,108.57799975077312,94.70524997711182,89.89515003204346,0.6199,0.0171,83.46,HOLD
2026-06-18,16.399999618530273,4.450999736785889,COST,Costco Wholesale Corporation,951.4500122070312,-1.46,28.5,7.0,8.5,12.5,7.5,5.0,69.0,False,37.74009248879733,1.27,980.5589996337891,1000.357768758138,982.4237284342448,955.88201171875,0.2184,0.0165,-2.26,HOLD
2026-06-18,16.399999618530273,4.450999736785889,INTU,Intuit Inc.,267.0,-0.77,25.0,17.5,6.0,12.5,2.5,5.0,68.5,False,31.34428964513849,1.29,300.2845031738281,364.878705851237,428.6078539530436,521.2836097717285,0.1248,0.0716,-37.26,HOLD
2026-06-18,16.399999618530273,4.450999736785889,PCAR,PACCAR Inc.,118.94999694824219,1.37,17.0,14.0,5.5,12.5,14.5,5.0,68.5,False,55.059180675707886,1.74,115.16399993896485,117.341144434611,118.78831361134847,110.9833848953247,0.738,0.0237,2.56,HOLD
2026-06-18,16.399999618530273,4.450999736785889,PLTR,Palantir Technologies Inc.,128.47000122070312,-1.65,30.0,14.5,5.0,12.5,0.5,5.0,67.5,False,41.24542096987642,1.26,138.02075004577637,139.7469165802002,147.6138750076294,159.91000003814696,0.2383,0.0057,-17.09,HOLD
2026-06-18,16.399999618530273,4.450999736785889,ISRG,"Intuitive Surgical, Inc.",406.7799987792969,1.14,30.0,11.5,4.5,12.5,3.5,5.0,67.0,False,40.45794033881384,1.55,418.3934982299805,442.93116505940753,478.5319994608561,490.68955078125,0.2346,0.0156,-13.45,HOLD
2026-06-18,16.399999618530273,4.450999736785889,MAR,Marriott International,396.20001220703125,0.4,16.5,11.5,5.5,12.5,15.5,5.0,66.5,False,62.662604662888214,1.5,386.3260009765625,363.2638168334961,345.26884409586586,318.17269256591794,0.7292,0.0172,21.48,HOLD
2026-06-18,16.399999618530273,4.450999736785889,FAST,Fastenal Company,45.88999938964844,2.25,19.0,7.0,8.0,12.5,15.0,5.0,66.5,False,53.27252062353606,1.34,45.46599979400635,45.13233318328857,44.689530277252196,44.034108085632326,0.596,0.0172,1.69,HOLD
2026-06-18,16.399999618530273,4.450999736785889,MRVL,"Marvell Technology, Inc.",310.5799865722656,7.27,15.0,14.5,4.5,12.5,14.0,5.0,65.5,False,64.5540828047655,3.54,257.59900054931643,182.0259526570638,132.56300551096598,112.99705745697021,0.8014,0.0084,215.63,HOLD
2026-06-18,16.399999618530273,4.450999736785889,CDNS,"Cadence Design Systems, Inc.",387.3900146484375,-0.57,21.5,8.5,6.0,12.5,10.5,5.0,64.0,False,55.256936097822454,2.63,388.0679992675781,341.25850067138674,321.2939168294271,326.32385009765625,0.4889,0.014,37.67,HOLD
2026-06-18,16.399999618530273,4.450999736785889,PEP,"Pepsico, Inc.",142.02000427246094,0.3,24.0,10.0,6.0,12.5,5.5,5.0,63.0,False,41.79267212418367,1.91,143.50486526489257,149.6490915934245,151.09501838684082,147.44416374206543,0.3535,0.0451,-5.41,HOLD
2026-06-18,16.399999618530273,4.450999736785889,SNPS,"Synopsys, Inc.",455.510009765625,-1.35,18.5,11.5,6.0,12.5,9.5,5.0,63.0,False,41.5322530492088,1.32,481.64650268554686,465.5501688639323,461.9763359069824,459.46845184326173,0.2577,0.0406,11.06,HOLD
2026-06-18,16.399999618530273,4.450999736785889,PANW,"Palo Alto Networks, Inc.",287.7799987792969,2.0,17.0,10.0,8.0,12.5,10.5,5.0,63.0,False,66.48631144401642,1.25,273.55699691772463,213.83333282470704,192.10741653442383,196.13734992980957,0.7443,0.0153,87.82,HOLD
2026-06-18,16.399999618530273,4.450999736785889,ALNY,"Alnylam Pharmaceuticals, Inc.",278.0899963378906,-1.64,22.5,16.0,4.0,12.5,2.5,5.0,62.5,False,38.70099280260514,1.54,293.0485015869141,304.55566660563153,325.03599955240884,374.3933999633789,0.0303,0.0055,-15.4,HOLD
2026-06-18,16.399999618530273,4.450999736785889,HON,Honeywell International Inc.,229.00999450683594,0.17,11.0,11.5,8.0,12.5,14.5,5.0,62.5,False,56.44925567761584,1.22,224.9909996032715,221.99254201253254,223.3350737253825,211.47009269714354,0.6138,0.0202,1.98,HOLD
2026-06-18,16.399999618530273,4.450999736785889,ORLY,"O'Reilly Automotive, Inc.",86.83999633789062,-1.76,21.5,11.5,6.0,12.5,5.5,5.0,62.0,False,39.09929029650464,2.02,89.21649932861328,91.56316604614258,92.6962496439616,95.58814975738525,0.1603,0.0185,-4.74,HOLD
2026-06-18,16.399999618530273,4.450999736785889,CEG,Constellation Energy Corporatio,274.05999755859375,2.58,30.0,5.5,4.5,12.5,4.5,5.0,62.0,False,51.730127218144794,1.5,269.29449996948244,284.46423619588217,295.90719350179035,318.4393119812012,0.5706,-0.0458,-9.51,HOLD
2026-06-18,16.399999618530273,4.450999736785889,PDD,PDD Holdings Inc.,79.55999755859375,-0.38,20.5,16.0,5.0,12.5,2.0,5.0,61.0,False,32.045846793690444,0.78,85.42949981689453,94.97333335876465,100.52258345286052,110.58880001068115,0.222,0.6326,-22.46,HOLD
2026-06-18,16.399999618530273,4.450999736785889,REGN,"Regeneron Pharmaceuticals, Inc.",609.9400024414062,0.33,20.0,14.0,6.0,12.5,3.5,5.0,61.0,False,38.0392642900797,1.73,618.3605010986328,692.7162302652995,729.2214594523113,695.4367541503906,0.3313,0.0512,-18.5,HOLD
2026-06-18,16.399999618530273,4.450999736785889,AEP,American Electric Power Company,127.69000244140625,-0.45,16.0,10.0,6.0,12.5,11.5,5.0,61.0,False,46.22721194896595,1.99,128.3014995574951,130.62748998006185,126.68377653757732,121.43178684234618,0.4122,-0.1001,0.25,HOLD
2026-06-18,16.399999618530273,4.450999736785889,KHC,The Kraft Heinz Company,22.81999969482422,-1.64,12.5,14.5,5.0,12.5,11.0,5.0,60.5,False,45.35667468383497,1.35,23.392737102508544,22.635487747192382,22.80392680168152,23.332131423950194,0.2733,0.1187,8.01,HOLD
2026-06-18,16.399999618530273,4.450999736785889,SHOP,Shopify Inc.,108.8499984741211,0.7,20.5,13.0,6.5,12.5,3.0,5.0,60.5,False,47.17969454779466,1.13,111.17599983215332,114.4151668548584,124.72791659037271,137.5888500213623,0.3877,0.0089,-8.08,HOLD
2026-06-18,16.399999618530273,4.450999736785889,MELI,"MercadoLibre, Inc.",1635.1500244140625,0.2,18.0,14.0,6.0,12.5,4.5,5.0,60.0,False,47.39634257335241,1.0,1649.554510498047,1709.8566731770834,1834.1690053304037,1973.9747552490235,0.4066,-0.0495,-0.26,HOLD
2026-06-18,16.399999618530273,4.450999736785889,WMT,Walmart Inc.,117.18000030517578,-0.8,19.5,7.0,7.5,12.5,8.5,5.0,60.0,False,38.589810087825704,1.31,118.62699890136719,124.83865165710449,123.19215571085611,116.04195011138916,0.34,0.0074,-4.6,HOLD
2026-06-18,16.399999618530273,4.450999736785889,ADP,"Automatic Data Processing, Inc.",218.41000366210938,-0.16,20.0,13.0,4.5,12.5,4.5,5.0,59.5,False,46.95344795779908,2.12,223.95838928222656,210.62865727742513,220.3145627339681,239.15321990966797,0.2299,0.0544,8.88,WEAK
2026-06-18,16.399999618530273,4.450999736785889,IDXX,"IDEXX Laboratories, Inc.",562.0900268554688,2.93,24.5,7.0,6.0,12.5,4.5,5.0,59.5,False,50.50532978623323,1.68,561.2205017089843,563.2826639811198,606.8509145100911,632.5186978149414,0.5276,0.0177,-2.37,WEAK
2026-06-18,16.399999618530273,4.450999736785889,TMUS,"T-Mobile US, Inc.",181.6699981689453,0.2,18.5,17.5,2.5,12.5,3.5,5.0,59.5,False,42.33472003923342,1.93,185.11927490234376,191.6407569885254,197.28922856648762,205.0761434173584,0.3097,0.0567,-13.58,WEAK
2026-06-18,16.399999618530273,4.450999736785889,AMGN,Amgen Inc.,337.6000061035156,-1.19,17.5,11.5,4.5,12.5,8.0,5.0,59.0,False,46.95114544194861,2.68,341.3850036621094,340.17541961669923,345.68068644205727,327.8775360107422,0.3742,0.0408,-3.89,WEAK
2026-06-18,16.399999618530273,4.450999736785889,KDP,Keurig Dr Pepper Inc.,30.760000228881836,-0.42,7.0,12.5,7.5,12.5,14.0,5.0,58.5,False,54.96189452988223,1.41,30.58050012588501,28.531818930308024,28.223601579666138,27.659316663742064,0.5504,-0.3906,17.68,WEAK
2026-06-18,16.399999618530273,4.450999736785889,PAYX,"Paychex, Inc.",98.23999786376953,0.68,19.0,13.0,4.0,12.5,5.0,5.0,58.5,False,52.25930723471023,1.8,98.59300003051757,93.43802680969239,96.09739125569662,104.64417556762696,0.4637,,6.58,WEAK
2026-06-18,16.399999618530273,4.450999736785889,INTC,Intel Corporation,133.99000549316406,10.64,3.5,17.0,6.5,12.5,14.0,5.0,58.5,False,64.20845377191738,1.63,116.34399948120117,92.53416659037272,68.96216672261556,55.51190001487732,1.0334,-0.0123,184.0,WEAK
2026-06-18,16.399999618530273,4.450999736785889,PYPL,"PayPal Holdings, Inc.",42.5099983215332,1.02,15.0,16.0,5.5,12.5,3.5,5.0,57.5,False,44.810615941623766,1.3,42.88211841583252,45.5882142384847,47.30214678446452,54.54021871566773,0.4315,0.1089,-4.9,WEAK
2026-06-18,16.399999618530273,4.450999736785889,TRI,Thomson Reuters Corp,78.58000183105469,-0.85,21.5,14.0,0.0,12.5,4.0,5.0,57.0,False,39.574630236151755,3.19,83.61900024414062,86.70011978149414,95.37544606526693,114.91851493835449,0.1348,0.0489,-8.01,WEAK
2026-06-18,16.399999618530273,4.450999736785889,XEL,Xcel Energy Inc.,77.41000366210938,-0.06,14.0,10.0,6.0,12.5,9.5,5.0,57.0,False,45.2326839001306,1.62,78.2568977355957,79.01643040974935,78.03885733286539,77.26911987304688,0.3372,-0.1546,0.38,WEAK
2026-06-18,16.399999618530273,4.450999736785889,CHTR,"Charter Communications, Inc.",126.2300033569336,-4.37,20.5,17.5,0.0,12.5,0.0,5.0,55.5,True,32.07335194494564,3.96,139.18149909973144,175.0034999847412,195.4650000890096,211.6223002243042,0.0374,0.1349,-42.34,STRONG_SELL
2026-06-18,16.399999618530273,4.450999736785889,CTSH,Cognizant Technology Solutions ,43.70000076293945,-10.49,18.5,17.5,1.0,12.5,0.0,5.0,54.5,True,25.94350278401295,4.92,52.37749977111817,54.53461850484212,63.55838263829549,66.87056398391724,-0.2912,0.0923,-26.4,STRONG_SELL
2026-06-18,16.399999618530273,4.450999736785889,CTAS,Cintas Corporation,170.85000610351562,0.71,20.0,10.0,5.0,12.5,1.5,5.0,54.0,False,45.052741935327894,1.55,174.7659996032715,172.7142209370931,182.69317754109701,185.82110214233398,0.2439,0.0221,-3.13,WEAK
2026-06-18,16.399999618530273,4.450999736785889,ODFL,"Old Dominion Freight Line, Inc.",221.0399932861328,1.23,8.0,7.0,6.0,12.5,15.5,5.0,54.0,False,46.626034781762606,1.62,230.67023086547852,213.22759475708008,198.57328084309896,176.02997798919677,0.3163,0.0188,17.07,WEAK
2026-06-18,16.399999618530273,4.450999736785889,ZS,"Zscaler, Inc.",124.8499984741211,0.38,19.5,15.5,1.0,12.5,0.5,5.0,54.0,False,40.51887607335974,2.07,138.83799896240234,140.39266599019368,162.1762081782023,211.577825050354,0.3176,0.0549,-10.46,WEAK
2026-06-18,16.399999618530273,4.450999736785889,VRSK,"Verisk Analytics, Inc.",173.8000030517578,-0.88,19.0,11.5,2.0,12.5,4.0,5.0,54.0,False,44.912115896358586,4.66,177.43323440551757,176.35585174560546,190.53336385091146,206.92791816711426,0.2994,0.0415,-5.82,WEAK
2026-06-18,16.399999618530273,4.450999736785889,TTWO,"Take-Two Interactive Software, ",239.27999877929688,4.93,10.5,8.5,6.5,12.5,10.0,5.0,53.0,False,66.61320944986488,2.2,220.76950073242188,215.93433354695637,219.00391705830893,230.88024993896485,1.0388,0.0326,23.95,WEAK
2026-06-18,16.399999618530273,4.450999736785889,CRWD,"CrowdStrike Holdings, Inc.",684.8599853515625,0.28,12.5,5.5,7.0,12.5,10.5,5.0,53.0,False,58.16071521932223,1.47,689.2724975585937,537.2836659749349,483.96699981689454,489.4061004638672,0.4727,0.011,77.49,WEAK
2026-06-18,16.399999618530273,4.450999736785889,TSLA,"Tesla, Inc.",400.489990234375,1.04,16.0,7.0,5.5,12.5,6.5,5.0,52.5,False,47.03201560367541,1.17,413.69750061035154,395.931000773112,407.30908355712893,416.9637503051758,0.3056,0.0035,3.77,WEAK
2026-06-18,16.399999618530273,4.450999736785889,DASH,"DoorDash, Inc.",173.4600067138672,4.71,19.0,7.0,6.0,12.5,3.0,5.0,52.5,False,59.40754931831496,1.46,159.09200057983398,162.43641688028973,176.56520818074543,202.39804985046388,1.067,0.0304,13.43,WEAK
2026-06-18,16.399999618530273,4.450999736785889,FER,Ferrovial N.V.,69.22000122070312,0.71,8.5,4.0,7.5,12.5,14.5,5.0,52.0,False,56.5126909426704,1.18,67.55699996948242,67.70091908772787,67.60970102945963,65.03099912643432,0.7879,0.0065,9.7,WEAK
2026-06-18,16.399999618530273,4.450999736785889,INSM,Insmed Incorporated,95.80000305175781,-2.69,15.0,14.0,2.0,12.5,3.5,5.0,52.0,False,38.149249312291296,3.66,101.29850006103516,125.70166625976563,140.5394167582194,153.58364974975586,0.2592,-0.0292,-35.41,WEAK
2026-06-18,16.399999618530273,4.450999736785889,GEHC,GE HealthCare Technologies Inc.,61.59000015258789,0.72,14.0,11.5,4.5,12.5,4.0,5.0,51.5,False,41.09004238260188,1.54,63.59350051879883,66.31405684153239,73.04693880081177,74.59613119125366,0.1163,0.053,-14.65,WEAK
2026-06-18,16.399999618530273,4.450999736785889,CPRT,"Copart, Inc.",30.229999542236328,2.41,20.5,7.0,4.5,12.5,2.0,5.0,51.5,False,38.886795449224415,1.95,31.586000061035158,32.670000139872236,35.376250171661376,38.391050033569336,0.2507,0.0357,-8.62,WEAK
2026-06-18,16.399999618530273,4.450999736785889,WBD,"Warner Bros. Discovery, Inc. - ",26.200000762939453,-0.15,8.5,5.5,7.0,12.5,13.0,5.0,51.5,False,38.10999008437528,1.24,26.798000049591064,27.077999973297118,27.599000008900962,25.15355004310608,0.0778,0.2811,-3.75,WEAK
2026-06-18,16.399999618530273,4.450999736785889,CMCSA,Comcast Corporation,22.43000030517578,-1.15,17.0,5.5,4.5,12.5,6.0,5.0,50.5,False,27.37228057160867,1.98,24.202999877929688,26.323530451456705,27.891832399368287,27.49839056968689,-0.0185,0.0501,-21.02,WEAK
2026-06-18,16.399999618530273,4.450999736785889,FANG,"Diamondback Energy, Inc.",183.5,-1.07,11.0,4.0,5.0,12.5,11.5,5.0,49.0,False,38.470545669138325,1.63,195.13099975585936,195.15121459960938,179.80774014790853,165.26432998657228,0.0511,0.0271,-5.87,PARTIAL_SELL
2026-06-18,16.399999618530273,4.450999736785889,EXC,Exelon Corporation,45.810001373291016,0.55,7.0,8.5,6.5,12.5,9.5,5.0,49.0,False,52.894186392881544,1.58,45.3985954284668,46.03145039876302,45.745504188537595,45.12132266998291,0.6682,-0.0599,-3.0,PARTIAL_SELL
2026-06-18,16.399999618530273,4.450999736785889,MSTR,Strategy Inc,112.52999877929688,-3.46,14.0,11.5,2.0,12.5,2.5,5.0,47.5,False,34.036848809157206,1.74,134.9274990081787,149.82700004577637,147.39391657511393,191.8382502746582,0.1853,-0.2177,-19.12,SELL
2026-06-22,17.280000686645508,4.508999824523926,MU,"Micron Technology, Inc.",1211.3800048828125,6.82,29.0,20.5,10.0,12.5,14.0,5.0,91.0,False,69.76878638327676,0.88,988.0414947509765,685.3253453572592,537.5387237548828,406.08603687286376,1.0396,0.0021,240.94,STRONG_BUY
2026-06-22,17.280000686645508,4.508999824523926,NVDA,NVIDIA Corporation,208.64999389648438,-0.97,30.0,20.5,9.5,12.5,13.5,5.0,91.0,False,48.83003313290265,0.67,211.15079650878906,203.86935628255208,194.11580378214518,189.87567710876465,0.3976,0.0092,21.99,STRONG_BUY
2026-06-22,17.280000686645508,4.508999824523926,GOOGL,Alphabet Inc.,349.67999267578125,-4.99,30.0,18.5,8.0,12.5,15.5,5.0,89.5,False,39.02351432765828,1.53,369.6165023803711,355.66715240478516,335.9078674316406,311.32963706970213,0.0721,0.0065,24.55,STRONG_BUY
2026-06-22,17.280000686645508,4.508999824523926,ADI,"Analog Devices, Inc.",445.4800109863281,2.54,29.0,19.0,10.0,12.5,14.0,5.0,89.5,False,62.10567948353815,0.82,416.139225769043,388.66609446207684,351.78655166625975,309.9426544189453,1.0247,0.0178,42.52,STRONG_BUY
2026-06-22,17.280000686645508,4.508999824523926,GOOG,Alphabet Inc.,348.7799987792969,-5.08,30.0,18.5,6.5,12.5,15.5,5.0,88.0,False,40.039337865443095,1.3,366.95422515869143,353.1586456298828,334.66231333414714,310.84413482666014,0.0832,0.0066,24.31,STRONG_BUY
2026-06-22,17.280000686645508,4.508999824523926,AVGO,Broadcom Inc.,392.1300048828125,-4.67,30.0,20.5,9.0,12.5,10.5,5.0,87.5,False,46.33039440526127,0.68,412.61500244140626,396.93200124104817,364.00602162679036,359.6145266723633,0.3428,0.0146,26.73,STRONG_BUY
2026-06-22,17.280000686645508,4.508999824523926,AAPL,Apple Inc.,297.010009765625,-0.34,26.0,16.0,9.5,12.5,15.5,5.0,84.5,False,49.92659040418057,0.76,302.99850311279295,283.521959177653,272.349387995402,268.08906562805174,0.3151,0.0232,17.55,STRONG_BUY
2026-06-22,17.280000686645508,4.508999824523926,STX,Seagate Technology Holdings PLC,1094.0400390625,2.22,27.5,19.0,8.0,12.5,12.0,5.0,84.0,False,75.51905056064896,1.38,923.5034912109375,715.2836634318033,545.6428085327149,425.7542897796631,0.9872,0.0065,188.82,STRONG_BUY
2026-06-22,17.280000686645508,4.508999824523926,MPWR,"Monolithic Power Systems, Inc.",1537.8800048828125,-1.65,30.0,13.0,7.5,12.5,15.5,5.0,83.5,False,49.25164559700765,1.23,1574.7590087890626,1483.032622273763,1283.7086329142253,1146.4225811767578,0.3639,0.0065,45.61,STRONG_BUY
2026-06-22,17.280000686645508,4.508999824523926,ROST,"Ross Stores, Inc.",236.97000122070312,1.79,30.0,10.0,10.0,12.5,15.5,5.0,83.0,False,58.90413790669733,0.88,232.15915145874024,224.5288963317871,210.58567225138347,190.79922744750976,0.7647,0.0269,10.8,STRONG_BUY
2026-06-22,17.280000686645508,4.508999824523926,WDC,Western Digital Corporation,732.6199951171875,-1.82,29.0,19.0,5.0,12.5,12.0,5.0,82.5,False,75.01131616816284,1.54,577.1913833618164,455.74629872639974,355.9725926717122,269.1934436035156,0.9747,0.0082,168.09,BUY
2026-06-22,17.280000686645508,4.508999824523926,LRCX,Lam Research Corporation,409.5400085449219,5.27,29.0,14.5,9.0,12.5,12.0,5.0,82.0,False,72.23454771135738,1.23,342.39161529541013,287.9124526977539,254.80726992289226,211.26348094940187,1.0397,0.0085,93.66,BUY
2026-06-22,17.280000686645508,4.508999824523926,EA,Electronic Arts Inc.,202.97000122070312,0.41,26.5,15.5,9.0,12.5,13.0,5.0,81.5,False,55.98714230215685,0.98,202.3895065307617,202.18744455973308,201.9058765411377,199.1004168701172,0.6601,0.0436,0.62,BUY
2026-06-22,17.280000686645508,4.508999824523926,NXPI,NXP Semiconductors N.V.,323.239990234375,3.18,26.0,17.5,8.0,12.5,12.5,5.0,81.5,False,58.93620515460407,0.96,312.5035003662109,268.83549982706705,245.49334208170572,233.10489318847655,0.7024,0.0334,64.15,BUY
2026-06-22,17.280000686645508,4.508999824523926,DXCM,"DexCom, Inc.",69.06999969482422,-4.69,30.0,14.0,8.0,12.5,11.5,5.0,81.0,False,45.09400321049553,0.8,73.36700019836425,66.14950002034506,68.03949998219808,67.46745008468628,-0.0057,0.0396,4.51,BUY
2026-06-22,17.280000686645508,4.508999824523926,TXN,Texas Instruments Incorporated,332.2799987792969,2.92,26.0,14.5,9.0,12.5,14.0,5.0,81.0,False,65.04095412890312,0.94,305.4675003051758,269.0845001220703,234.728111521403,209.26528678894044,0.9967,0.0035,72.67,BUY
2026-06-22,17.280000686645508,4.508999824523926,CSCO,"Cisco Systems, Inc.",121.52999877929688,1.66,26.5,14.5,10.0,12.5,12.5,5.0,81.0,False,58.50761373124393,0.78,121.46600036621093,101.49521840413412,89.61544748942057,82.4193925857544,0.5049,0.0194,48.72,BUY
2026-06-22,17.280000686645508,4.508999824523926,META,"Meta Platforms, Inc.",563.8499755859375,-2.32,30.0,20.5,9.0,12.5,2.5,5.0,79.5,False,39.52781357617467,0.79,596.882290649414,612.0563995361329,629.6166473388672,652.8456887817383,0.1597,0.0179,3.07,BUY
2026-06-22,17.280000686645508,4.508999824523926,QCOM,QUALCOMM Incorporated,221.89999389648438,-1.86,23.0,19.0,9.0,12.5,10.5,5.0,79.0,False,53.71728376287464,0.81,225.5425598144531,181.7902624766032,164.48881149291992,165.64695152282715,0.446,0.041,70.61,BUY
2026-06-22,17.280000686645508,4.508999824523926,AMAT,"Applied Materials, Inc.",640.1799926757812,3.74,26.0,14.5,9.0,12.5,12.0,5.0,79.0,False,78.22530415916165,1.09,512.5620010375976,434.0028823852539,383.0005620320638,319.6116855621338,1.0024,0.006,89.33,BUY
2026-06-22,17.280000686645508,4.508999824523926,AMD,"Advanced Micro Devices, Inc.",551.6300048828125,2.65,24.5,17.0,9.0,12.5,11.0,5.0,79.0,False,63.080447771810945,0.79,506.9595031738281,383.50766779581704,298.9580005645752,263.0977501678467,0.9045,0.008,170.71,BUY
2026-06-22,17.280000686645508,4.508999824523926,DDOG,"Datadog, Inc.",221.3699951171875,-0.73,26.5,15.5,8.5,12.5,10.5,5.0,78.5,False,51.351020648152755,0.7,235.05100021362304,176.42416699727377,150.4717502593994,151.88585037231445,0.2792,0.0119,78.09,BUY
2026-06-22,17.280000686645508,4.508999824523926,AMZN,"Amazon.com, Inc.",232.7899932861328,-4.75,28.5,14.5,8.0,12.5,9.5,5.0,78.0,False,36.536683891143,1.37,251.49450149536133,249.53416697184244,235.68316675821941,232.83765007019042,0.1312,0.0039,12.17,BUY
2026-06-22,17.280000686645508,4.508999824523926,LITE,Lumentum Holdings Inc.,893.9299926757812,5.17,20.5,17.5,6.0,12.5,15.5,5.0,77.0,False,49.73132056590056,1.14,899.2285034179688,883.2848337809245,707.2630004882812,516.2532503509522,0.4724,0.0013,29.78,BUY
2026-06-22,17.280000686645508,4.508999824523926,SBUX,Starbucks Corporation,100.1500015258789,-0.5,19.5,14.0,9.0,12.5,16.5,5.0,76.5,False,49.7815132379006,0.7,99.20400047302246,99.32364349365234,96.4872412999471,91.04133224487305,0.5801,-0.0114,10.43,BUY
2026-06-22,17.280000686645508,4.508999824523926,MDLZ,"Mondelez International, Inc.",59.5099983215332,-1.01,23.0,14.5,8.5,12.5,13.0,5.0,76.5,False,40.16107023608545,0.83,61.72350006103515,60.0494265238444,58.64101982116699,58.28237478256226,-0.0009,0.0373,4.25,BUY
2026-06-22,17.280000686645508,4.508999824523926,ARM,Arm Holdings plc,407.7200012207031,-7.22,25.5,10.0,7.5,12.5,15.5,5.0,76.0,False,61.8391198807497,0.68,367.77149810791013,249.4532501220703,184.2788751602173,169.21492519378663,0.7279,0.0017,163.39,BUY
2026-06-22,17.280000686645508,4.508999824523926,MCHP,Microchip Technology Incorporat,102.70999908447266,2.95,18.0,17.5,8.5,12.5,14.0,5.0,75.5,False,61.03057764331117,0.84,95.00800018310547,86.9198621114095,79.22545776367187,72.04589708328247,1.0083,0.0205,60.79,BUY
2026-06-22,17.280000686645508,4.508999824523926,ADSK,"Autodesk, Inc.",187.72000122070312,-3.15,30.0,17.5,6.0,12.5,4.5,5.0,75.5,False,26.00268496015778,1.32,220.7745018005371,232.46200052897134,243.5995838165283,269.12230003356933,0.0707,0.0772,-21.73,BUY
2026-06-22,17.280000686645508,4.508999824523926,BKNG,Booking Holdings Inc. Common St,167.77000427246094,-2.33,30.0,16.0,7.5,12.5,4.5,5.0,75.5,False,50.88957632911885,1.01,166.88959045410155,169.17332280476887,177.60143191019694,189.56204536437988,0.5519,0.0544,-0.21,BUY
2026-06-22,17.280000686645508,4.508999824523926,ASML,ASML Holding N.V. - New York Re,1929.25,-0.02,22.0,13.0,8.5,12.5,14.0,5.0,75.0,False,65.67955702819208,0.89,1749.409002685547,1546.330948893229,1451.2087829589843,1270.393797607422,0.8864,0.0111,45.43,BUY
2026-06-22,17.280000686645508,4.508999824523926,ABNB,"Airbnb, Inc.",139.19000244140625,-2.26,21.0,14.0,8.0,12.5,14.5,5.0,75.0,False,56.08801425350085,0.93,134.91699981689453,134.989000193278,132.82004152933757,129.2274249649048,0.7842,0.0386,6.2,BUY
2026-06-22,17.280000686645508,4.508999824523926,VRTX,Vertex Pharmaceuticals Incorpor,466.7900085449219,3.36,28.0,11.5,8.0,12.5,10.0,5.0,75.0,False,63.64392776122733,1.28,443.95149688720704,439.0411666870117,453.1395825703939,439.9837492370605,1.0741,0.0235,2.88,BUY
2026-06-22,17.280000686645508,4.508999824523926,LIN,Linde plc,516.7100219726562,0.89,16.0,13.0,10.0,12.5,18.5,5.0,75.0,False,55.742160327349815,0.74,509.68159637451174,503.46935984293617,484.3685938517253,464.8543911743164,0.704,0.0197,4.61,BUY
2026-06-22,17.280000686645508,4.508999824523926,GILD,"Gilead Sciences, Inc.",124.87000274658203,0.9,30.0,11.5,8.5,12.5,7.0,5.0,74.5,False,43.16847753644306,0.88,127.89404525756837,131.88890266418457,134.87556133270263,127.86652530670166,0.31,0.0512,-8.17,BUY
2026-06-22,17.280000686645508,4.508999824523926,CSX,CSX Corporation,46.20000076293945,1.25,19.0,11.5,9.0,12.5,17.0,5.0,74.0,False,51.20238682378316,0.62,46.44321880340576,44.51241143544515,41.65395024617513,38.927091388702394,0.4165,0.0132,17.17,BUY
2026-06-22,17.280000686645508,4.508999824523926,BKR,Baker Hughes Company,59.150001525878906,1.27,27.0,11.5,7.5,12.5,9.5,5.0,73.0,False,37.209257763477005,1.02,63.23499984741211,63.684239323933916,60.15732987721761,54.923093948364254,0.0324,0.0537,-4.83,BUY
2026-06-22,17.280000686645508,4.508999824523926,MSFT,Microsoft Corporation,367.3399963378906,-3.18,28.0,18.5,6.5,12.5,2.5,5.0,73.0,False,30.958967098947653,1.11,410.56099700927734,404.93998362223306,414.47554880777994,448.8812548828125,0.0564,0.0136,0.59,BUY
2026-06-22,17.280000686645508,4.508999824523926,MNST,Monster Beverage Corporation,93.0199966430664,1.84,25.5,8.5,9.0,12.5,12.5,5.0,73.0,False,67.12734706921783,0.74,90.0439998626709,82.05916684468588,80.64150021870931,76.28880016326904,0.86,0.0185,29.23,BUY
2026-06-22,17.280000686645508,4.508999824523926,CCEP,Coca-Cola Europacific Partners ,96.9800033569336,0.05,25.5,8.5,7.0,12.5,14.5,5.0,73.0,False,56.450623219311524,0.66,95.07050094604492,94.02406094868978,94.56803137461344,92.04280971527099,0.6575,0.0407,5.63,BUY
2026-06-22,17.280000686645508,4.508999824523926,APP,Applovin Corporation,469.3900146484375,-0.07,30.0,15.5,5.0,12.5,4.5,5.0,72.5,False,41.02566892064713,1.41,534.5230056762696,476.5983357747396,488.3613352457682,542.1558760070801,0.1756,0.0202,19.98,BUY
2026-06-22,17.280000686645508,4.508999824523926,ADBE,Adobe Inc.,194.89999389648438,-0.13,27.5,17.5,5.5,12.5,4.5,5.0,72.5,False,27.707833992232224,0.96,233.27350082397462,240.7668342590332,261.9924171447754,294.5309001159668,0.1158,0.119,-19.09,BUY
2026-06-22,17.280000686645508,4.508999824523926,ROP,"Roper Technologies, Inc.",325.0899963378906,-1.57,30.0,15.5,6.0,12.5,3.5,5.0,72.5,False,42.02856956734797,1.39,330.57849884033203,342.24903310139973,357.69489466349285,403.5124453735352,0.2927,0.0661,-7.16,BUY
2026-06-22,17.280000686645508,4.508999824523926,FTNT,"Fortinet, Inc.",145.38999938964844,0.46,25.0,8.5,8.0,12.5,12.5,5.0,71.5,False,64.35287894464302,0.79,142.13799934387208,109.68633308410645,95.23716665903727,90.23920001983643,0.6244,0.017,79.43,HOLD
2026-06-22,17.280000686645508,4.508999824523926,MRVL,"Marvell Technology, Inc.",307.8599853515625,-0.88,15.0,14.5,9.0,12.5,15.5,5.0,71.5,False,63.77849725603538,0.65,263.4574996948242,185.51694005330404,134.4098824818929,114.2253930091858,0.7622,0.0084,215.33,HOLD
2026-06-22,17.280000686645508,4.508999824523926,NFLX,"Netflix, Inc.",72.87999725341797,-5.82,30.0,14.5,4.5,12.5,4.5,5.0,71.0,False,21.42150721129468,1.86,82.28599891662597,90.02516644795736,89.01849981943766,98.0963899230957,-0.0919,0.0847,-21.9,HOLD
2026-06-22,17.280000686645508,4.508999824523926,KLAC,KLA Corporation,269.1600036621094,3.7,18.5,13.0,10.0,12.5,12.0,5.0,71.0,False,72.53848579789575,0.84,219.14530029296876,188.3714922587077,166.7209030151367,145.04181789398194,0.9792,0.0082,85.72,HOLD
2026-06-22,17.280000686645508,4.508999824523926,WDAY,"Workday, Inc.",113.04000091552734,-3.33,30.0,17.5,3.5,12.5,2.5,5.0,71.0,False,33.30717693014468,1.08,134.45099945068358,127.46250025431316,145.58266633351644,179.04119968414307,0.0535,0.1117,-11.67,HOLD
2026-06-22,17.280000686645508,4.508999824523926,INTU,Intuit Inc.,257.7699890136719,-3.46,25.0,17.5,6.0,12.5,4.5,5.0,70.5,False,29.29857294702512,0.91,297.81950225830076,362.0824569702148,425.1457224527995,519.2515585327149,0.0836,0.0742,-40.22,HOLD
2026-06-22,17.280000686645508,4.508999824523926,PCAR,PACCAR Inc.,120.12000274658203,0.98,17.0,14.0,7.0,12.5,14.5,5.0,70.0,False,57.00742165910478,0.99,115.70300025939942,117.41014874776205,118.8630267461141,111.11321697235107,0.7849,0.0234,4.48,HOLD
2026-06-22,17.280000686645508,4.508999824523926,COST,Costco Wholesale Corporation,951.3499755859375,-0.01,28.5,7.0,9.5,12.5,7.5,5.0,70.0,False,37.71408861503638,0.82,975.6040008544921,999.9894765218099,983.0941899617513,955.9099044799805,0.2075,0.0165,-2.75,HOLD
2026-06-22,17.280000686645508,4.508999824523926,PLTR,Palantir Technologies Inc.,119.5,-6.98,30.0,14.5,5.0,12.5,2.5,5.0,69.5,False,34.55284959940367,1.34,137.12500038146973,139.15591646830242,147.0371249516805,159.73300006866455,0.0604,0.0061,-19.02,HOLD
2026-06-22,17.280000686645508,4.508999824523926,ISRG,"Intuitive Surgical, Inc.",402.95001220703125,-0.94,30.0,11.5,6.0,12.5,4.0,5.0,69.0,False,38.754107648579335,1.04,416.5509994506836,441.8139984130859,477.07483291625977,490.49840087890624,0.1675,0.0158,-14.0,HOLD
2026-06-22,17.280000686645508,4.508999824523926,SNDK,Sandisk Corporation,2273.72998046875,4.07,19.0,13.0,7.5,12.5,12.0,5.0,69.0,False,72.96776400501707,0.92,1796.6580078125,1305.0668345133463,925.471834564209,624.3634761047364,1.0368,0.0067,276.96,HOLD
2026-06-22,17.280000686645508,4.508999824523926,AXON,"Axon Enterprise, Inc.",410.0299987792969,-3.16,30.0,11.5,7.0,12.5,2.5,5.0,68.5,False,41.77680870789336,0.74,444.62950286865237,413.2183344523112,470.7724161783854,542.9090005493164,0.2552,0.0019,-8.98,HOLD
2026-06-22,17.280000686645508,4.508999824523926,CDNS,"Cadence Design Systems, Inc.",389.0400085449219,0.43,21.5,8.5,9.5,12.5,10.5,5.0,67.5,False,56.005230030369916,1.07,389.5970001220703,343.05266723632815,321.8785001118978,326.53245010375974,0.4897,0.014,38.64,HOLD
2026-06-22,17.280000686645508,4.508999824523926,AMGN,Amgen Inc.,344.7200012207031,2.11,16.0,11.5,9.0,12.5,13.0,5.0,67.0,False,52.65928874632287,0.82,341.7500030517578,340.0661305745443,345.818679300944,328.2121238708496,0.5991,0.04,-1.65,HOLD
2026-06-22,17.280000686645508,4.508999824523926,FAST,Fastenal Company,46.119998931884766,0.5,19.0,7.0,8.0,12.5,15.0,5.0,66.5,False,54.686963696195406,1.23,45.59549980163574,45.148841094970706,44.731261507670084,44.0210422706604,0.6295,0.0171,2.78,HOLD
2026-06-22,17.280000686645508,4.508999824523926,ADP,"Automatic Data Processing, Inc.",214.60000610351562,-1.74,21.5,13.0,7.0,12.5,7.5,5.0,66.5,False,42.510255433819815,0.85,223.76724700927736,210.86218821207683,219.97968139648438,238.7723233795166,0.0768,0.0554,5.73,HOLD
2026-06-22,17.280000686645508,4.508999824523926,MAR,Marriott International,384.19000244140625,-3.03,16.5,11.5,7.0,12.5,12.5,5.0,65.0,False,51.65508226752025,1.02,387.0440017700195,364.23121287027993,345.8508361816406,318.7765669250488,0.4291,0.0177,18.18,HOLD
2026-06-22,17.280000686645508,4.508999824523926,PDD,PDD Holdings Inc.,78.11000061035156,-1.82,20.5,16.0,5.0,12.5,6.0,5.0,65.0,False,29.99303936398718,0.65,84.44549980163575,94.56500002543132,100.21508344014485,110.35740001678467,0.1594,0.6444,-22.37,HOLD
2026-06-22,17.280000686645508,4.508999824523926,PEP,"Pepsico, Inc.",140.7100067138672,-0.92,24.0,10.0,7.5,12.5,5.5,5.0,64.5,False,39.132842357963774,1.07,143.17535324096679,149.49175415039062,151.09240913391113,147.43281829833984,0.2476,0.0455,-5.73,HOLD
2026-06-22,17.280000686645508,4.508999824523926,CHTR,"Charter Communications, Inc.",125.54000091552734,-0.55,20.5,17.5,3.5,12.5,5.5,5.0,64.5,False,31.661766130225175,1.01,138.01349945068358,173.44733327229818,194.78483339945475,210.94390022277832,0.0691,0.1356,-42.55,HOLD
2026-06-22,17.280000686645508,4.508999824523926,CEG,Constellation Energy Corporatio,275.5299987792969,0.54,30.0,5.5,7.0,12.5,4.5,5.0,64.5,False,52.544389721433596,0.63,268.779500579834,284.00891138712564,295.2081178029378,318.28077919006347,0.6023,-0.0455,-6.52,HOLD
2026-06-22,17.280000686645508,4.508999824523926,HON,Honeywell International Inc.,228.11000061035156,-0.39,11.0,11.5,10.0,12.5,14.5,5.0,64.5,False,55.43182061948999,0.57,225.20649948120118,222.05177739461263,223.6083112080892,211.61856872558593,0.582,0.0203,1.86,HOLD
2026-06-22,17.280000686645508,4.508999824523926,PANW,"Palo Alto Networks, Inc.",286.3999938964844,-0.48,17.0,10.0,9.0,12.5,10.5,5.0,64.0,False,65.42434873433551,0.64,275.2309967041016,216.0529993693034,192.9236665089925,196.6116999053955,0.6999,0.0153,83.17,HOLD
2026-06-22,17.280000686645508,4.508999824523926,AEP,American Electric Power Company,130.3000030517578,2.04,16.0,10.0,7.5,12.5,11.5,5.0,62.5,False,53.98476790058451,1.27,128.33599967956542,130.6762409210205,126.82015031178793,121.54562767028808,0.7766,-0.0981,1.86,HOLD
2026-06-22,17.280000686645508,4.508999824523926,REGN,"Regeneron Pharmaceuticals, Inc.",612.5,0.42,20.0,14.0,7.5,12.5,3.5,5.0,62.5,False,39.433012703584325,1.28,616.8559997558593,690.4520263671875,727.801811726888,695.6913619995117,0.4023,0.051,-18.94,HOLD
2026-06-22,17.280000686645508,4.508999824523926,SNPS,"Synopsys, Inc.",464.5799865722656,1.99,17.0,11.5,7.5,12.5,8.5,5.0,62.0,False,45.75519431437205,1.11,479.67650146484374,466.4576685587565,461.87166900634764,458.8307518005371,0.3586,0.0398,15.58,HOLD
2026-06-22,17.280000686645508,4.508999824523926,IDXX,"IDEXX Laboratories, Inc.",545.72998046875,-2.91,24.5,7.0,8.5,12.5,4.5,5.0,62.0,False,44.60448680853549,0.89,560.8535003662109,562.7828308105469,605.6613311767578,632.07759765625,0.052,0.0183,-4.81,HOLD
2026-06-22,17.280000686645508,4.508999824523926,MELI,"MercadoLibre, Inc.",1589.449951171875,-2.79,18.0,14.0,7.0,12.5,5.5,5.0,62.0,False,42.49979843249898,0.77,1645.1320068359375,1709.0230061848958,1830.7001719156901,1970.0564044189452,0.1533,-0.0509,-2.55,HOLD
2026-06-22,17.280000686645508,4.508999824523926,ORLY,"O'Reilly Automotive, Inc.",85.62999725341797,-1.39,21.5,11.5,7.5,12.5,4.0,5.0,62.0,False,36.01209457379929,1.33,88.88099937438965,91.47099927266439,92.64108295440674,95.49709976196289,0.0387,0.0188,-7.2,HOLD
2026-06-22,17.280000686645508,4.508999824523926,ALNY,"Alnylam Pharmaceuticals, Inc.",286.4100036621094,2.99,22.5,16.0,5.5,12.5,0.0,5.0,61.5,False,45.56956317761859,1.18,292.34350128173827,303.8508331298828,324.084499613444,373.5883000183105,0.312,0.0054,-12.72,HOLD
2026-06-22,17.280000686645508,4.508999824523926,TMUS,"T-Mobile US, Inc.",180.05999755859375,-0.89,18.5,17.5,4.0,12.5,3.5,5.0,61.0,False,40.1703728395115,0.97,184.62878494262696,191.13810043334962,197.13173955281576,204.7321378326416,0.2474,0.0572,-14.44,HOLD
2026-06-22,17.280000686645508,4.508999824523926,CTSH,Cognizant Technology Solutions ,41.83000183105469,-4.28,18.5,17.5,3.0,12.5,4.5,5.0,61.0,False,23.358794607905963,1.74,51.85299987792969,54.242262585957846,63.20246070226033,66.72647924423218,-0.1927,0.0965,-30.67,HOLD
2026-06-22,17.280000686645508,4.508999824523926,CTAS,Cintas Corporation,169.4499969482422,-0.82,20.0,10.0,9.0,12.5,4.5,5.0,61.0,False,43.29084887959824,0.52,174.62049942016603,172.5988800048828,182.52039273579916,185.64789184570313,0.1746,0.0222,0.63,HOLD
2026-06-22,17.280000686645508,4.508999824523926,WMT,Walmart Inc.,117.18000030517578,0.0,19.5,7.0,8.5,12.5,8.5,5.0,61.0,False,38.58980938920667,0.66,118.41899909973145,124.74455846150717,123.24116586049398,116.13362083435058,0.3585,0.0074,-3.91,HOLD
2026-06-22,17.280000686645508,4.508999824523926,INTC,Intel Corporation,140.94000244140625,5.19,3.5,17.0,8.0,12.5,14.0,5.0,60.0,False,67.26710920849209,0.93,117.46599960327148,94.09683329264323,69.83500006993611,56.09660002708435,1.0908,-0.0117,219.59,HOLD
2026-06-22,17.280000686645508,4.508999824523926,VRSK,"Verisk Analytics, Inc.",168.99000549316406,-2.77,21.0,11.5,5.5,12.5,4.5,5.0,60.0,False,39.19301917575084,0.92,177.32607498168946,176.09657516479493,190.1150655110677,206.4427532196045,0.0573,0.0427,-8.77,HOLD
2026-06-22,17.280000686645508,4.508999824523926,XEL,Xcel Energy Inc.,78.80999755859375,1.81,14.0,10.0,8.5,12.5,9.5,5.0,59.5,False,51.951883062444864,0.7,78.2174144744873,79.0446242014567,78.0892790476481,77.31185245513916,0.6168,-0.1519,1.89,WEAK
2026-06-22,17.280000686645508,4.508999824523926,PAYX,"Paychex, Inc.",95.93000030517578,-2.35,19.0,13.0,5.5,12.5,4.5,5.0,59.5,False,46.40569115678819,1.32,98.67700004577637,93.50061937967936,95.96697737375895,104.46752140045166,0.2016,,3.82,WEAK
2026-06-22,17.280000686645508,4.508999824523926,KDP,Keurig Dr Pepper Inc.,30.8700008392334,0.36,7.0,12.5,7.5,12.5,14.0,5.0,58.5,False,56.01389991765252,0.93,30.685000133514404,28.610666847229005,28.250641091664633,27.67195121765137,0.5589,-0.3892,18.55,WEAK
2026-06-22,17.280000686645508,4.508999824523926,SHOP,Shopify Inc.,107.9800033569336,-0.8,20.5,13.0,6.5,12.5,1.0,5.0,58.5,False,46.1961580200364,0.95,111.33199996948242,114.24116694132486,124.20416660308838,137.42765003204346,0.3331,0.009,-6.45,WEAK
2026-06-22,17.280000686645508,4.508999824523926,PYPL,"PayPal Holdings, Inc.",42.34000015258789,-0.4,15.0,16.0,6.5,12.5,3.5,5.0,58.5,False,43.966303791824416,0.78,42.79139595031738,45.548836898803714,47.15837564468384,54.40670837402344,0.415,0.1093,-6.02,WEAK
2026-06-22,17.280000686645508,4.508999824523926,ZS,"Zscaler, Inc.",124.05999755859375,-0.63,19.5,15.5,5.0,12.5,0.5,5.0,58.0,False,40.045395780210725,0.38,136.49049911499023,140.13633257548014,161.28904145558676,210.84522510528564,0.326,0.0553,-12.33,WEAK
2026-06-22,17.280000686645508,4.508999824523926,TRI,Thomson Reuters Corp,76.55000305175781,-2.58,21.5,14.0,2.5,12.5,2.5,5.0,58.0,False,36.666712941831,1.02,83.16850051879882,86.55219955444336,94.93654034932455,114.44409255981445,0.0596,0.0502,-13.34,WEAK
2026-06-22,17.280000686645508,4.508999824523926,KHC,The Kraft Heinz Company,22.030000686645508,-3.46,13.0,14.5,5.0,12.5,8.0,5.0,58.0,False,38.448569259341845,1.15,23.33818950653076,22.65053628285726,22.79326688448588,23.314243955612184,0.0327,0.123,4.03,WEAK
2026-06-22,17.280000686645508,4.508999824523926,ODFL,"Old Dominion Freight Line, Inc.",219.52000427246094,-0.69,8.0,7.0,8.5,12.5,15.5,5.0,56.5,False,45.658128558460334,0.84,231.27487716674804,213.73941701253256,199.07706464131672,176.39045906066895,0.2597,0.0189,16.96,WEAK
2026-06-22,17.280000686645508,4.508999824523926,INSM,Insmed Incorporated,98.6050033569336,2.93,15.0,14.0,6.5,12.5,3.5,5.0,56.5,False,42.172579316779434,0.88,100.75225028991699,124.87324968973796,139.87879174550375,153.35917476654052,0.4005,-0.0284,-33.19,WEAK
2026-06-22,17.280000686645508,4.508999824523926,CPRT,"Copart, Inc.",29.479999542236328,-2.48,20.5,7.0,6.0,12.5,4.0,5.0,55.0,False,34.75788810642925,0.98,31.339999961853028,32.61000010172526,35.29441684087117,38.29785003662109,0.1327,0.0366,-10.75,WEAK
2026-06-22,17.280000686645508,4.508999824523926,TSLA,"Tesla, Inc.",405.04998779296875,1.14,15.5,7.0,5.5,12.5,9.5,5.0,55.0,False,48.91956656508982,1.01,413.05749969482423,396.24933369954425,406.7245834350586,417.3185502624512,0.3827,0.0035,8.85,WEAK
2026-06-22,17.280000686645508,4.508999824523926,GEHC,GE HealthCare Technologies Inc.,60.63999938964844,-1.54,16.0,11.5,6.0,12.5,4.0,5.0,55.0,False,38.23811582274715,1.03,63.409000396728516,66.12197539011638,72.85613756179809,74.53791463851928,0.0222,0.0538,-15.19,WEAK
2026-06-22,17.280000686645508,4.508999824523926,TTWO,"Take-Two Interactive Software, ",239.57000732421875,0.12,10.5,8.5,8.0,12.5,10.0,5.0,54.5,False,66.79292757829506,1.38,220.84400100708007,216.70966695149738,218.866250483195,230.88379997253418,1.0349,0.0325,23.03,WEAK
2026-06-22,17.280000686645508,4.508999824523926,CRWD,"CrowdStrike Holdings, Inc.",675.4400024414062,-1.38,13.0,5.5,7.0,12.5,10.5,5.0,53.5,False,55.80994609459793,0.93,690.6329986572266,542.1099995930989,485.5857498168945,490.71730041503906,0.4037,0.0112,72.03,WEAK
2026-06-22,17.280000686645508,4.508999824523926,DASH,"DoorDash, Inc.",172.0800018310547,-0.8,19.0,7.0,6.0,12.5,3.0,5.0,52.5,False,58.179779990057995,1.37,159.73250045776368,162.7557502746582,176.04962488810222,202.01429985046386,0.9429,0.0306,13.24,WEAK
2026-06-22,17.280000686645508,4.508999824523926,CMCSA,Comcast Corporation,22.31999969482422,-0.49,17.0,5.5,6.0,12.5,6.0,5.0,52.0,False,26.730011579013762,1.37,24.064999866485596,26.22220096588135,27.85150189399719,27.45645492553711,0.0287,0.0503,-21.38,WEAK
2026-06-22,17.280000686645508,4.508999824523926,FANG,"Diamondback Energy, Inc.",187.8000030517578,2.34,11.0,4.0,7.5,12.5,11.5,5.0,51.5,False,43.64452936573195,0.64,194.4724998474121,195.03208491007487,180.1673641204834,165.50478759765625,0.2442,0.0264,-6.61,WEAK
2026-06-22,17.280000686645508,4.508999824523926,EXC,Exelon Corporation,45.939998626708984,0.28,7.0,8.5,9.0,12.5,9.5,5.0,51.5,False,53.87255675521974,0.86,45.449221229553224,46.01001923878987,45.771772638956705,45.13981201171875,0.7004,-0.0597,-4.19,WEAK
2026-06-22,17.280000686645508,4.508999824523926,FER,Ferrovial N.V.,70.76000213623047,2.22,8.5,4.0,8.5,12.5,13.0,5.0,51.5,False,61.522614394830605,0.86,67.67649993896484,67.82855650583903,67.66114101409912,65.12103847503663,0.9804,0.0063,13.62,WEAK
2026-06-22,17.280000686645508,4.508999824523926,MSTR,Strategy Inc,109.45999908447266,-2.73,14.0,11.5,3.5,12.5,2.5,5.0,49.0,False,32.77426620939346,1.13,132.15799865722656,149.33249994913737,146.98266658782958,190.73425022125244,0.1699,-0.2238,-17.66,SELL
2026-06-22,17.280000686645508,4.508999824523926,WBD,"Warner Bros. Discovery, Inc. - ",26.950000762939453,2.86,8.5,5.5,7.0,12.5,10.0,5.0,48.5,False,52.08284433338737,1.02,26.79050006866455,27.073499997456867,27.58358335494995,25.228700046539306,0.6143,0.2733,-0.44,SELL
2026-06-23,19.489999771118164,4.493000030517578,GOOGL,Alphabet Inc.,346.1300048828125,-1.02,30.0,18.5,10.0,12.5,15.5,5.0,91.5,False,37.413583389383646,0.88,367.78593292236326,356.7567804972331,336.1826807657878,311.9020911407471,0.061,0.0066,26.24,STRONG_BUY
2026-06-23,19.489999771118164,4.493000030517578,MU,"Micron Technology, Inc.",1051.77001953125,-13.18,30.0,20.5,8.0,12.5,15.5,5.0,91.5,False,57.041454468564446,1.04,1003.0799957275391,696.9330001831055,543.8514205932618,410.7247367858887,0.6385,0.0024,194.56,STRONG_BUY
2026-06-23,19.489999771118164,4.493000030517578,NVDA,NVIDIA Corporation,200.0399932861328,-4.13,30.0,20.5,9.0,12.5,13.5,5.0,90.5,False,42.56390214776129,0.89,210.3988296508789,204.35267842610676,194.21621449788412,190.01871856689453,0.1022,0.0096,19.55,STRONG_BUY
2026-06-23,19.489999771118164,4.493000030517578,ADI,"Analog Devices, Inc.",407.260009765625,-8.58,29.5,17.5,8.0,12.5,17.0,5.0,89.5,False,48.366667934614746,1.38,416.70295867919924,390.24436340332034,352.89689280192056,310.7599018859863,0.323,0.0195,32.83,STRONG_BUY
2026-06-23,19.489999771118164,4.493000030517578,GOOG,Alphabet Inc.,346.0799865722656,-0.77,30.0,18.5,7.5,12.5,15.5,5.0,89.0,False,38.78324325639406,0.86,365.3006332397461,354.2504597981771,334.92981338500977,311.41454612731934,0.0803,0.0066,26.49,STRONG_BUY
2026-06-23,19.489999771118164,4.493000030517578,AVGO,Broadcom Inc.,380.1499938964844,-3.06,30.0,20.5,9.0,12.5,11.5,5.0,88.5,False,43.6112174247223,0.79,410.3271987915039,397.50208740234376,363.7030103047689,359.43075286865235,0.2732,0.015,26.63,STRONG_BUY
2026-06-23,19.489999771118164,4.493000030517578,STX,Seagate Technology Holdings PLC,1038.5899658203125,-5.07,27.5,19.0,8.0,12.5,15.5,5.0,87.5,False,66.16475543342705,1.27,934.7964904785156,726.2803293863932,551.9576403299967,430.03422271728516,0.7982,0.0069,173.26,STRONG_BUY
2026-06-23,19.489999771118164,4.493000030517578,WDC,Western Digital Corporation,670.75,-8.45,29.0,19.0,6.0,12.5,15.5,5.0,87.0,False,63.24177493663471,1.42,586.5211944580078,462.3708196004232,360.0659486134847,272.09544067382814,0.7589,0.009,143.67,STRONG_BUY
2026-06-23,19.489999771118164,4.493000030517578,LRCX,Lam Research Corporation,371.3299865722656,-9.33,29.0,14.5,8.0,12.5,15.5,5.0,84.5,False,58.71762403715046,1.32,345.70136108398435,290.5767687479655,256.4388875325521,212.62079402923584,0.7104,0.0094,75.77,STRONG_BUY
2026-06-23,19.489999771118164,4.493000030517578,EA,Electronic Arts Inc.,203.52000427246094,0.27,26.5,15.5,10.0,12.5,14.5,5.0,84.0,False,60.197260586601324,0.87,202.5264991760254,202.21745681762695,201.90284207661946,199.28023735046386,0.7902,0.0435,0.84,STRONG_BUY
2026-06-23,19.489999771118164,4.493000030517578,NXPI,NXP Semiconductors N.V.,299.94000244140625,-7.21,28.0,17.5,8.0,12.5,12.5,5.0,83.5,False,49.290196904704864,1.4,311.67700042724607,270.55249989827473,246.1651606241862,233.49356697082519,0.2829,0.036,56.5,STRONG_BUY
2026-06-23,19.489999771118164,4.493000030517578,TXN,Texas Instruments Incorporated,304.3599853515625,-8.4,28.0,14.5,8.0,12.5,15.5,5.0,83.5,False,51.82916523304607,1.12,305.225,270.94996236165366,235.81720975240071,209.86960174560548,0.4839,0.0039,60.72,STRONG_BUY
2026-06-23,19.489999771118164,4.493000030517578,ROST,"Ross Stores, Inc.",229.0500030517578,-3.34,30.0,10.0,8.0,12.5,17.0,5.0,82.5,False,49.277510377478876,1.03,231.89412536621094,224.7817184448242,210.99455668131512,191.18729843139647,0.3442,0.0279,8.41,BUY
2026-06-23,19.489999771118164,4.493000030517578,AMAT,"Applied Materials, Inc.",585.8800048828125,-8.48,26.0,14.5,8.0,12.5,15.5,5.0,81.5,False,63.45166015178459,1.21,520.2480010986328,438.1320551554362,385.6962610880534,321.75339576721194,0.7623,0.0065,73.98,BUY
2026-06-23,19.489999771118164,4.493000030517578,AAPL,Apple Inc.,294.29998779296875,-0.91,26.0,16.0,8.5,12.5,13.5,5.0,81.5,False,47.09933643172074,0.97,302.27250213623046,284.2160051981608,272.5247849782308,268.3650478363037,0.2569,0.0234,18.4,BUY
2026-06-23,19.489999771118164,4.493000030517578,MPWR,"Monolithic Power Systems, Inc.",1423.760009765625,-7.42,30.0,13.0,5.5,12.5,15.5,5.0,81.5,False,43.32204705137734,1.57,1566.4565063476562,1489.1591481526693,1287.8514907836914,1149.323874206543,0.0276,0.007,35.48,BUY
2026-06-23,19.489999771118164,4.493000030517578,CSCO,"Cisco Systems, Inc.",121.1500015258789,-0.31,26.5,14.5,10.0,12.5,12.5,5.0,81.0,False,57.789026281979226,0.83,121.50300025939941,102.15243161519369,89.98370628356933,82.69084274291993,0.4731,0.0195,52.41,BUY
2026-06-23,19.489999771118164,4.493000030517578,DXCM,"DexCom, Inc.",68.91999816894531,-0.22,30.0,14.0,7.0,12.5,12.5,5.0,81.0,False,44.75850496760891,1.08,73.20800018310547,66.1966667175293,68.0515832901001,67.40825006484985,0.0405,0.0397,10.71,BUY
2026-06-23,19.489999771118164,4.493000030517578,DDOG,"Datadog, Inc.",220.57000732421875,-0.36,26.5,15.5,10.0,12.5,10.5,5.0,80.0,False,50.80328246320087,0.48,234.96350021362304,178.02866706848144,151.16033363342285,152.32980041503907,0.2689,0.0119,92.67,BUY
2026-06-23,19.489999771118164,4.493000030517578,AMD,"Advanced Micro Devices, Inc.",519.8499755859375,-5.76,24.5,17.0,8.0,12.5,12.5,5.0,79.5,False,56.4825826598576,0.86,509.5765014648438,388.7756673177083,301.49333368937175,264.8880500793457,0.5984,0.0085,157.36,BUY
2026-06-23,19.489999771118164,4.493000030517578,META,"Meta Platforms, Inc.",562.2000122070312,-0.29,30.0,20.5,9.0,12.5,2.5,5.0,79.5,False,39.11086109852242,0.64,594.5075439453125,612.3091837565104,628.8223368326823,651.9256665039062,0.1802,0.0179,7.04,BUY
2026-06-23,19.489999771118164,4.493000030517578,MDLZ,"Mondelez International, Inc.",61.060001373291016,2.6,23.0,14.5,8.0,12.5,15.0,5.0,78.0,False,48.79117793063022,1.05,61.688500213623044,60.1156639734904,58.699271774291994,58.29093053817749,0.359,0.0363,5.7,BUY
2026-06-23,19.489999771118164,4.493000030517578,ABNB,"Airbnb, Inc.",138.85000610351562,-0.24,21.0,14.0,9.0,12.5,16.5,5.0,78.0,False,55.394070262272095,0.83,135.24199981689452,135.11883366902669,132.83862495422363,129.29482498168946,0.737,0.0387,13.01,BUY
2026-06-23,19.489999771118164,4.493000030517578,LITE,Lumentum Holdings Inc.,827.9199829101562,-7.38,22.5,17.5,7.0,12.5,13.5,5.0,78.0,False,44.47978477565058,0.72,893.2795013427734,885.6035003662109,711.0572504679362,519.6833002471924,0.1669,0.0014,17.81,BUY
2026-06-23,19.489999771118164,4.493000030517578,MCHP,Microchip Technology Incorporat,93.26000213623047,-9.2,19.5,17.5,7.5,12.5,15.5,5.0,77.5,False,49.09773634894507,1.32,94.9995002746582,87.4095390955607,79.46970303853352,72.19638074874878,0.3853,0.0225,51.17,BUY
2026-06-23,19.489999771118164,4.493000030517578,QCOM,QUALCOMM Incorporated,204.1300048828125,-8.01,23.0,19.0,7.5,12.5,10.5,5.0,77.5,False,47.03200210752026,1.07,223.88488006591797,183.02476895650227,164.7591495513916,165.8810843658447,0.2139,0.0446,61.19,BUY
2026-06-23,19.489999771118164,4.493000030517578,SBUX,Starbucks Corporation,101.05000305175781,0.9,19.5,14.0,9.0,12.5,16.5,5.0,76.5,False,52.45319571789467,0.66,99.10100059509277,99.49633598327637,96.6249392191569,91.11992107391357,0.6713,-0.0113,17.09,BUY
2026-06-23,19.489999771118164,4.493000030517578,ASML,ASML Holding N.V. - New York Re,1778.4599609375,-7.82,24.0,13.0,6.5,12.5,15.5,5.0,76.5,False,53.39725128658059,1.18,1756.6869995117188,1553.8619079589844,1457.1769856770834,1275.5387579345704,0.5481,0.012,36.84,BUY
2026-06-23,19.489999771118164,4.493000030517578,AMZN,"Amazon.com, Inc.",234.11000061035156,0.57,28.5,14.5,8.0,12.5,7.5,5.0,76.0,False,37.833104994403605,1.21,249.88400115966797,249.97700042724608,235.7001667022705,232.82980010986327,0.1905,0.0039,17.44,BUY
2026-06-23,19.489999771118164,4.493000030517578,GILD,"Gilead Sciences, Inc.",125.05000305175781,0.14,30.0,11.5,8.5,12.5,8.5,5.0,76.0,False,43.62120886524385,0.89,127.47240829467773,131.70663134256998,134.88936405181886,127.94224098205567,0.3406,0.0511,-6.24,BUY
2026-06-23,19.489999771118164,4.493000030517578,VRTX,Vertex Pharmaceuticals Incorpor,468.4200134277344,0.35,28.0,11.5,9.0,12.5,10.0,5.0,76.0,False,64.36258976508691,0.84,445.64649810791013,439.28583374023435,453.2115826924642,440.3411993408203,1.0139,0.0234,8.16,BUY
2026-06-23,19.489999771118164,4.493000030517578,ADSK,"Autodesk, Inc.",188.77999877929688,0.56,30.0,17.5,6.0,12.5,4.5,5.0,75.5,False,27.173890794363288,0.94,218.16400146484375,231.61116714477538,242.66250038146973,268.4665500640869,0.1307,0.0768,-17.86,BUY
2026-06-23,19.489999771118164,4.493000030517578,BKNG,Booking Holdings Inc. Common St,168.94000244140625,0.7,30.0,16.0,7.5,12.5,4.5,5.0,75.5,False,52.37544495870186,1.13,167.30378494262695,169.18686065673828,177.20415484110515,189.29894172668457,0.6023,0.054,4.23,BUY
2026-06-23,19.489999771118164,4.493000030517578,NFLX,"Netflix, Inc.",72.81999969482422,-0.08,30.0,17.0,6.0,12.5,4.5,5.0,75.0,False,21.349252852022943,1.16,81.49699897766114,89.68349978129069,88.84074980417887,97.83174991607666,-0.015,0.0848,-22.06,BUY
2026-06-23,19.489999771118164,4.493000030517578,LIN,Linde plc,512.260009765625,-0.86,16.0,13.0,10.0,12.5,18.5,5.0,75.0,False,52.01765992351449,0.82,509.4971725463867,503.77489217122394,485.1059936523437,465.0776786804199,0.5812,0.0198,4.63,BUY
2026-06-23,19.489999771118164,4.493000030517578,CSX,CSX Corporation,46.15999984741211,-0.09,19.0,11.5,9.0,12.5,17.0,5.0,74.0,False,50.89274687043516,0.78,46.482174491882326,44.62459259033203,41.73455346425374,38.996222438812254,0.3829,0.0132,16.72,BUY
2026-06-23,19.489999771118164,4.493000030517578,BKR,Baker Hughes Company,58.68000030517578,-0.79,27.0,11.5,8.5,12.5,9.5,5.0,74.0,False,36.08944515393149,0.8,62.86599998474121,63.626369921366376,60.27084010442098,54.98762071609497,0.0454,0.0541,-6.87,BUY
2026-06-23,19.489999771118164,4.493000030517578,ROP,"Roper Technologies, Inc.",329.5400085449219,1.37,30.0,15.5,6.0,12.5,4.5,5.0,73.5,False,46.69004024781126,0.96,330.7084991455078,341.9050776163737,356.7012753804525,402.5409719848633,0.4555,0.0652,-4.08,BUY
2026-06-23,19.489999771118164,4.493000030517578,APP,Applovin Corporation,467.0199890136719,-0.5,30.0,15.5,6.0,12.5,4.5,5.0,73.5,False,40.589896215993456,0.88,533.790005493164,477.86183573404946,486.4296684265137,541.9911259460449,0.1733,0.0203,22.51,BUY
2026-06-23,19.489999771118164,4.493000030517578,ADBE,Adobe Inc.,197.42999267578125,1.3,27.5,17.5,6.5,12.5,4.5,5.0,73.5,False,29.975666093680573,0.81,230.90700073242186,240.04266738891602,260.69466705322264,293.79650009155273,0.1786,0.1175,-15.93,BUY
2026-06-23,19.489999771118164,4.493000030517578,MSFT,Microsoft Corporation,373.94000244140625,1.8,28.0,18.5,6.5,12.5,2.5,5.0,73.0,False,35.34181915491811,0.97,408.3294967651367,405.0859990437826,413.55054473876953,448.22708770751956,0.1642,0.0133,5.04,BUY
2026-06-23,19.489999771118164,4.493000030517578,MNST,Monster Beverage Corporation,93.69000244140625,0.72,25.5,8.5,9.0,12.5,12.5,5.0,73.0,False,68.78918980474398,0.88,90.38899993896484,82.42100016276042,80.77533359527588,76.44000017166138,0.8985,0.0184,30.43,BUY
2026-06-23,19.489999771118164,4.493000030517578,ARM,Arm Holdings plc,366.3900146484375,-10.14,25.5,10.0,7.0,12.5,12.5,5.0,72.5,False,54.00327618315327,0.81,370.76549835205077,252.9797503153483,186.411208597819,170.3694752883911,0.4736,0.0019,154.21,BUY
2026-06-23,19.489999771118164,4.493000030517578,KLAC,KLA Corporation,244.49000549316406,-9.17,18.5,13.0,8.0,12.5,15.5,5.0,72.5,False,59.73994056235591,1.34,221.9279006958008,190.03085861206054,167.71069501241047,145.8294748687744,0.7199,0.009,69.62,BUY
2026-06-23,19.489999771118164,4.493000030517578,FTNT,"Fortinet, Inc.",148.0,1.8,25.0,8.5,9.0,12.5,12.5,5.0,72.5,False,66.73196998000898,0.79,142.841499710083,110.80249977111816,95.79699999491373,90.59700000762939,0.7028,0.0167,89.26,BUY
2026-06-23,19.489999771118164,4.493000030517578,CCEP,Coca-Cola Europacific Partners ,97.7699966430664,0.81,25.5,8.5,6.0,12.5,14.5,5.0,72.0,False,59.0238443007318,0.93,95.25300064086915,94.12340621948242,94.62644392649332,92.10592746734619,0.7043,0.0404,7.83,BUY
2026-06-23,19.489999771118164,4.493000030517578,SNDK,Sandisk Corporation,1963.5999755859375,-13.64,19.0,13.0,7.0,12.5,15.5,5.0,72.0,False,57.785255248008816,1.16,1820.9035095214845,1327.7406677246095,939.7997510274251,633.868975982666,0.6684,0.0078,218.85,BUY
2026-06-23,19.489999771118164,4.493000030517578,WDAY,"Workday, Inc.",115.12999725341797,1.85,30.0,17.5,4.5,12.5,2.5,5.0,72.0,False,35.9106838747708,0.85,133.80049934387208,127.24850018819173,144.7171662648519,178.4611996459961,0.1319,0.1097,-7.29,BUY
2026-06-23,19.489999771118164,4.493000030517578,INTU,Intuit Inc.,258.04998779296875,0.11,25.0,17.5,7.0,12.5,4.5,5.0,71.5,False,29.449001054518945,0.88,294.7250015258789,359.19633331298826,421.70582580566406,517.2228427124023,0.1334,0.0741,-37.84,HOLD
2026-06-23,19.489999771118164,4.493000030517578,PLTR,Palantir Technologies Inc.,116.69999694824219,-2.34,30.0,14.5,5.0,12.5,2.5,5.0,69.5,False,32.765596025903136,0.98,136.11599998474122,138.64158312479654,146.474791653951,159.53580005645753,0.0593,0.0063,-18.43,HOLD
2026-06-23,19.489999771118164,4.493000030517578,AXON,"Axon Enterprise, Inc.",433.0400085449219,5.61,30.0,11.5,6.0,12.5,4.5,5.0,69.5,False,49.811136363593654,0.93,446.98150329589845,412.9280014038086,469.54316635131835,541.4234007263184,0.3934,0.0018,0.72,HOLD
2026-06-23,19.489999771118164,4.493000030517578,COST,Costco Wholesale Corporation,957.6799926757812,0.67,28.5,7.0,8.5,12.5,7.5,5.0,69.0,False,40.50731487541549,0.94,972.0760009765625,999.6469665527344,983.8631856282552,955.9389712524414,0.2879,0.0164,-2.52,HOLD
2026-06-23,19.489999771118164,4.493000030517578,ISRG,"Intuitive Surgical, Inc.",403.17999267578125,0.06,30.0,11.5,6.0,12.5,4.0,5.0,69.0,False,38.92044712930765,1.03,414.80499877929685,440.72449849446616,475.6396659851074,490.2417008972168,0.1872,0.0158,-10.93,HOLD
2026-06-23,19.489999771118164,4.493000030517578,AMGN,Amgen Inc.,347.010009765625,0.66,16.0,11.5,9.0,12.5,14.5,5.0,68.5,False,54.36028618268484,0.64,342.1355041503906,340.00774536132815,346.00286127726235,328.57651229858396,0.6612,0.0397,0.25,HOLD
2026-06-23,19.489999771118164,4.493000030517578,CDNS,"Cadence Design Systems, Inc.",379.05999755859375,-2.57,21.5,8.5,10.0,12.5,10.5,5.0,68.0,False,50.503478291003226,0.69,389.8705001831055,344.6933339436849,322.38975016276044,326.6811001586914,0.296,0.0143,39.48,HOLD
2026-06-23,19.489999771118164,4.493000030517578,MRVL,"Marvell Technology, Inc.",279.0400085449219,-9.36,15.0,14.5,8.5,12.5,12.5,5.0,68.0,False,56.089076847886545,0.61,267.5930000305176,188.5404214223226,136.02142035166423,115.30069576263428,0.5727,0.0093,194.25,HOLD
2026-06-23,19.489999771118164,4.493000030517578,FAST,Fastenal Company,45.599998474121094,-1.13,19.0,7.0,9.0,12.5,15.0,5.0,67.5,False,50.933130073141015,0.83,45.67849979400635,45.16099268595378,44.77088505427043,44.001686038970945,0.479,0.0173,1.99,HOLD
2026-06-23,19.489999771118164,4.493000030517578,PEP,"Pepsico, Inc.",142.0500030517578,0.95,24.0,10.0,8.5,12.5,7.5,5.0,67.5,False,43.12058028713285,0.76,142.82773666381837,149.37159372965496,151.09720662434896,147.43658950805664,0.4041,0.045,-6.2,HOLD
2026-06-23,19.489999771118164,4.493000030517578,PCAR,PACCAR Inc.,116.77999877929688,-2.78,17.0,14.0,7.0,12.5,11.5,5.0,67.0,False,50.303301414678806,0.9,116.0745002746582,117.44026743570963,118.91280663808188,111.2166124343872,0.5493,0.0241,3.9,HOLD
2026-06-23,19.489999771118164,4.493000030517578,ALNY,"Alnylam Pharmaceuticals, Inc.",288.17999267578125,0.62,22.5,16.0,6.5,12.5,3.0,5.0,65.5,False,46.93187857630014,0.84,291.88000030517577,303.184499613444,323.1624994913737,372.76149993896485,0.3821,0.0053,-9.19,HOLD
2026-06-23,19.489999771118164,4.493000030517578,PDD,PDD Holdings Inc.,76.55999755859375,-1.98,20.5,16.0,5.0,12.5,6.0,5.0,65.0,False,27.933134725951277,0.71,83.54749984741211,94.16399993896485,99.90183340708414,110.12084999084473,0.0961,0.6574,-23.29,HOLD
2026-06-23,19.489999771118164,4.493000030517578,MAR,Marriott International,386.8299865722656,0.69,16.5,11.5,7.0,12.5,12.5,5.0,65.0,False,53.585184207158605,1.15,387.9280014038086,365.2600743611654,346.4645401000977,319.3748585510254,0.47,0.0176,22.06,HOLD
2026-06-23,19.489999771118164,4.493000030517578,SNPS,"Synopsys, Inc.",461.5,-0.66,18.5,11.5,7.5,12.5,9.5,5.0,64.5,False,44.57774015318138,0.94,476.514501953125,467.450168355306,461.7260856628418,458.12845169067384,0.3483,0.04,21.3,HOLD
2026-06-23,19.489999771118164,4.493000030517578,CEG,Constellation Energy Corporatio,270.260009765625,-1.91,30.0,5.5,7.0,12.5,4.5,5.0,64.5,False,49.33154320136272,0.77,267.5890007019043,283.60104344685874,294.48282356262206,318.0930065155029,0.5434,-0.0464,-10.22,HOLD
2026-06-23,19.489999771118164,4.493000030517578,PANW,"Palo Alto Networks, Inc.",290.9150085449219,1.58,17.0,10.0,9.0,12.5,10.5,5.0,64.0,False,67.26652944730992,0.6,276.74774780273435,218.29558283487955,193.7908748626709,197.10452491760253,0.7541,0.0151,97.87,HOLD
2026-06-23,19.489999771118164,4.493000030517578,TMUS,"T-Mobile US, Inc.",184.57000732421875,2.5,18.5,17.5,5.5,12.5,4.5,5.0,63.5,False,48.16485826038213,1.28,184.33544921875,190.70679829915363,196.99409980773925,204.41334243774415,0.5136,0.0558,-11.98,HOLD
2026-06-23,19.489999771118164,4.493000030517578,CHTR,"Charter Communications, Inc.",131.75,4.95,20.5,17.5,4.5,12.5,3.5,5.0,63.5,False,39.22127984333271,0.81,137.34349975585937,172.0013333638509,194.1407501220703,210.3051001739502,0.3048,0.1292,-39.88,HOLD
2026-06-23,19.489999771118164,4.493000030517578,IDXX,"IDEXX Laboratories, Inc.",541.3099975585938,-0.81,26.5,7.0,7.5,12.5,4.5,5.0,63.0,False,43.13806678705865,0.99,559.9505004882812,562.2498311360677,604.4398310343424,631.581947631836,0.0097,0.0184,-3.05,HOLD
2026-06-23,19.489999771118164,4.493000030517578,AEP,American Electric Power Company,133.74000549316406,2.64,16.0,10.0,6.0,12.5,13.0,5.0,62.5,False,61.80577792388267,1.9,128.4435001373291,130.773224512736,126.98436997731527,121.68346073150634,1.1524,-0.0956,3.54,HOLD
2026-06-23,19.489999771118164,4.493000030517578,HON,Honeywell International Inc.,222.3699951171875,-2.52,11.0,11.5,8.0,12.5,14.5,5.0,62.5,False,49.32552894340147,0.96,224.9289993286133,222.0256228129069,223.83602434794108,211.73296775817872,0.4277,0.0208,0.21,HOLD
2026-06-23,19.489999771118164,4.493000030517578,MELI,"MercadoLibre, Inc.",1583.6600341796875,-0.36,18.0,16.0,7.0,12.5,4.0,5.0,62.5,False,41.90906195489056,0.78,1641.0940063476562,1708.2341735839843,1827.1059224446615,1965.885704345703,0.1592,-0.0511,-0.99,HOLD
2026-06-23,19.489999771118164,4.493000030517578,ODFL,"Old Dominion Freight Line, Inc.",217.5800018310547,-0.88,8.0,10.0,8.5,12.5,18.5,5.0,62.5,False,44.391495062286054,0.65,231.6436996459961,214.23754908243816,199.56410001118977,176.73775588989258,0.1984,0.019,15.67,HOLD
2026-06-23,19.489999771118164,4.493000030517578,REGN,"Regeneron Pharmaceuticals, Inc.",618.030029296875,0.9,20.0,14.0,7.5,12.5,3.5,5.0,62.5,False,42.44480245315486,1.02,615.8135009765625,688.159169514974,726.4653991699219,695.9565853881836,0.5561,0.0505,-16.1,HOLD
2026-06-23,19.489999771118164,4.493000030517578,ORLY,"O'Reilly Automotive, Inc.",87.54000091552734,2.23,21.5,11.5,7.5,12.5,4.0,5.0,62.0,False,43.58440048445258,0.91,88.67099952697754,91.39216601053873,92.60574963887532,95.4095997619629,0.3286,0.0183,-2.85,HOLD
2026-06-23,19.489999771118164,4.493000030517578,WMT,Walmart Inc.,119.41999816894531,1.91,19.5,7.0,8.5,12.5,9.5,5.0,62.0,False,45.819897878235935,0.89,118.37649917602539,124.702437210083,123.30228595733642,116.2290867614746,0.6209,0.0072,-2.64,HOLD
2026-06-23,19.489999771118164,4.493000030517578,ADP,"Automatic Data Processing, Inc.",220.5,2.75,20.0,13.0,7.0,12.5,4.5,5.0,62.0,False,50.34620234182711,0.83,223.6115737915039,211.15435358683268,219.68765004475912,238.40959190368653,0.3577,0.0539,10.4,HOLD
2026-06-23,19.489999771118164,4.493000030517578,XEL,Xcel Energy Inc.,80.33000183105469,1.93,12.5,10.0,8.5,12.5,13.0,5.0,61.5,False,57.97968153187025,0.62,78.21026077270508,79.09434661865234,78.150150680542,77.36310661315918,0.922,-0.149,3.64,HOLD
2026-06-23,19.489999771118164,4.493000030517578,PAYX,"Paychex, Inc.",97.98999786376953,2.15,19.0,13.0,5.5,12.5,6.5,5.0,61.5,False,51.61100174818242,1.31,98.72649993896485,93.59376068115235,95.85527744293213,104.29298896789551,0.419,,8.26,HOLD
2026-06-23,19.489999771118164,4.493000030517578,CTSH,Cognizant Technology Solutions ,40.95000076293945,-2.1,18.5,17.5,3.0,12.5,4.5,5.0,61.0,False,22.23608378207956,1.68,51.26299991607666,53.91918659210205,62.84389801025391,66.57981399536133,-0.0926,0.0986,-30.96,HOLD
2026-06-23,19.489999771118164,4.493000030517578,CTAS,Cintas Corporation,168.8000030517578,-0.38,20.0,10.0,7.5,12.5,4.5,5.0,59.5,False,42.46060033995173,0.67,174.41399993896485,172.605677541097,182.34301897684733,185.46532722473145,0.1632,0.0223,2.14,WEAK
2026-06-23,19.489999771118164,4.493000030517578,INTC,Intel Corporation,132.27999877929688,-6.14,3.5,17.0,7.0,12.5,14.0,5.0,59.0,False,60.346843112697655,0.97,118.0879997253418,95.56649996439616,70.63166672388712,56.63495001792908,0.839,-0.0125,206.7,WEAK
2026-06-23,19.489999771118164,4.493000030517578,KDP,Keurig Dr Pepper Inc.,30.8700008392334,0.0,7.0,12.5,7.5,12.5,14.0,5.0,58.5,False,56.01389867311676,1.28,30.772500133514406,28.691166845957436,28.27718904813131,27.6838063621521,0.5352,-0.3892,17.69,WEAK
2026-06-23,19.489999771118164,4.493000030517578,PYPL,"PayPal Holdings, Inc.",41.70000076293945,-1.51,15.0,16.0,6.5,12.5,3.5,5.0,58.5,False,40.846034335765296,0.8,42.67216205596924,45.492978731791176,47.01324609120687,54.2758473777771,0.3149,0.111,-4.02,WEAK
2026-06-23,19.489999771118164,4.493000030517578,SHOP,Shopify Inc.,107.68000030517578,-0.28,20.5,13.0,6.5,12.5,1.0,5.0,58.5,False,45.84127379112962,1.19,111.56599998474121,114.1120002746582,123.70249989827474,137.2403000640869,0.2938,0.009,-3.73,WEAK
2026-06-23,19.489999771118164,4.493000030517578,ZS,"Zscaler, Inc.",126.16999816894531,1.7,19.5,15.5,5.0,12.5,0.5,5.0,58.0,False,41.99501037418595,0.29,133.6804992675781,139.88083254496257,160.44029140472412,210.13482509613038,0.369,0.0543,-5.25,WEAK
2026-06-23,19.489999771118164,4.493000030517578,TRI,Thomson Reuters Corp,80.70999908447266,5.43,21.5,14.0,2.5,12.5,1.0,5.0,56.5,False,45.50387061124337,1.0,82.91100044250489,86.42506815592448,94.53222045898437,113.98433700561523,0.3528,0.0476,-7.66,WEAK
2026-06-23,19.489999771118164,4.493000030517578,KHC,The Kraft Heinz Company,22.469999313354492,2.0,12.5,14.5,6.0,12.5,6.0,5.0,56.5,False,43.600852246175585,0.87,23.293364334106446,22.67209962209066,22.785307693481446,23.29841404914856,0.2165,0.1206,3.8,WEAK
2026-06-23,19.489999771118164,4.493000030517578,CPRT,"Copart, Inc.",29.600000381469727,0.41,20.5,7.0,7.0,12.5,4.0,5.0,56.0,False,35.93006866473887,0.82,31.130499935150148,32.55283346176147,35.2120001633962,38.19600003242493,0.1766,0.0365,-8.73,WEAK
2026-06-23,19.489999771118164,4.493000030517578,VRSK,"Verisk Analytics, Inc.",174.75999450683594,3.41,19.0,11.5,6.5,12.5,1.5,5.0,56.0,False,47.78297258204211,0.85,177.5318489074707,175.9218302408854,189.70837580362956,205.97845916748048,0.3455,0.0412,-4.11,WEAK
2026-06-23,19.489999771118164,4.493000030517578,INSM,Insmed Incorporated,102.1500015258789,3.59,15.0,14.0,6.5,12.5,2.5,5.0,55.5,False,46.87542000687605,0.86,100.54800033569336,124.11583290100097,139.26058343251546,153.15729976654052,0.5763,-0.0274,-29.7,WEAK
2026-06-23,19.489999771118164,4.493000030517578,TTWO,"Take-Two Interactive Software, ",242.63999938964844,1.28,10.5,8.5,8.0,12.5,10.0,5.0,54.5,False,68.71289553073443,1.03,221.5985008239746,217.5083335876465,218.7574171702067,230.89375,1.0297,0.0321,27.91,WEAK
2026-06-23,19.489999771118164,4.493000030517578,EXC,Exelon Corporation,46.619998931884766,1.48,7.0,8.5,8.0,12.5,13.0,5.0,54.0,False,58.7041962972816,0.93,45.49025688171387,45.987868054707846,45.803134759267174,45.16189611434937,0.9264,-0.0589,-2.61,WEAK
2026-06-23,19.489999771118164,4.493000030517578,CRWD,"CrowdStrike Holdings, Inc.",680.9199829101562,0.81,12.5,5.5,8.0,12.5,10.5,5.0,54.0,False,56.901281500399755,0.64,691.5059967041016,546.9149993896484,487.29416631062827,492.05960037231443,0.4322,0.0111,84.24,WEAK
2026-06-23,19.489999771118164,4.493000030517578,FANG,"Diamondback Energy, Inc.",187.91000366210938,0.06,11.0,4.0,9.0,12.5,11.5,5.0,53.0,False,43.774781336553445,0.58,193.8324996948242,194.81251754760743,180.50928599039713,165.74358657836913,0.2724,0.0264,-6.39,WEAK
2026-06-23,19.489999771118164,4.493000030517578,DASH,"DoorDash, Inc.",171.52000427246094,-0.33,19.0,7.0,6.0,12.5,3.0,5.0,52.5,False,57.659025187592704,1.2,160.2960006713867,163.0817502339681,175.55387496948242,201.62799987792968,0.8765,0.0307,17.0,WEAK
2026-06-23,19.489999771118164,4.493000030517578,GEHC,GE HealthCare Technologies Inc.,63.720001220703125,5.08,14.0,11.5,6.0,12.5,3.0,5.0,52.0,False,50.28558579765129,1.52,63.383500289916995,65.99222189585367,72.6948327700297,74.48640958786011,0.5585,0.0512,-7.91,WEAK
2026-06-23,19.489999771118164,4.493000030517578,WBD,"Warner Bros. Discovery, Inc. - ",26.8799991607666,-0.26,8.5,5.5,8.0,12.5,11.5,5.0,51.0,False,50.92714336407107,0.89,26.782999992370605,27.07033332188924,27.567666673660277,25.30425004005432,0.5703,0.274,-0.7,WEAK
2026-06-23,19.489999771118164,4.493000030517578,TSLA,"Tesla, Inc.",381.6099853515625,-5.79,16.0,7.0,5.5,12.5,4.5,5.0,50.5,False,40.85922406917964,1.05,410.8374984741211,396.4076670328776,406.07433319091797,417.5339501953125,0.0973,0.0037,5.47,WEAK
2026-06-23,19.489999771118164,4.493000030517578,FER,Ferrovial N.V.,70.01000213623047,-1.06,8.5,4.0,7.5,12.5,13.0,5.0,50.5,False,58.01711654529162,0.94,67.8029998779297,67.95739307403565,67.70798155466716,65.20164184570312,0.8273,0.0064,13.0,WEAK
2026-06-23,19.489999771118164,4.493000030517578,CMCSA,Comcast Corporation,22.799999237060547,2.15,17.0,5.5,6.0,12.5,4.0,5.0,50.0,False,34.00674575031019,1.14,23.94449987411499,26.129036235809327,27.81356887817383,27.41664740562439,0.1909,0.0493,-18.58,WEAK
2026-06-23,19.489999771118164,4.493000030517578,MSTR,Strategy Inc,103.83999633789062,-5.13,14.0,11.5,3.5,12.5,2.5,5.0,49.0,False,30.540825397784772,1.03,129.35549850463866,148.8476666768392,146.55308322906495,189.61550022125243,0.1247,-0.2342,-17.61,SELL
2026-06-24,18.6299991607666,4.4019999504089355,GOOGL,Alphabet Inc.,345.2900085449219,-0.24,30.0,18.5,9.0,12.5,15.5,5.0,90.5,False,37.02435566616936,1.18,365.61804046630857,357.94200998942057,336.4480806986491,312.4568836212158,0.0862,0.0066,26.32,STRONG_BUY
2026-06-24,18.6299991607666,4.4019999504089355,NVDA,NVIDIA Corporation,199.0,-0.52,30.0,20.5,9.0,12.5,13.5,5.0,90.5,False,41.86506390129569,0.88,209.61833572387695,204.8805953979492,194.31361859639486,190.17972969055177,0.1155,0.0096,20.62,STRONG_BUY
2026-06-24,18.6299991607666,4.4019999504089355,AVGO,Broadcom Inc.,382.07000732421875,0.51,30.0,20.5,9.0,12.5,11.5,5.0,88.5,False,44.20492828100179,0.76,408.36354064941406,398.8665064493815,363.98221054077146,359.67883193969726,0.3052,0.015,30.42,STRONG_BUY
2026-06-24,18.6299991607666,4.4019999504089355,MU,"Micron Technology, Inc.",1048.510009765625,-0.31,30.0,20.5,8.0,12.5,12.5,5.0,88.5,False,56.81348788580072,1.04,1010.7114959716797,708.4570002237956,550.1514447530111,415.31138877868653,0.6116,0.0024,225.83,STRONG_BUY
2026-06-24,18.6299991607666,4.4019999504089355,GOOG,Alphabet Inc.,345.0400085449219,-0.3,30.0,18.5,6.5,12.5,15.5,5.0,88.0,False,38.28503858144477,0.93,363.32220764160155,355.44120432535806,335.1873176574707,311.9672441864014,0.0975,0.0066,26.4,STRONG_BUY
2026-06-24,18.6299991607666,4.4019999504089355,ADI,"Analog Devices, Inc.",413.1600036621094,1.45,29.5,19.0,9.0,12.5,12.5,5.0,87.5,False,50.19820104112962,0.85,416.4213150024414,392.0203603108724,354.06311111450196,311.6018946838379,0.4389,0.0192,36.68,STRONG_BUY
2026-06-24,18.6299991607666,4.4019999504089355,STX,Seagate Technology Holdings PLC,993.25,-4.37,27.5,19.0,8.0,12.5,15.5,5.0,87.5,False,59.65769602784229,0.99,942.1709899902344,736.4999959309896,557.9047882080079,434.06671142578125,0.6497,0.0072,174.05,STRONG_BUY
2026-06-24,18.6299991607666,4.4019999504089355,WDC,Western Digital Corporation,643.8300170898438,-4.01,29.0,19.0,6.0,12.5,15.5,5.0,87.0,False,58.910601389515094,1.28,592.4870330810547,468.5135162353516,363.9651161193848,274.85510005950925,0.6586,0.0094,155.89,STRONG_BUY
2026-06-24,18.6299991607666,4.4019999504089355,LRCX,Lam Research Corporation,374.79998779296875,0.93,29.0,14.5,8.0,12.5,15.5,5.0,84.5,False,59.45954652387813,0.93,348.31871795654297,293.3024154663086,258.116805267334,213.98287719726562,0.7164,0.0093,87.6,STRONG_BUY
2026-06-24,18.6299991607666,4.4019999504089355,NXPI,NXP Semiconductors N.V.,294.05999755859375,-1.96,28.0,17.5,9.0,12.5,12.5,5.0,84.5,False,47.191101376813656,0.82,309.7464996337891,272.25916646321616,246.79195849100748,233.8461878967285,0.2009,0.0367,56.92,STRONG_BUY
2026-06-24,18.6299991607666,4.4019999504089355,TXN,Texas Instruments Incorporated,303.1099853515625,-0.41,28.0,17.0,9.0,12.5,12.5,5.0,84.0,False,51.32648104533626,0.88,304.13599853515626,272.8456652323405,236.8981150309245,210.4645320892334,0.4797,0.0039,63.42,STRONG_BUY
2026-06-24,18.6299991607666,4.4019999504089355,MPWR,"Monolithic Power Systems, Inc.",1434.949951171875,0.79,30.0,13.0,7.0,12.5,15.5,5.0,83.0,False,44.03356031085743,0.91,1555.0550048828125,1495.5598317464194,1292.1384938557942,1152.1928475952147,0.1119,0.007,43.45,STRONG_BUY
2026-06-24,18.6299991607666,4.4019999504089355,AAPL,Apple Inc.,293.0799865722656,-0.41,26.0,16.0,9.5,12.5,13.5,5.0,82.5,False,45.84082372720457,0.88,301.51000213623047,284.9578219095866,272.69567082722983,268.63537826538084,0.2465,0.0235,18.94,BUY
2026-06-24,18.6299991607666,4.4019999504089355,AMAT,"Applied Materials, Inc.",588.969970703125,0.53,26.0,14.5,8.0,12.5,15.5,5.0,81.5,False,63.86982642272874,0.97,526.9519989013672,442.335698445638,388.4433125813802,323.888106918335,0.7486,0.0065,82.5,BUY
2026-06-24,18.6299991607666,4.4019999504089355,CSCO,"Cisco Systems, Inc.",119.7300033569336,-1.17,27.0,14.5,10.0,12.5,12.5,5.0,81.5,False,55.06724891686765,0.82,121.57300033569337,102.82311045328775,90.34326457977295,82.96055267333985,0.3573,0.0197,56.25,BUY
2026-06-24,18.6299991607666,4.4019999504089355,EA,Electronic Arts Inc.,204.52000427246094,0.49,26.5,15.5,9.0,12.5,13.0,5.0,81.5,False,66.47621989455425,1.31,202.70549926757812,202.26247075398763,201.90747553507487,199.46211685180663,1.0152,0.0433,1.06,BUY
2026-06-24,18.6299991607666,4.4019999504089355,ROST,"Ross Stores, Inc.",228.58999633789062,-0.2,30.0,10.0,8.0,12.5,15.5,5.0,81.0,False,48.77887411342408,0.9,231.6125862121582,225.07028884887694,211.39355010986327,191.5822859954834,0.3352,0.0279,9.7,BUY
2026-06-24,18.6299991607666,4.4019999504089355,QCOM,QUALCOMM Incorporated,197.41000366210938,-3.29,23.0,19.0,7.5,12.5,13.5,5.0,80.5,False,44.76321479942692,1.14,221.36016082763672,184.2042315165202,164.97167231241863,166.08097702026367,0.153,0.0461,55.93,BUY
2026-06-24,18.6299991607666,4.4019999504089355,DXCM,"DexCom, Inc.",69.75,1.2,30.0,14.0,8.0,12.5,10.5,5.0,80.0,False,47.10360462504934,0.67,73.09500007629394,66.3216667175293,68.07399997711181,67.3544500541687,0.1581,0.0393,12.68,BUY
2026-06-24,18.6299991607666,4.4019999504089355,DDOG,"Datadog, Inc.",222.64999389648438,0.94,26.5,15.5,10.0,12.5,10.5,5.0,80.0,False,52.230009408872796,0.37,234.91350021362305,179.8315002441406,151.87008361816407,152.7626503753662,0.3036,0.0118,92.25,BUY
2026-06-24,18.6299991607666,4.4019999504089355,AMD,"Advanced Micro Devices, Inc.",519.739990234375,-0.02,24.5,17.0,8.0,12.5,12.5,5.0,79.5,False,56.46057261261811,0.77,510.36900024414064,394.07150039672854,304.0300003051758,266.7310500335693,0.5895,0.0085,165.12,BUY
2026-06-24,18.6299991607666,4.4019999504089355,META,"Meta Platforms, Inc.",557.6699829101562,-0.81,30.0,20.5,9.0,12.5,2.5,5.0,79.5,False,37.927946642524,0.68,591.802392578125,612.8497975667318,627.9298848470052,650.9640600585938,0.1742,0.0181,4.07,BUY
2026-06-24,18.6299991607666,4.4019999504089355,GILD,"Gilead Sciences, Inc.",125.16000366210938,0.09,30.0,11.5,8.5,12.5,10.5,5.0,78.0,False,43.91524756043819,0.74,127.08756637573242,131.56974042256672,134.9183251063029,128.00739627838135,0.3665,0.0511,-7.6,BUY
2026-06-24,18.6299991607666,4.4019999504089355,MCHP,Microchip Technology Incorporat,92.4800033569336,-0.84,19.5,17.5,8.5,12.5,14.0,5.0,77.0,False,48.25900699474595,0.86,94.72100028991699,87.92269961039226,79.70720081329345,72.33566093444824,0.351,0.0227,54.75,BUY
2026-06-24,18.6299991607666,4.4019999504089355,MDLZ,"Mondelez International, Inc.",61.7400016784668,1.11,23.0,12.5,8.0,12.5,15.0,5.0,76.0,False,52.05789057025413,1.09,61.71350021362305,60.181833521525064,58.76507326761882,58.29879327774048,0.506,0.0359,6.91,BUY
2026-06-24,18.6299991607666,4.4019999504089355,ABNB,"Airbnb, Inc.",144.39999389648438,4.0,21.0,14.0,9.0,12.5,14.0,5.0,75.5,False,63.36264151818236,1.02,135.8279998779297,135.4776668548584,132.9010415395101,129.3977749633789,1.0025,0.0372,17.3,BUY
2026-06-24,18.6299991607666,4.4019999504089355,LIN,Linde plc,515.72998046875,0.68,16.0,13.0,10.0,12.5,18.5,5.0,75.0,False,54.566873359418466,0.87,509.61633758544923,504.21086069742836,485.8572415669759,465.33252319335935,0.6781,0.0197,3.63,BUY
2026-06-24,18.6299991607666,4.4019999504089355,VRTX,Vertex Pharmaceuticals Incorpor,475.20001220703125,1.45,28.0,11.5,8.0,12.5,10.0,5.0,75.0,False,67.26148559127756,1.05,447.60999908447263,439.9880004882813,453.390416208903,440.73659942626955,1.0459,0.0231,7.23,BUY
2026-06-24,18.6299991607666,4.4019999504089355,LITE,Lumentum Holdings Inc.,842.530029296875,1.76,22.5,17.5,7.0,12.5,10.5,5.0,75.0,False,45.842917330198546,0.67,889.8655029296875,887.933501180013,714.9851674397786,523.1486503601075,0.2639,0.0014,28.67,BUY
2026-06-24,18.6299991607666,4.4019999504089355,NFLX,"Netflix, Inc.",71.83999633789062,-1.35,30.0,17.0,6.0,12.5,4.5,5.0,75.0,False,20.153520433843823,1.04,80.70499877929687,89.32366638183593,88.6579164505005,97.56903987884522,0.0042,0.0859,-22.73,BUY
2026-06-24,18.6299991607666,4.4019999504089355,ROP,"Roper Technologies, Inc.",331.6000061035156,0.63,30.0,15.5,7.0,12.5,4.5,5.0,74.5,False,48.74469158278525,0.7,331.2735000610352,341.7060068766276,355.731127166748,401.6229260253906,0.5134,0.0648,-5.54,BUY
2026-06-24,18.6299991607666,4.4019999504089355,SBUX,Starbucks Corporation,103.52999877929688,2.45,19.0,14.0,9.0,12.5,15.0,5.0,74.5,False,58.93615386418969,0.86,99.20650062561035,99.78343340555827,96.78593762715657,91.2186576461792,0.8638,-0.0111,20.08,BUY
2026-06-24,18.6299991607666,4.4019999504089355,BKNG,Booking Holdings Inc. Common St,181.25,7.29,29.5,16.0,6.0,12.5,5.0,5.0,74.0,False,64.53389023162691,1.62,168.22175979614258,169.50639165242512,176.91416549682617,189.11138610839845,1.1605,0.0504,10.32,BUY
2026-06-24,18.6299991607666,4.4019999504089355,AMZN,"Amazon.com, Inc.",234.27000427246094,0.07,28.5,14.5,8.0,12.5,5.5,5.0,74.0,False,37.99844057368834,1.28,248.33300094604493,250.5591672261556,235.71466674804688,232.83950012207032,0.2222,0.0039,16.58,BUY
2026-06-24,18.6299991607666,4.4019999504089355,ASML,ASML Holding N.V. - New York Re,1762.77001953125,-0.88,24.0,13.0,6.5,12.5,12.5,5.0,73.5,False,52.301289290991626,0.95,1763.2239990234375,1561.5808858235678,1462.963451131185,1280.4646615600586,0.499,0.0121,40.88,BUY
2026-06-24,18.6299991607666,4.4019999504089355,KLAC,KLA Corporation,240.47999572753906,-1.64,18.5,13.0,9.0,12.5,15.5,5.0,73.5,False,57.95012816642587,0.85,223.89495010375975,191.63657455444337,168.68098430633546,146.5812492752075,0.6627,0.0092,74.16,BUY
2026-06-24,18.6299991607666,4.4019999504089355,CSX,CSX Corporation,46.060001373291016,-0.22,19.0,11.5,8.0,12.5,17.0,5.0,73.0,False,50.07744770749273,0.94,46.46179676055908,44.7331132253011,41.81680758794149,39.06549701690674,0.3554,0.0132,16.17,BUY
2026-06-24,18.6299991607666,4.4019999504089355,FTNT,"Fortinet, Inc.",145.27999877929688,-1.84,25.0,8.5,9.5,12.5,12.5,5.0,73.0,False,62.08184699082929,0.46,143.4074993133545,111.92049980163574,96.33841667175292,90.9292499923706,0.5778,0.017,83.78,BUY
2026-06-24,18.6299991607666,4.4019999504089355,MSFT,Microsoft Corporation,365.4599914550781,-2.27,28.0,18.5,6.5,12.5,2.5,5.0,73.0,False,32.48810392086209,0.94,405.8009963989258,405.24368336995445,412.551722462972,447.59496520996095,0.1298,0.0136,2.03,BUY
2026-06-24,18.6299991607666,4.4019999504089355,ARM,Arm Holdings plc,359.0799865722656,-2.0,25.5,10.0,7.0,12.5,12.5,5.0,72.5,False,52.73058363180566,0.64,372.6584976196289,256.56225001017253,188.47970848083497,171.4740252304077,0.4148,0.002,162.18,BUY
2026-06-24,18.6299991607666,4.4019999504089355,ADSK,"Autodesk, Inc.",192.61000061035156,2.03,30.0,17.5,7.0,12.5,0.5,5.0,72.5,False,31.398897560285675,0.72,215.88300170898438,230.99066721598308,241.77141698201498,267.79775009155276,0.2103,0.0753,-18.27,BUY
2026-06-24,18.6299991607666,4.4019999504089355,APP,Applovin Corporation,464.9599914550781,-0.44,30.0,15.5,5.0,12.5,4.5,5.0,72.5,False,40.19029886904951,0.96,531.3260055541992,479.2578353881836,484.52341817220054,541.8647259521484,0.1883,0.0204,24.96,BUY
2026-06-24,18.6299991607666,4.4019999504089355,WDAY,"Workday, Inc.",118.08999633789062,2.57,30.0,17.5,6.0,12.5,0.5,5.0,71.5,False,39.51214584817351,0.56,133.50399932861328,127.14700012207031,143.8934996287028,177.89624961853028,0.2033,0.1069,-8.29,HOLD
2026-06-24,18.6299991607666,4.4019999504089355,ADBE,Adobe Inc.,196.57000732421875,-0.44,27.5,17.5,6.5,12.5,2.5,5.0,71.5,False,29.635347252039537,0.78,228.71100082397462,239.40483423868815,259.3951670328776,293.0345001220703,0.2027,0.118,-18.48,HOLD
2026-06-24,18.6299991607666,4.4019999504089355,CCEP,Coca-Cola Europacific Partners ,98.80000305175781,1.05,24.0,8.5,6.0,12.5,14.5,5.0,70.5,False,62.16300228986411,1.01,95.52250061035156,94.25888226826986,94.69451179504395,92.16708507537842,0.7605,0.04,9.57,HOLD
2026-06-24,18.6299991607666,4.4019999504089355,CDNS,"Cadence Design Systems, Inc.",372.3999938964844,-1.76,21.5,8.5,10.0,12.5,12.5,5.0,70.0,False,47.1730905063602,0.48,389.4029998779297,346.37050069173176,322.8630833943685,326.7880500793457,0.1899,0.0146,37.48,HOLD
2026-06-24,18.6299991607666,4.4019999504089355,SNDK,Sandisk Corporation,1914.4599609375,-2.5,19.0,13.0,8.0,12.5,12.5,5.0,70.0,False,55.80394016691786,0.86,1837.1490051269532,1349.3845001220702,953.7517506917318,643.0985257720947,0.594,0.008,234.4,HOLD
2026-06-24,18.6299991607666,4.4019999504089355,ISRG,"Intuitive Surgical, Inc.",401.8299865722656,-0.33,30.0,11.5,7.0,12.5,4.0,5.0,70.0,False,38.26349502261234,0.89,413.06449737548826,439.87733154296876,474.2163324991862,489.9165509033203,0.1567,0.0158,-11.25,HOLD
2026-06-24,18.6299991607666,4.4019999504089355,COST,Costco Wholesale Corporation,961.0900268554688,0.36,28.5,7.0,9.5,12.5,7.5,5.0,70.0,False,42.01588012099251,0.69,969.9840026855469,999.291226196289,984.678798421224,955.9473516845703,0.3563,0.0163,-3.42,HOLD
2026-06-24,18.6299991607666,4.4019999504089355,PLTR,Palantir Technologies Inc.,113.5,-2.74,30.0,14.5,5.0,12.5,2.5,5.0,69.5,False,30.804529015661856,1.05,134.96099967956542,138.14891649882,145.91362501780193,159.33775005340576,0.0572,0.0064,-17.48,HOLD
2026-06-24,18.6299991607666,4.4019999504089355,MRVL,"Marvell Technology, Inc.",276.70001220703125,-0.84,15.0,14.5,10.0,12.5,12.5,5.0,69.5,False,55.50395085661545,0.47,271.01500091552737,191.5715461730957,137.60513509114583,116.36814105987548,0.5386,0.0094,215.27,HOLD
2026-06-24,18.6299991607666,4.4019999504089355,BKR,Baker Hughes Company,56.380001068115234,-3.92,27.0,11.5,6.0,12.5,7.5,5.0,69.5,False,31.149140865369844,1.54,62.348499870300294,63.51588166554769,60.359308846791585,55.04430397033691,-0.0877,0.0563,-6.78,HOLD
2026-06-24,18.6299991607666,4.4019999504089355,MNST,Monster Beverage Corporation,94.69999694824219,1.08,23.5,8.5,9.0,12.5,10.5,5.0,69.0,False,71.15636666981658,0.74,90.75299987792968,82.80216674804687,80.91941687266032,76.60120016098023,0.957,0.0182,32.78,HOLD
2026-06-24,18.6299991607666,4.4019999504089355,INTU,Intuit Inc.,262.2349853515625,1.62,25.0,17.5,7.0,12.5,2.0,5.0,69.0,False,31.785165430332285,0.8,292.61925048828124,356.6476323445638,418.3362131754557,515.1925521850586,0.2069,0.0729,-38.69,HOLD
2026-06-24,18.6299991607666,4.4019999504089355,MAR,Marriott International,383.55999755859375,-0.85,16.5,11.5,8.0,12.5,15.5,5.0,69.0,False,50.87580124347344,0.85,388.4155014038086,366.37083333333334,347.0548957824707,319.9774209594727,0.3588,0.0178,20.36,HOLD
2026-06-24,18.6299991607666,4.4019999504089355,AMGN,Amgen Inc.,351.42999267578125,1.27,16.0,11.5,9.0,12.5,14.5,5.0,68.5,False,57.53203304750245,0.76,342.9100036621094,340.09564514160155,346.23159815470376,328.9456768798828,0.7772,0.0392,1.46,HOLD
2026-06-24,18.6299991607666,4.4019999504089355,PEP,"Pepsico, Inc.",142.27000427246094,0.15,24.0,10.0,8.5,12.5,7.5,5.0,67.5,False,43.77191438200078,0.76,142.7330749511719,149.2186503092448,151.10449142456054,147.43697792053223,0.4423,0.045,-8.32,HOLD
2026-06-24,18.6299991607666,4.4019999504089355,PCAR,PACCAR Inc.,117.02999877929688,0.21,17.0,14.0,7.0,12.5,11.5,5.0,67.0,False,50.76998037238357,1.0,116.32550010681152,117.5174196879069,118.96864713033041,111.31714820861816,0.551,0.0241,4.38,HOLD
2026-06-24,18.6299991607666,4.4019999504089355,AXON,"Axon Enterprise, Inc.",456.7300109863281,5.47,30.0,11.5,6.0,12.5,1.5,5.0,66.5,False,56.47099980168653,1.03,450.5530044555664,413.37450154622394,468.58166656494143,540.0650009155273,0.5527,0.0017,10.04,HOLD
2026-06-24,18.6299991607666,4.4019999504089355,PDD,PDD Holdings Inc.,75.73999786376953,-1.07,20.5,16.0,6.5,12.5,6.0,5.0,66.5,False,26.881311925259084,0.59,82.50249977111817,93.76283327738444,99.58441670735677,109.8761499786377,0.0065,0.6645,-23.04,HOLD
2026-06-24,18.6299991607666,4.4019999504089355,FAST,Fastenal Company,46.2599983215332,1.45,19.0,7.0,8.0,12.5,15.0,5.0,66.5,False,55.141914919562986,0.99,45.76899967193604,45.18679682413737,44.81947091420491,43.99684865951538,0.6369,0.017,3.07,HOLD
2026-06-24,18.6299991607666,4.4019999504089355,AEP,American Electric Power Company,134.9600067138672,0.91,16.0,10.0,7.5,12.5,15.0,5.0,66.0,False,64.13403112871654,0.99,128.64650077819823,130.8698584238688,127.15695037841797,121.82998352050781,1.1447,-0.0947,3.68,HOLD
2026-06-24,18.6299991607666,4.4019999504089355,ALNY,"Alnylam Pharmaceuticals, Inc.",294.05999755859375,2.04,22.5,16.0,5.5,12.5,4.5,5.0,66.0,False,51.29319620072953,1.01,291.8080001831055,302.7961664835612,322.302582804362,371.9717999267578,0.572,0.0052,-6.97,HOLD
2026-06-24,18.6299991607666,4.4019999504089355,PANW,"Palo Alto Networks, Inc.",285.260009765625,-1.95,17.0,10.0,10.0,12.5,10.5,5.0,65.0,False,62.754836175220426,0.54,278.1734985351562,220.59966634114582,194.6109999338786,197.5585499572754,0.6339,0.0154,84.81,HOLD
2026-06-24,18.6299991607666,4.4019999504089355,CHTR,"Charter Communications, Inc.",131.4199981689453,-0.25,20.5,17.5,6.0,12.5,3.5,5.0,65.0,False,38.974550463805635,0.58,136.71449966430663,170.53933334350586,193.4892500559489,209.65470016479492,0.3135,0.1295,-40.52,HOLD
2026-06-24,18.6299991607666,4.4019999504089355,TMUS,"T-Mobile US, Inc.",180.7899932861328,-2.05,18.5,17.5,5.0,12.5,5.5,5.0,64.0,False,42.98101852345228,0.79,183.87101516723632,190.22525965372722,196.81959813435873,204.07249450683594,0.3147,0.057,-15.04,HOLD
2026-06-24,18.6299991607666,4.4019999504089355,HON,Honeywell International Inc.,227.4199981689453,2.27,11.0,11.5,9.0,12.5,14.5,5.0,63.5,False,54.11465705535947,0.75,224.7139991760254,222.11761474609375,224.11184171040853,211.87683586120605,0.5775,0.0204,2.32,HOLD
2026-06-24,18.6299991607666,4.4019999504089355,WMT,Walmart Inc.,119.0,-0.35,19.5,7.0,8.5,12.5,10.5,5.0,63.0,False,44.75590656961708,0.69,118.39799919128419,124.64150517781576,123.36496899922689,116.32453960418701,0.5696,0.0072,-3.46,HOLD
2026-06-24,18.6299991607666,4.4019999504089355,ORLY,"O'Reilly Automotive, Inc.",87.81999969482422,0.32,21.5,11.5,8.5,12.5,4.0,5.0,63.0,False,44.61906004535565,0.78,88.56849937438965,91.35399932861328,92.575332959493,95.32449977874757,0.3856,0.0183,-4.66,HOLD
2026-06-24,18.6299991607666,4.4019999504089355,SNPS,"Synopsys, Inc.",463.92999267578125,0.53,17.0,11.5,8.5,12.5,8.5,5.0,63.0,False,45.7636051567291,0.74,472.9830017089844,468.84116821289064,461.63808568318683,457.45740158081054,0.3909,0.0398,21.09,HOLD
2026-06-24,18.6299991607666,4.4019999504089355,CTSH,Cognizant Technology Solutions ,41.439998626708984,1.2,18.5,17.5,4.5,12.5,4.5,5.0,62.5,False,24.41455198641215,1.23,50.74449977874756,53.621323649088545,62.496499347686765,66.43377927780152,0.0223,0.0974,-31.65,HOLD
2026-06-24,18.6299991607666,4.4019999504089355,REGN,"Regeneron Pharmaceuticals, Inc.",623.4299926757812,0.87,20.0,14.0,8.5,12.5,2.5,5.0,62.5,False,45.30492788967957,0.63,615.2540008544922,686.2728393554687,725.2285049438476,696.2181301879883,0.7261,0.0501,-16.67,HOLD
2026-06-24,18.6299991607666,4.4019999504089355,CEG,Constellation Energy Corporatio,267.9700012207031,-0.85,30.0,5.5,7.0,12.5,2.5,5.0,62.5,False,47.95924770849801,0.6,265.9090003967285,283.05017166137696,293.7485001881917,317.9310338592529,0.5391,-0.0468,-10.12,HOLD
2026-06-24,18.6299991607666,4.4019999504089355,MELI,"MercadoLibre, Inc.",1659.5699462890625,4.79,18.0,16.0,6.0,12.5,4.5,5.0,62.0,False,51.43926560488507,1.19,1641.6705017089844,1709.2350056966145,1824.0950052897135,1962.0961041259766,0.6058,-0.0488,2.49,HOLD
2026-06-24,18.6299991607666,4.4019999504089355,SHOP,Shopify Inc.,114.16999816894531,6.03,18.5,13.0,5.0,12.5,7.5,5.0,61.5,False,54.062726763144944,2.1,112.02949981689453,114.15066693623861,123.28941650390625,137.07705001831056,0.6197,0.0085,2.15,HOLD
2026-06-24,18.6299991607666,4.4019999504089355,XEL,Xcel Energy Inc.,81.47000122070312,1.42,12.5,10.0,8.5,12.5,13.0,5.0,61.5,False,61.84575291653616,0.61,78.27499504089356,79.16042238871256,78.21994756062826,77.41792629241944,1.0751,-0.1469,3.68,HOLD
2026-06-24,18.6299991607666,4.4019999504089355,ADP,"Automatic Data Processing, Inc.",219.85499572753906,-0.29,20.0,13.0,6.0,12.5,4.5,5.0,61.0,False,49.55105370370688,0.94,223.7690299987793,211.48969294230145,219.39089965820312,238.06902992248536,0.3153,0.054,7.81,HOLD
2026-06-24,18.6299991607666,4.4019999504089355,KHC,The Kraft Heinz Company,22.940000534057617,2.09,12.5,14.5,5.0,12.5,11.0,5.0,60.5,False,48.55466905445654,1.07,23.269092655181886,22.693638706207274,22.779816134770712,23.2833650970459,0.3872,0.1181,4.55,HOLD
2026-06-24,18.6299991607666,4.4019999504089355,VRSK,"Verisk Analytics, Inc.",180.05999755859375,3.03,19.0,11.5,6.5,12.5,6.0,5.0,60.5,False,54.185174276570265,0.82,177.97868804931642,175.88528264363606,189.34900296529133,205.53937873840331,0.6224,0.04,-3.63,HOLD
2026-06-24,18.6299991607666,4.4019999504089355,INTC,Intel Corporation,131.64999389648438,-0.48,3.5,17.0,8.0,12.5,14.0,5.0,60.0,False,59.86434156709305,0.76,118.4944995880127,97.04183317820231,71.41791667938233,57.17074998855591,0.8034,-0.0125,219.62,HOLD
2026-06-24,18.6299991607666,4.4019999504089355,ODFL,"Old Dominion Freight Line, Inc.",219.0399932861328,0.67,8.0,10.0,8.5,12.5,15.5,5.0,59.5,False,45.61428109366332,0.72,231.77891006469727,214.75318959554036,200.06537971496581,177.0828969192505,0.2227,0.0189,15.58,WEAK
2026-06-24,18.6299991607666,4.4019999504089355,ZS,"Zscaler, Inc.",127.2699966430664,0.87,19.5,15.5,5.0,12.5,2.0,5.0,59.5,False,43.03499835068609,0.3,130.81399879455566,139.78266576131185,159.60570805867513,209.40017501831053,0.3879,0.0539,-7.28,WEAK
2026-06-24,18.6299991607666,4.4019999504089355,KDP,Keurig Dr Pepper Inc.,31.399999618530273,1.72,7.0,12.5,7.5,12.5,14.0,5.0,58.5,False,61.09225134784241,1.15,30.86500015258789,28.77733351389567,28.308235597610473,27.701234378814696,0.7079,-0.3826,18.71,WEAK
2026-06-24,18.6299991607666,4.4019999504089355,PAYX,"Paychex, Inc.",96.30000305175781,-1.72,19.0,13.0,4.0,12.5,4.5,5.0,58.0,False,47.53231734561334,1.75,98.80149993896484,93.69016443888346,95.73446121215821,104.1191039276123,0.2104,,4.75,WEAK
2026-06-24,18.6299991607666,4.4019999504089355,IDXX,"IDEXX Laboratories, Inc.",549.1599731445312,1.45,24.5,7.0,7.5,12.5,1.5,5.0,58.0,False,46.502016827456984,0.93,559.547998046875,562.0971638997396,603.330164082845,631.1127975463867,0.2348,0.0182,-1.42,WEAK
2026-06-24,18.6299991607666,4.4019999504089355,TRI,Thomson Reuters Corp,80.9800033569336,0.33,21.5,14.0,3.5,12.5,1.0,5.0,57.5,False,46.0302438919311,0.66,82.77400054931641,86.31791229248047,94.13338349660238,113.5458748626709,0.3807,0.0474,-9.04,WEAK
2026-06-24,18.6299991607666,4.4019999504089355,PYPL,"PayPal Holdings, Inc.",42.47999954223633,1.87,15.0,16.0,6.5,12.5,2.5,5.0,57.5,False,45.88656349397554,0.78,42.59541664123535,45.476865704854326,46.87784595489502,54.14987781524658,0.4774,0.109,-4.59,WEAK
2026-06-24,18.6299991607666,4.4019999504089355,CTAS,Cintas Corporation,170.92999267578125,1.26,20.0,10.0,7.5,12.5,1.5,5.0,56.5,False,46.10804245374511,0.77,174.40599975585937,172.70016632080078,182.1891176859538,185.3050266265869,0.2918,0.0221,1.62,WEAK
2026-06-24,18.6299991607666,4.4019999504089355,CRWD,"CrowdStrike Holdings, Inc.",673.02001953125,-1.16,13.0,5.5,9.5,12.5,10.5,5.0,56.0,False,54.80018356449274,0.46,691.5794982910156,551.9723332722982,488.93908309936523,493.33655044555667,0.381,0.0112,77.08,WEAK
2026-06-24,18.6299991607666,4.4019999504089355,INSM,Insmed Incorporated,103.45999908447266,1.28,15.0,14.0,6.5,12.5,2.5,5.0,55.5,False,48.54101900704416,0.62,100.27750015258789,123.41849950154622,138.6720001220703,152.9490997314453,0.6615,-0.027,-32.52,WEAK
2026-06-24,18.6299991607666,4.4019999504089355,GEHC,GE HealthCare Technologies Inc.,64.87999725341797,1.82,14.0,11.5,7.5,12.5,4.5,5.0,55.0,False,53.930436081934914,1.01,63.418500137329104,65.92028280893962,72.54169588088989,74.432665309906,0.7491,0.0503,-5.61,WEAK
2026-06-24,18.6299991607666,4.4019999504089355,CPRT,"Copart, Inc.",30.399999618530273,2.7,20.5,7.0,7.0,12.5,2.0,5.0,54.0,False,43.25023760929536,0.78,30.98849983215332,32.51900011698405,35.13616682688395,38.105150032043454,0.3641,0.0355,-6.78,WEAK
2026-06-24,18.6299991607666,4.4019999504089355,WBD,"Warner Bros. Discovery, Inc. - ",27.200000762939453,1.19,8.5,5.5,7.0,12.5,14.5,5.0,53.0,False,55.759906888786524,1.41,26.79300003051758,27.072500006357828,27.553166675567628,25.379700045585633,0.787,0.2708,0.41,WEAK
2026-06-24,18.6299991607666,4.4019999504089355,DASH,"DoorDash, Inc.",177.92999267578125,3.74,19.0,7.0,6.0,12.5,3.0,5.0,52.5,False,61.86651310734857,1.28,161.49250030517578,163.6039166768392,175.13554153442382,201.28339981079102,0.9972,0.0296,20.21,WEAK
2026-06-24,18.6299991607666,4.4019999504089355,TTWO,"Take-Two Interactive Software, ",235.77000427246094,-2.83,10.5,8.5,8.0,12.5,8.0,5.0,52.5,False,60.30952963080544,1.34,222.3535011291504,218.27633361816407,218.57291717529296,230.8742000579834,0.8219,0.0331,22.11,WEAK
2026-06-24,18.6299991607666,4.4019999504089355,EXC,Exelon Corporation,46.900001525878906,0.6,7.0,5.5,9.0,12.5,13.0,5.0,52.0,False,60.537190582301854,0.82,45.555199432373044,45.97170448303223,45.834456316630046,45.18494213104248,0.9583,-0.0585,-3.6,WEAK
2026-06-24,18.6299991607666,4.4019999504089355,FER,Ferrovial N.V.,69.52999877929688,-0.69,8.5,4.0,7.5,12.5,14.5,5.0,52.0,False,55.82476858485819,1.03,67.80949974060059,68.08367614746093,67.75164724985758,65.27602209091187,0.7541,0.0065,12.81,WEAK
2026-06-24,18.6299991607666,4.4019999504089355,FANG,"Diamondback Energy, Inc.",183.47999572753906,-2.36,11.0,4.0,6.5,12.5,11.5,5.0,50.5,False,39.78656670049846,0.91,193.24999923706054,194.52491836547853,180.79221229553224,165.98001945495605,0.1457,0.0271,-7.13,WEAK
2026-06-24,18.6299991607666,4.4019999504089355,CMCSA,Comcast Corporation,22.639999389648438,-0.7,17.0,5.5,6.0,12.5,4.0,5.0,50.0,False,32.836100980894756,1.0,23.8189998626709,26.039630095163982,27.773539479573568,27.37622109413147,0.1809,0.0496,-20.75,WEAK
2026-06-24,18.6299991607666,4.4019999504089355,MSTR,Strategy Inc,94.12999725341797,-9.35,14.0,11.5,2.0,12.5,4.5,5.0,49.5,False,27.104105625728906,1.71,126.06549873352051,148.3159999847412,146.04074986775717,188.4068002319336,0.0341,-0.2583,-22.49,SELL
2026-06-24,18.6299991607666,4.4019999504089355,TSLA,"Tesla, Inc.",375.5299987792969,-1.59,16.0,7.0,6.5,12.5,2.5,5.0,49.5,False,39.06139584634097,0.75,407.9344985961914,396.63600056966146,405.4168332417806,417.6574002075195,0.0723,0.0037,5.7,SELL
2026-06-25,18.889999389648438,4.3919997215271,MU,"Micron Technology, Inc.",1213.56005859375,15.74,30.0,20.5,8.0,12.5,14.0,5.0,90.0,False,64.54025227576346,1.42,1024.9690002441407,723.3196680704752,557.8870272318522,420.7228413391113,1.0037,0.0021,259.21,STRONG_BUY
2026-06-25,18.889999389648438,4.3919997215271,NVDA,NVIDIA Corporation,195.74000549316406,-1.64,30.0,20.5,9.0,12.5,11.5,5.0,88.5,False,39.66654510512794,0.83,208.78771057128907,205.3933001200358,194.39251174926758,190.3179987335205,0.0667,0.0098,12.37,STRONG_BUY
2026-06-25,18.889999389648438,4.3919997215271,GOOGL,Alphabet Inc.,343.7099914550781,-0.46,30.0,18.5,9.0,12.5,13.5,5.0,88.5,False,36.26021433720886,1.17,363.37364654541017,359.114897664388,336.70738754272463,313.0075178527832,0.089,0.0067,19.6,STRONG_BUY
2026-06-25,18.889999389648438,4.3919997215271,AVGO,Broadcom Inc.,378.9100036621094,-0.83,30.0,20.5,10.0,12.5,9.5,5.0,87.5,False,43.39510361079505,0.57,406.2493728637695,400.2992340087891,364.26621297200523,359.85770233154295,0.3002,0.0151,22.62,STRONG_BUY
2026-06-25,18.889999389648438,4.3919997215271,STX,Seagate Technology Holdings PLC,1025.3599853515625,3.23,27.5,19.0,8.0,12.5,15.5,5.0,87.5,False,62.56378382703665,1.31,949.3010803222656,747.0401601155598,563.7685488382975,437.949319229126,0.7224,0.0069,161.92,STRONG_BUY
2026-06-25,18.889999389648438,4.3919997215271,WDC,Western Digital Corporation,675.3900146484375,4.9,29.0,19.0,6.0,12.5,15.5,5.0,87.0,False,62.180707172129715,1.25,599.7334503173828,475.5766098022461,368.15884424845376,277.76631973266603,0.7319,0.0089,149.76,STRONG_BUY
2026-06-25,18.889999389648438,4.3919997215271,ADI,"Analog Devices, Inc.",417.92999267578125,1.15,29.5,19.0,8.0,12.5,12.5,5.0,86.5,False,51.69020593440734,1.22,416.53075256347654,393.94799245198567,355.2990692138672,312.45827552795413,0.5262,0.019,31.73,STRONG_BUY
2026-06-25,18.889999389648438,4.3919997215271,GOOG,Alphabet Inc.,342.19000244140625,-0.83,30.0,18.5,6.0,12.5,13.5,5.0,85.5,False,36.88661517198563,1.02,361.2017822265625,356.594775390625,335.4273157755534,312.5096858978271,0.073,0.0067,19.36,STRONG_BUY
2026-06-25,18.889999389648438,4.3919997215271,NXPI,NXP Semiconductors N.V.,298.6400146484375,1.56,28.0,17.5,9.0,12.5,12.5,5.0,84.5,False,49.36275980631603,0.78,307.2747100830078,273.22004419962565,246.66117871602376,233.44599411010742,0.3252,0.0362,52.22,STRONG_BUY
2026-06-25,18.889999389648438,4.3919997215271,LRCX,Lam Research Corporation,401.82000732421875,7.21,29.0,14.5,9.0,12.5,14.0,5.0,84.0,False,64.76910313514082,1.34,352.4744445800781,296.6695945739746,260.0415147145589,215.46951862335206,0.8859,0.0087,88.2,STRONG_BUY
2026-06-25,18.889999389648438,4.3919997215271,MPWR,"Monolithic Power Systems, Inc.",1438.300048828125,0.23,30.0,13.0,7.0,12.5,15.5,5.0,83.0,False,44.25916930037109,1.05,1545.9615051269532,1502.8591654459635,1296.5863983154297,1155.0862265014648,0.1634,0.007,31.55,STRONG_BUY
2026-06-25,18.889999389648438,4.3919997215271,EA,Electronic Arts Inc.,204.72999572753906,0.1,26.5,15.5,10.0,12.5,13.0,5.0,82.5,False,67.630976649717,0.84,202.90799942016602,202.30165990193686,201.91402524312338,199.64783821105956,1.0324,0.0432,0.52,BUY
2026-06-25,18.889999389648438,4.3919997215271,DXCM,"DexCom, Inc.",68.6500015258789,-1.58,30.0,14.0,8.0,12.5,12.5,5.0,82.0,False,44.41268696907545,0.72,73.01450004577637,66.4341667175293,68.09299996693929,67.3077000617981,0.0751,0.0399,9.32,BUY
2026-06-25,18.889999389648438,4.3919997215271,CSCO,"Cisco Systems, Inc.",118.97000122070312,-0.63,27.0,14.5,9.5,12.5,12.5,5.0,81.0,False,53.61185730985836,1.02,121.53800048828126,103.52886390686035,90.69962240854899,83.22656085968018,0.3027,0.0198,54.16,BUY
2026-06-25,18.889999389648438,4.3919997215271,ROST,"Ross Stores, Inc.",215.1300048828125,-5.89,30.0,10.0,8.0,12.5,15.5,5.0,81.0,False,36.98562671958143,1.13,230.71842880249022,225.18276494344076,211.691247177124,191.90689964294432,-0.1646,0.0297,-0.5,BUY
2026-06-25,18.889999389648438,4.3919997215271,TXN,Texas Instruments Incorporated,311.80999755859375,2.87,26.0,17.0,8.0,12.5,12.5,5.0,81.0,False,54.6250938229674,0.9,303.8539978027344,274.95120569864906,238.06741828918456,211.11329864501954,0.6604,0.0038,61.43,BUY
2026-06-25,18.889999389648438,4.3919997215271,DDOG,"Datadog, Inc.",220.94000244140625,-0.77,26.5,15.5,10.0,12.5,10.5,5.0,80.0,False,50.922536158585146,0.48,234.87000045776367,181.5836669921875,152.5780002593994,153.18515037536622,0.2775,0.0119,87.16,BUY
2026-06-25,18.889999389648438,4.3919997215271,AMD,"Advanced Micro Devices, Inc.",532.5700073242188,2.47,24.5,17.0,8.0,12.5,12.5,5.0,79.5,False,58.49250042295549,0.86,512.2205001831055,399.68033396402996,306.68341700236004,268.6368500518799,0.6929,0.0083,161.8,BUY
2026-06-25,18.889999389648438,4.3919997215271,BKNG,Booking Holdings Inc. Common St,177.0500030517578,-2.32,29.5,16.0,7.5,12.5,8.0,5.0,78.5,False,58.99948434655678,1.27,168.67687072753907,169.71910196940104,176.61300150553384,188.89013542175292,0.8942,0.0516,5.39,BUY
2026-06-25,18.889999389648438,4.3919997215271,AAPL,Apple Inc.,275.1499938964844,-6.12,26.0,16.0,7.0,12.5,11.5,5.0,78.0,False,32.216264990271085,1.83,299.7250015258789,285.4369387308756,272.72728996276857,268.8250843048096,-0.1214,0.025,8.52,BUY
2026-06-25,18.889999389648438,4.3919997215271,QCOM,QUALCOMM Incorporated,204.89999389648438,3.79,25.0,19.0,6.0,12.5,10.5,5.0,78.0,False,47.78650389886219,1.55,219.9781051635742,185.50919138590496,165.26806081136067,166.31634979248048,0.2836,0.0444,59.7,BUY
2026-06-25,18.889999389648438,4.3919997215271,META,"Meta Platforms, Inc.",542.8699951171875,-2.65,30.0,20.5,7.5,12.5,2.5,5.0,78.0,False,34.28004727190209,0.86,587.2123016357422,612.9662414550781,626.962846883138,649.9291955566406,0.0789,0.0185,-5.03,BUY
2026-06-25,18.889999389648438,4.3919997215271,AMAT,"Applied Materials, Inc.",668.0,13.42,26.0,14.5,7.5,12.5,12.0,5.0,77.5,False,72.5275229228702,1.51,537.9394989013672,448.0903849283854,391.8737185160319,326.42145248413084,0.9856,0.0057,95.68,BUY
2026-06-25,18.889999389648438,4.3919997215271,MCHP,Microchip Technology Incorporat,94.12000274658203,1.77,19.5,17.5,8.5,12.5,14.0,5.0,77.0,False,50.18585466711642,0.77,94.58450050354004,88.49536526997885,79.96627848943075,72.48618003845215,0.4689,0.0223,46.41,BUY
2026-06-25,18.889999389648438,4.3919997215271,MDLZ,"Mondelez International, Inc.",61.20000076293945,-0.87,23.0,12.5,9.0,12.5,15.0,5.0,77.0,False,49.36478492475904,0.85,61.66100025177002,60.23933353424072,58.830340417226154,58.302981491088865,0.396,0.0362,6.18,BUY
2026-06-25,18.889999389648438,4.3919997215271,ABNB,"Airbnb, Inc.",141.8800048828125,-1.75,21.0,14.0,9.0,12.5,15.0,5.0,76.5,False,58.272360505038115,0.77,136.31699981689454,135.79066696166993,132.952374903361,129.48407497406006,0.8179,0.0379,12.35,BUY
2026-06-25,18.889999389648438,4.3919997215271,NFLX,"Netflix, Inc.",70.9000015258789,-1.31,30.0,17.0,6.0,12.5,4.5,5.0,75.0,False,19.051321365085755,0.91,79.88249893188477,88.95583305358886,88.46741644541423,97.30115989685059,0.0213,0.0871,-26.26,BUY
2026-06-25,18.889999389648438,4.3919997215271,MSFT,Microsoft Corporation,352.8299865722656,-3.46,28.0,18.5,6.5,12.5,4.5,5.0,75.0,False,28.7629285674696,1.46,402.80899505615236,405.1544464111328,411.4796727498372,446.88379150390625,0.0783,0.0141,-4.48,BUY
2026-06-25,18.889999389648438,4.3919997215271,AMZN,"Amazon.com, Inc.",227.00999450683594,-3.1,28.5,14.5,6.5,12.5,7.5,5.0,74.5,False,33.62824046095399,1.5,246.09100036621095,250.99350051879884,235.68291664123535,232.79535011291503,0.1101,0.004,9.0,BUY
2026-06-25,18.889999389648438,4.3919997215271,ADSK,"Autodesk, Inc.",189.72999572753906,-1.5,30.0,17.5,7.0,12.5,2.5,5.0,74.5,False,29.989949388835043,0.68,213.51950149536134,230.22483393351237,240.88575019836426,267.1124500274658,0.2063,0.0764,-20.75,BUY
2026-06-25,18.889999389648438,4.3919997215271,SBUX,Starbucks Corporation,103.16000366210938,-0.36,19.0,14.0,9.0,12.5,15.0,5.0,74.5,False,57.67272120591544,0.77,99.25950088500977,100.06585553487142,96.9524139404297,91.32172248840332,0.8213,-0.0111,15.82,BUY
2026-06-25,18.889999389648438,4.3919997215271,ROP,"Roper Technologies, Inc.",332.4200134277344,0.25,30.0,15.5,7.0,12.5,4.5,5.0,74.5,False,49.57777299565317,0.66,332.0635009765625,341.39525604248047,354.808873240153,400.6841864013672,0.5177,0.0647,-5.82,BUY
2026-06-25,18.889999389648438,4.3919997215271,KLAC,KLA Corporation,258.79998779296875,7.62,18.5,14.5,9.0,12.5,14.0,5.0,73.5,False,63.35214372232962,0.86,227.04899978637695,193.6485450744629,169.82768726348877,147.42268688201904,0.8087,0.0085,75.99,BUY
2026-06-25,18.889999389648438,4.3919997215271,VRTX,Vertex Pharmaceuticals Incorpor,480.17999267578125,1.05,26.5,11.5,8.0,12.5,10.0,5.0,73.5,False,69.24066900846967,1.05,449.75799865722655,440.6050003051758,453.61391626993816,441.16124938964845,1.0312,0.0228,7.53,BUY
2026-06-25,18.889999389648438,4.3919997215271,BKR,Baker Hughes Company,56.939998626708984,0.99,27.0,11.5,7.5,12.5,9.5,5.0,73.0,False,33.53481325640978,1.23,62.03549976348877,63.45691890716553,60.45699513753255,55.10349077224731,0.0451,0.0558,-6.42,BUY
2026-06-25,18.889999389648438,4.3919997215271,LITE,Lumentum Holdings Inc.,861.969970703125,2.31,20.5,17.5,7.0,12.5,10.5,5.0,73.0,False,47.68349313381924,0.73,887.848501586914,891.3865010579427,719.0966672261555,526.7115002441407,0.3717,0.0014,22.65,BUY
2026-06-25,18.889999389648438,4.3919997215271,LIN,Linde plc,522.280029296875,1.27,15.5,13.0,10.0,12.5,17.0,5.0,73.0,False,58.99541236179944,0.77,510.41688537597656,504.6207575480143,486.6793838500977,465.59482421875,0.8298,0.0194,5.68,BUY
2026-06-25,18.889999389648438,4.3919997215271,GILD,"Gilead Sciences, Inc.",123.83999633789062,-1.05,30.0,11.5,8.5,12.5,5.5,5.0,73.0,False,41.14229894371227,0.75,126.6387107849121,131.37624371846516,134.9399087905884,128.0619072341919,0.2949,0.0516,-10.56,BUY
2026-06-25,18.889999389648438,4.3919997215271,INTU,Intuit Inc.,255.07000732421875,-2.73,25.0,17.5,7.0,12.5,6.0,5.0,73.0,False,29.957666417175133,0.67,289.9865005493164,353.7704116821289,414.96879526774086,513.1321252441406,0.1761,0.075,-40.83,BUY
2026-06-25,18.889999389648438,4.3919997215271,ARM,Arm Holdings plc,347.7099914550781,-3.17,25.5,10.0,7.0,12.5,12.5,5.0,72.5,False,50.72806051209131,0.62,374.9084976196289,260.0747497558594,190.46637509663898,172.51687519073485,0.3154,0.002,129.85,BUY
2026-06-25,18.889999389648438,4.3919997215271,SNDK,Sandisk Corporation,2335.0,21.97,19.0,13.0,8.5,12.5,14.0,5.0,72.0,False,66.41648264786411,1.35,1874.4020080566406,1378.7595001220702,971.2319173177083,654.4210507583618,1.0118,0.0065,267.52,BUY
2026-06-25,18.889999389648438,4.3919997215271,WDAY,"Workday, Inc.",113.7699966430664,-3.66,30.0,17.5,4.5,12.5,2.5,5.0,72.0,False,36.3055583817621,0.69,132.9674991607666,126.89699999491374,143.05174961090088,177.30604961395264,0.1467,0.111,-12.43,BUY
2026-06-25,18.889999389648438,4.3919997215271,ADBE,Adobe Inc.,193.41000366210938,-1.61,27.5,17.5,6.5,12.5,2.5,5.0,71.5,False,28.361193470511353,0.79,226.46950073242186,238.60950088500977,258.09033381144206,292.2082501220703,0.2052,0.1199,-20.43,HOLD
2026-06-25,18.889999389648438,4.3919997215271,APP,Applovin Corporation,445.92999267578125,-4.09,30.0,15.5,6.0,12.5,2.5,5.0,71.5,False,36.60517186411837,0.76,525.2310043334961,480.48866882324216,482.62433471679685,541.3591760253906,0.1444,0.0212,12.04,HOLD
2026-06-25,18.889999389648438,4.3919997215271,ASML,ASML Holding N.V. - New York Re,1841.1800537109375,4.45,22.0,13.0,6.5,12.5,12.5,5.0,71.5,False,57.04605333484428,1.04,1775.389501953125,1571.413435872396,1469.422270711263,1285.7102536010743,0.6592,0.0116,39.7,HOLD
2026-06-25,18.889999389648438,4.3919997215271,PLTR,Palantir Technologies Inc.,107.2699966430664,-5.49,30.0,14.5,5.0,12.5,4.5,5.0,71.5,False,27.369960848008674,1.33,133.69899978637696,137.6442497253418,145.32629165649413,159.09360000610351,0.0145,0.0068,-26.67,HOLD
2026-06-25,18.889999389648438,4.3919997215271,FTNT,"Fortinet, Inc.",149.92999267578125,3.2,25.0,8.5,8.0,12.5,12.5,5.0,71.5,False,66.39330589584279,0.92,144.50749893188475,113.10183296203613,96.92608324686687,91.27709995269775,0.7733,0.0165,83.47,HOLD
2026-06-25,18.889999389648438,4.3919997215271,CDNS,"Cadence Design Systems, Inc.",368.2300109863281,-1.12,22.0,8.5,10.0,12.5,12.5,5.0,70.5,False,45.16483683864122,0.77,389.1120010375977,347.99300079345704,323.326833597819,326.82600006103513,0.1299,0.0148,32.52,HOLD
2026-06-25,18.889999389648438,4.3919997215271,CSX,CSX Corporation,47.439998626708984,3.0,19.0,11.5,10.0,12.5,12.5,5.0,70.5,False,59.677580972286826,0.74,46.484000015258786,44.86297219594319,41.911969343821205,39.1421666431427,0.8324,0.0128,15.92,HOLD
2026-06-25,18.889999389648438,4.3919997215271,MNST,Monster Beverage Corporation,95.83000183105469,1.19,23.5,8.5,8.0,12.5,12.0,5.0,69.5,False,73.5715144428325,0.97,91.08250007629394,83.21066678365072,81.07908356984457,76.76525016784667,0.9935,0.018,32.25,HOLD
2026-06-25,18.889999389648438,4.3919997215271,MRVL,"Marvell Technology, Inc.",281.260009765625,1.65,15.0,14.5,10.0,12.5,12.5,5.0,69.5,False,56.45723245815669,0.54,275.1430015563965,194.79644521077475,139.24166501363118,117.44506137847901,0.5468,0.0092,184.1,HOLD
2026-06-25,18.889999389648438,4.3919997215271,ISRG,"Intuitive Surgical, Inc.",399.69000244140625,-0.53,30.0,11.5,6.0,12.5,4.0,5.0,69.0,False,37.19181729807478,1.04,412.12149810791016,438.9924982706706,472.8274159749349,489.5650009155273,0.1383,0.0159,-13.3,HOLD
2026-06-25,18.889999389648438,4.3919997215271,COST,Costco Wholesale Corporation,942.239990234375,-1.96,28.5,7.0,8.5,12.5,7.5,5.0,69.0,False,36.50533165946602,0.96,966.9115020751954,998.4096252441407,985.3648345947265,955.819810180664,0.0746,0.0166,-5.3,HOLD
2026-06-25,18.889999389648438,4.3919997215271,PCAR,PACCAR Inc.,121.68000030517578,3.97,16.5,14.0,8.0,12.5,13.0,5.0,69.0,False,58.56407010585453,0.65,116.79650001525879,117.67672411600749,119.07525221506755,111.4448484802246,0.8477,0.0231,5.68,HOLD
2026-06-25,18.889999389648438,4.3919997215271,PAYX,"Paychex, Inc.",96.72000122070312,0.44,26.5,13.0,5.5,12.5,6.5,5.0,69.0,False,48.61906090900293,1.14,98.9159999847412,93.76987291971842,95.62699788411459,103.94736755371093,0.221,,6.34,HOLD
2026-06-25,18.889999389648438,4.3919997215271,MAR,Marriott International,378.9100036621094,-1.21,16.5,11.5,8.0,12.5,15.5,5.0,69.0,False,47.21953164984964,0.85,388.06800231933596,367.3746505737305,347.6372141520182,320.53998809814453,0.2411,0.018,16.08,HOLD
2026-06-25,18.889999389648438,4.3919997215271,FAST,Fastenal Company,46.91999816894531,1.43,19.0,7.0,9.0,12.5,16.5,5.0,69.0,False,58.93525815419498,0.84,45.87399959564209,45.22078266143799,44.87965698242188,43.99432704925537,0.7897,0.0168,1.66,HOLD
2026-06-25,18.889999389648438,4.3919997215271,CCEP,Coca-Cola Europacific Partners ,99.5999984741211,0.81,24.0,8.5,7.0,12.5,11.5,5.0,68.5,False,64.44154442458891,0.8,95.7675006866455,94.41610183715821,94.77666702270508,92.22625255584717,0.7933,0.0396,11.02,HOLD
2026-06-25,18.889999389648438,4.3919997215271,AMGN,Amgen Inc.,352.82000732421875,0.4,16.0,11.5,9.0,12.5,14.5,5.0,68.5,False,58.508589354654475,0.71,343.7480041503906,340.2029073079427,346.4832534790039,329.33867431640624,0.7904,0.0391,1.03,HOLD
2026-06-25,18.889999389648438,4.3919997215271,AEP,American Electric Power Company,137.0,1.51,16.0,10.0,9.5,12.5,15.0,5.0,68.0,False,67.6816332702289,0.77,129.01800041198732,130.9836149851481,127.35211251576742,121.98944286346436,1.1483,-0.0933,5.28,HOLD
2026-06-25,18.889999389648438,4.3919997215271,PEP,"Pepsico, Inc.",139.52000427246094,-1.93,24.0,10.0,8.5,12.5,7.5,5.0,67.5,False,37.92571020170112,0.75,142.39898529052735,148.95752919514973,151.09409052530924,147.44634574890136,0.1318,0.0459,-9.21,HOLD
2026-06-25,18.889999389648438,4.3919997215271,AXON,"Axon Enterprise, Inc.",444.7300109863281,-2.63,30.0,11.5,7.0,12.5,1.5,5.0,67.5,False,52.65917616729969,0.7,453.2235046386719,413.8688349405924,467.55500005086265,538.5856010437012,0.4179,0.0017,4.72,HOLD
2026-06-25,18.889999389648438,4.3919997215271,ALNY,"Alnylam Pharmaceuticals, Inc.",293.1700134277344,-0.3,22.5,16.0,6.5,12.5,4.5,5.0,67.0,False,50.6151592324918,0.86,291.68500061035155,302.4141667683919,321.4319163004557,371.1625,0.5478,0.0052,-11.39,HOLD
2026-06-25,18.889999389648438,4.3919997215271,REGN,"Regeneron Pharmaceuticals, Inc.",620.1400146484375,-0.53,20.0,14.0,10.0,12.5,3.5,5.0,65.0,False,43.87439281625585,0.59,614.8740020751953,684.13896484375,723.9813975016276,696.537631225586,0.6524,0.0503,-19.62,HOLD
2026-06-25,18.889999389648438,4.3919997215271,CHTR,"Charter Communications, Inc.",129.64999389648438,-1.35,20.5,17.5,6.0,12.5,3.5,5.0,65.0,False,37.60801281146852,0.57,135.8379997253418,169.0178332010905,192.8300833384196,208.98355010986327,0.273,0.1313,-39.94,HOLD
2026-06-25,18.889999389648438,4.3919997215271,CEG,Constellation Energy Corporatio,268.69000244140625,0.27,30.0,5.5,7.0,12.5,4.5,5.0,64.5,False,48.44484408954772,0.67,264.9095008850098,282.55922571818036,293.0521673838297,317.78640617370604,0.5784,-0.0467,-3.63,HOLD
2026-06-25,18.889999389648438,4.3919997215271,PDD,PDD Holdings Inc.,73.30000305175781,-3.22,20.5,16.0,4.0,12.5,6.0,5.0,64.0,False,23.986920949280204,1.39,81.83699989318848,93.34416669209799,99.25033340454101,109.6175,-0.054,0.6867,-28.26,HOLD
2026-06-25,18.889999389648438,4.3919997215271,TMUS,"T-Mobile US, Inc.",181.57000732421875,0.43,18.5,17.5,5.0,12.5,5.5,5.0,64.0,False,44.31291261404492,0.67,183.46050109863282,189.70500208536785,196.65786565144856,203.78410568237305,0.3801,0.0567,-13.08,HOLD
2026-06-25,18.889999389648438,4.3919997215271,ADP,"Automatic Data Processing, Inc.",216.30999755859375,-1.61,20.0,13.0,7.0,12.5,6.5,5.0,64.0,False,45.31459334068161,0.78,223.78422317504882,211.69622879028321,219.0835158030192,237.69880111694337,0.1458,0.0549,7.27,HOLD
2026-06-25,18.889999389648438,4.3919997215271,HON,Honeywell International Inc.,231.24000549316406,1.68,11.0,11.5,9.0,12.5,14.5,5.0,63.5,False,57.394759380181654,0.85,224.6984992980957,222.26730626424154,224.42996482849122,212.0374850463867,0.6876,0.02,2.87,HOLD
2026-06-25,18.889999389648438,4.3919997215271,SHOP,Shopify Inc.,111.62000274658203,-2.23,20.5,13.0,7.5,12.5,4.5,5.0,63.0,False,50.799698941035494,0.83,112.28050003051757,114.14816703796387,122.8781665166219,136.90405002593994,0.4615,0.0087,-5.9,HOLD
2026-06-25,18.889999389648438,4.3919997215271,PANW,"Palo Alto Networks, Inc.",293.0899963378906,2.74,17.0,10.0,8.0,12.5,10.5,5.0,63.0,False,66.1396480486217,0.95,280.4044982910156,222.91199951171876,195.51841659545897,198.0370999145508,0.7729,0.015,82.82,HOLD
2026-06-25,18.889999389648438,4.3919997215271,ORLY,"O'Reilly Automotive, Inc.",86.9000015258789,-1.05,21.5,11.5,8.5,12.5,4.0,5.0,63.0,False,41.899948979181936,0.78,88.46249961853027,91.26716601053873,92.53941631317139,95.22699977874755,0.2665,0.0185,-5.86,HOLD
2026-06-25,18.889999389648438,4.3919997215271,CTSH,Cognizant Technology Solutions ,39.150001525878906,-5.53,18.5,17.5,4.5,12.5,4.5,5.0,62.5,False,21.39762951583758,1.0,50.0439998626709,53.26328264872233,62.139402866363525,66.2793927192688,0.0025,0.1031,-35.74,HOLD
2026-06-25,18.889999389648438,4.3919997215271,XEL,Xcel Energy Inc.,81.75,0.34,12.5,10.0,9.5,12.5,13.0,5.0,62.5,False,62.752209702470296,0.77,78.34281120300292,79.21329956054687,78.29478708902995,77.47865703582764,1.0588,-0.1464,3.68,HOLD
2026-06-25,18.889999389648438,4.3919997215271,VRSK,"Verisk Analytics, Inc.",177.0399932861328,-1.68,19.0,11.5,8.0,12.5,6.0,5.0,62.0,False,50.39368902680448,0.53,178.27901458740234,175.72177734375,188.97001736958822,205.07171936035155,0.4213,0.0407,-6.44,HOLD
2026-06-25,18.889999389648438,4.3919997215271,SNPS,"Synopsys, Inc.",455.0199890136719,-1.92,18.5,11.5,7.0,12.5,7.5,5.0,62.0,False,42.1982479097971,0.7,469.43800201416013,470.0391677856445,461.5155855814616,456.6871014404297,0.287,0.0406,14.76,HOLD
2026-06-25,18.889999389648438,4.3919997215271,WMT,Walmart Inc.,115.77999877929688,-2.71,19.5,7.0,8.5,12.5,8.5,5.0,61.0,False,37.555587712364094,0.81,118.25999908447265,124.51675923665364,123.4050516764323,116.39509483337402,0.2232,0.0074,-6.66,HOLD
2026-06-25,18.889999389648438,4.3919997215271,CTAS,Cintas Corporation,169.08999633789062,-1.08,20.0,10.0,9.0,12.5,4.5,5.0,61.0,False,43.54037190762672,0.49,174.36749954223632,172.7149553934733,182.0387866973877,185.14406173706055,0.1874,0.0223,0.24,HOLD
2026-06-25,18.889999389648438,4.3919997215271,ODFL,"Old Dominion Freight Line, Inc.",220.1199951171875,0.49,8.0,10.0,10.0,12.5,15.5,5.0,61.0,False,46.55057283659446,0.58,231.82630081176757,215.26335983276368,200.596520614624,177.43144752502442,0.244,0.0188,12.79,HOLD
2026-06-25,18.889999389648438,4.3919997215271,KHC,The Kraft Heinz Company,23.469999313354492,2.31,12.5,14.5,5.0,12.5,11.0,5.0,60.5,False,53.51324677661903,1.04,23.245292758941652,22.719100125630696,22.780190213521323,23.27282033920288,0.5787,0.1154,6.25,HOLD
2026-06-25,18.889999389648438,4.3919997215271,ZS,"Zscaler, Inc.",123.80000305175781,-2.73,19.5,15.5,5.0,12.5,2.0,5.0,59.5,False,40.564253936033325,0.38,130.6834987640381,139.55833257039387,158.76304143269857,208.61117500305176,0.285,0.0554,-11.75,WEAK
2026-06-25,18.889999389648438,4.3919997215271,TRI,Thomson Reuters Corp,81.01000213623047,0.04,21.5,14.0,3.5,12.5,2.5,5.0,59.0,False,46.092544602027814,0.86,82.71600074768067,86.184215037028,93.7423152923584,113.11277877807618,0.3871,0.0474,-7.89,WEAK
2026-06-25,18.889999389648438,4.3919997215271,INTC,Intel Corporation,132.8699951171875,0.93,3.5,17.0,7.0,12.5,14.0,5.0,59.0,False,60.522596033022616,0.9,119.04949951171875,98.56983311971028,72.21766662597656,57.71269996643066,0.806,-0.0124,201.09,WEAK
2026-06-25,18.889999389648438,4.3919997215271,PYPL,"PayPal Holdings, Inc.",42.380001068115234,-0.24,15.0,16.0,8.0,12.5,2.5,5.0,59.0,False,45.35300482035211,0.52,42.53360557556152,45.441145197550455,46.74757483800252,54.02271429061889,0.4693,0.1092,-5.99,WEAK
2026-06-25,18.889999389648438,4.3919997215271,MELI,"MercadoLibre, Inc.",1619.25,-2.43,18.0,14.0,7.0,12.5,2.5,5.0,59.0,False,47.0262050294749,0.84,1637.8244995117188,1709.23583984375,1820.8032552083334,1958.457554321289,0.3855,-0.05,-6.35,WEAK
2026-06-25,18.889999389648438,4.3919997215271,IDXX,"IDEXX Laboratories, Inc.",554.9400024414062,1.05,24.5,7.0,7.5,12.5,1.5,5.0,58.0,False,48.899204653783904,0.92,559.7454986572266,562.0613301595052,602.3169138590495,630.6233474731446,0.3755,0.018,-1.24,WEAK
2026-06-25,18.889999389648438,4.3919997215271,KDP,Keurig Dr Pepper Inc.,32.52000045776367,3.57,6.5,12.5,7.5,12.5,12.5,5.0,56.5,False,69.18797554357744,1.35,30.98600015640259,28.878500175476074,28.349762439727783,27.729231538772584,1.0361,-0.3694,23.51,WEAK
2026-06-25,18.889999389648438,4.3919997215271,GEHC,GE HealthCare Technologies Inc.,64.94000244140625,0.09,14.0,11.5,8.5,12.5,4.5,5.0,56.0,False,54.11783013215319,0.88,63.47150020599365,65.85700689951578,72.39996620814006,74.36708726882935,0.7443,0.0502,-8.72,WEAK
2026-06-25,18.889999389648438,4.3919997215271,INSM,Insmed Incorporated,104.47000122070312,0.98,15.0,14.0,6.5,12.5,2.5,5.0,55.5,False,49.84662377583339,0.88,100.18100013732911,122.6043327331543,138.09225018819174,152.73804977416992,0.7225,-0.0268,-36.11,WEAK
2026-06-25,18.889999389648438,4.3919997215271,TTWO,"Take-Two Interactive Software, ",238.72000122070312,1.25,10.5,8.5,9.0,12.5,10.0,5.0,55.5,False,62.43404271102104,0.89,223.3665008544922,219.0370002746582,218.428667195638,230.82390007019043,0.8493,0.0327,20.87,WEAK
2026-06-25,18.889999389648438,4.3919997215271,CRWD,"CrowdStrike Holdings, Inc.",678.6500244140625,0.84,13.0,5.5,8.0,12.5,10.5,5.0,54.5,False,56.04582372746561,0.62,693.2440002441406,556.9488337198893,490.6881665547689,494.589500579834,0.4029,0.0112,73.83,WEAK
2026-06-25,18.889999389648438,4.3919997215271,CPRT,"Copart, Inc.",30.049999237060547,-1.15,20.5,7.0,7.0,12.5,2.0,5.0,54.0,False,41.04097110552293,0.61,30.848499870300294,32.476333427429196,35.06033347447713,38.01165002822876,0.3019,0.0359,-9.49,WEAK
2026-06-25,18.889999389648438,4.3919997215271,DASH,"DoorDash, Inc.",176.91000366210938,-0.57,19.0,7.0,7.0,12.5,3.0,5.0,53.5,False,60.8306380438078,0.6,162.45900039672853,164.08558349609376,174.72245826721192,200.914949798584,0.9064,0.0298,17.82,WEAK
2026-06-25,18.889999389648438,4.3919997215271,FER,Ferrovial N.V.,70.19999694824219,0.96,8.5,4.0,8.5,12.5,13.0,5.0,51.5,False,58.19916047128988,0.75,67.84349975585937,68.22640749613444,67.80345455805461,65.35233060836792,0.8395,0.0064,8.97,WEAK
2026-06-25,18.889999389648438,4.3919997215271,WBD,"Warner Bros. Discovery, Inc. - ",26.979999542236328,-0.81,8.5,5.5,8.0,12.5,11.5,5.0,51.0,False,51.97052067508081,0.79,26.785000038146972,27.07066666285197,27.537833340962727,25.452850041389464,0.6401,0.273,-1.75,WEAK
2026-06-25,18.889999389648438,4.3919997215271,FANG,"Diamondback Energy, Inc.",182.5500030517578,-0.51,11.0,4.0,9.0,12.5,9.5,5.0,51.0,False,38.98360170939995,0.59,192.7354995727539,194.2746950785319,181.07496757507323,166.21882278442382,0.1511,0.0272,-7.2,WEAK
2026-06-25,18.889999389648438,4.3919997215271,EXC,Exelon Corporation,46.75,-0.32,7.0,5.5,8.0,12.5,13.0,5.0,51.0,False,59.02566982801751,1.03,45.60471649169922,45.93999691009522,45.867229302724205,45.20923418045044,0.867,-0.0587,-3.73,WEAK
2026-06-25,18.889999389648438,4.3919997215271,MSTR,Strategy Inc,85.33000183105469,-9.35,14.0,11.5,2.0,12.5,4.5,5.0,49.5,False,24.421908281333117,1.82,122.62199897766114,147.71416664123535,145.4855832417806,187.18395027160645,-0.0157,-0.285,-31.63,SELL
2026-06-25,18.889999389648438,4.3919997215271,TSLA,"Tesla, Inc.",375.1199951171875,-0.11,16.0,7.0,6.5,12.5,2.5,5.0,49.5,False,38.93697583218338,0.62,404.67249908447263,396.96666717529297,404.79516652425133,417.80100021362307,0.1044,0.0037,0.91,SELL
2026-06-25,18.889999389648438,4.3919997215271,CMCSA,Comcast Corporation,22.690000534057617,0.22,17.0,5.5,7.0,12.5,2.0,5.0,49.0,False,33.605299787859224,0.72,23.692499923706055,25.941666507720946,27.73453728357951,27.335637130737304,0.2198,0.0495,-20.05,SELL
